Date,Ticker,Open,High,Low,Close,Volume,Daily_Return,Cumulative_Return,SMA_50,SMA_200,Volatility_21D,Running_Peak,Drawdown_Pct,Avg_Volume_50,Is_Breakout_Day
2023-01-03,AMZN,85.45999908447266,86.95999908447266,84.20999908447266,85.81999969482422,76706000,,,,,,85.81999969482422,0.0,,False
2023-01-04,AMZN,86.55000305175781,86.9800033569336,83.36000061035156,85.13999938964844,68885100,-0.007923564525679994,-0.007923564525679994,,,,85.81999969482422,-0.7923564525680042,,False
2023-01-05,AMZN,85.33000183105469,85.41999816894531,83.06999969482422,83.12000274658203,67930800,-0.023725589118479662,-0.03146116240786956,,,,85.81999969482422,-3.1461162407869634,,False
2023-01-06,AMZN,83.02999877929688,86.4000015258789,81.43000030517578,86.08000183105469,83303400,0.035611152390083056,0.0030296217333376507,,,,86.08000183105469,0.0,,False
2023-01-09,AMZN,87.45999908447266,89.4800033569336,87.08000183105469,87.36000061035156,65266100,0.01486987397850048,0.01794454580521543,,,,87.36000061035156,0.0,,False
2023-01-10,AMZN,87.56999969482422,90.19000244140625,87.29000091552734,89.87000274658203,67756600,0.028731709234134817,0.0471918325117644,,,,89.87000274658203,0.0,,False
2023-01-11,AMZN,90.93000030517578,95.26000213623047,90.93000030517578,95.08999633789062,103126200,0.058083825879343465,0.1080167405736483,,,,95.08999633789062,0.0,,False
2023-01-12,AMZN,96.93000030517578,97.19000244140625,93.5,95.2699966430664,85254800,0.0018929468094222024,0.11011415732750351,,,,95.2699966430664,0.0,,False
2023-01-13,AMZN,94.18000030517578,98.37000274658203,94.12000274658203,98.12000274658203,85549400,0.029915043601747016,0.14332327074687234,,,,98.12000274658203,0.0,,False
2023-01-17,AMZN,98.68000030517578,98.88999938964844,95.7300033569336,96.05000305175781,72755000,-0.02109661268732821,0.11920302252751624,,,,98.12000274658203,-2.1096612687328187,,False
2023-01-18,AMZN,97.25,99.31999969482422,95.37999725341797,95.45999908447266,79570400,-0.006142675153973931,0.11232812192878394,,,,98.12000274658203,-2.7109698202714685,,False
2023-01-19,AMZN,94.73999786376953,95.44000244140625,92.86000061035156,93.68000030517578,69002700,-0.01864654092151996,0.0915870500850815,,,,98.12000274658203,-4.525073702732764,,False
2023-01-20,AMZN,93.86000061035156,97.3499984741211,93.19999694824219,97.25,67481500,0.03810845093076898,0.1331857416199116,,,,98.12000274658203,-0.8866721588145668,,False
2023-01-23,AMZN,97.55999755859375,97.77999877929688,95.86000061035156,97.5199966430664,76501100,0.002776315095798454,0.1363318223007146,,,,98.12000274658203,-0.611502330534256,,False
2023-01-24,AMZN,96.93000030517578,98.08999633789062,96.0,96.31999969482422,66929500,-0.012305137300550828,0.12234910320831927,,,,98.12000274658203,-1.8344914404525074,,False
2023-01-25,AMZN,92.55999755859375,97.23999786376953,91.5199966430664,97.18000030517578,94261600,0.008928577793566816,0.1323700844878546,,,,98.12000274658203,-0.958013060633546,,False
2023-01-26,AMZN,98.23999786376953,99.48999786376953,96.91999816894531,99.22000122070312,68523600,0.02099198301215366,0.15614077806489468,,,,99.22000122070312,0.0,,False
2023-01-27,AMZN,99.52999877929688,103.48999786376953,99.52999877929688,102.23999786376953,87775600,0.03043737760442866,0.1913306714907339,,,,102.23999786376953,0.0,,False
2023-01-30,AMZN,101.08999633789062,101.73999786376953,99.01000213623047,100.55000305175781,70691900,-0.01652968356145279,0.1716383524739391,,,,102.23999786376953,-1.6529683561452784,,False
2023-01-31,AMZN,101.16000366210938,103.3499984741211,101.13999938964844,103.12999725341797,66527300,0.025658817736008643,0.20170120741258546,,,,103.12999725341797,0.0,,False
2023-02-01,AMZN,102.52999877929688,106.23999786376953,101.23999786376953,105.1500015258789,80450100,0.019586971068148662,0.2252388941947352,,,,105.1500015258789,0.0,,False
2023-02-02,AMZN,110.25,114.0,108.87999725341797,112.91000366210938,158154200,0.07379935352944922,0.3156607325054439,,,0.026503401143375287,112.91000366210938,0.0,,False
2023-02-03,AMZN,105.26000213623047,108.77999877929688,102.5199966430664,103.38999938964844,144374800,-0.08431497620839845,0.20473082914592333,,,0.033820145336152165,112.91000366210938,-8.431497620839847,,False
2023-02-06,AMZN,102.93000030517578,103.94999694824219,100.6500015258789,102.18000030517578,81945200,-0.011703250716856073,0.19063156220610278,,,0.03332164078196102,112.91000366210938,-9.503146761950195,,False
2023-02-07,AMZN,101.16999816894531,102.41000366210938,98.08000183105469,102.11000061035156,119501300,-0.0006850625818668465,0.18981590507404578,,,0.03288772841674123,112.91000366210938,-9.565142769880278,,False
2023-02-08,AMZN,102.04000091552734,102.66999816894531,98.77999877929688,100.05000305175781,75878300,-0.02017429777965274,0.16581220470211488,,,0.03344255292214171,112.91000366210938,-11.38960250930109,,False
2023-02-09,AMZN,101.31999969482422,101.77999877929688,97.56999969482422,98.23999786376953,64622500,-0.01809100582487666,0.1447214893161366,,,0.033483112356034746,112.91000366210938,-12.992653726449962,,False
2023-02-10,AMZN,97.55999755859375,98.81999969482422,96.2300033569336,97.61000061035156,52740100,-0.006412838631079665,0.13738057512762314,,,0.0312321546258287,112.91000366210938,-13.550617797820713,,False
2023-02-13,AMZN,97.8499984741211,99.68000030517578,96.91000366210938,99.54000091552734,52841500,0.019772567289289666,0.159869509082865,,,0.03147999920681732,112.91000366210938,-11.841291571110604,,False
2023-02-14,AMZN,98.41000366210938,100.91999816894531,97.5199966430664,99.69999694824219,56202900,0.0016073541414833858,0.1617338301418696,,,0.030850091926320215,112.91000366210938,-11.699589306009592,,False
2023-02-15,AMZN,99.08999633789062,101.16999816894531,98.44999694824219,101.16000366210938,47957600,0.014643999584324163,0.17874625986756243,,,0.03054185056183385,112.91000366210938,-10.406518128511136,,False
2023-02-16,AMZN,99.20999908447266,100.62999725341797,98.0999984741211,98.1500015258789,56339200,-0.02975486385196624,0.1436728253891888,,,0.03131695007814713,112.91000366210938,-13.07235998362089,,False
2023-02-17,AMZN,97.80000305175781,97.94000244140625,95.6500015258789,97.19999694824219,60029400,-0.009679109147912035,0.13260309128274583,,,0.03108455992244422,112.91000366210938,-13.913742099309834,,False
2023-02-21,AMZN,95.33999633789062,95.61000061035156,94.2699966430664,94.58000183105469,56580400,-0.02695468312187932,0.10207413385435848,,,0.030567020182143724,112.91000366210938,-16.234169902171313,,False
2023-02-22,AMZN,95.0999984741211,97.01000213623047,94.80000305175781,95.79000091552734,59534100,0.012793392483054111,0.11617340079417926,,,0.03070471828031291,112.91000366210938,-15.162520761060966,,False
2023-02-23,AMZN,96.12000274658203,96.43000030517578,93.66999816894531,95.81999969482422,48467000,0.000313172345862478,0.11652295543649527,,,0.03058330444618121,112.91000366210938,-15.135952008670655,,False
2023-02-24,AMZN,93.52999877929688,94.13999938964844,92.31999969482422,93.5,57053800,-0.024212061179431754,0.08948963333122695,,,0.030963153465676102,112.91000366210938,-17.190685530570956,,False
2023-02-27,AMZN,94.27999877929688,94.77999877929688,93.13999938964844,93.76000213623047,47470300,0.0027807715104863906,0.0925192550645646,,,0.030557714211007447,112.91000366210938,-16.96041174809147,,False
2023-02-28,AMZN,93.13999938964844,94.69000244140625,92.91999816894531,94.2300033569336,43959300,0.005012811540044737,0.09799584819407325,,,0.02968947613384844,112.91000366210938,-16.54414994182173,,False
2023-03-01,AMZN,93.87000274658203,94.68000030517578,91.58999633789062,92.16999816894531,52299500,-0.02186145722806776,0.07399205892218252,,,0.02982935027783938,112.91000366210938,-18.368616438300627,,False
2023-03-02,AMZN,91.41000366210938,92.2300033569336,90.38999938964844,92.12999725341797,55509400,-0.00043399062951077205,0.07352595643244131,,,0.029078923057744278,112.91000366210938,-18.404043693840404,,False
2023-03-03,AMZN,92.73999786376953,94.94000244140625,92.66000366210938,94.9000015258789,55759600,0.030066258059702422,0.10580286487232793,,,0.029606197463808156,112.91000366210938,-15.950758614911207,,False
2023-03-06,AMZN,95.19000244140625,96.55000305175781,93.73999786376953,93.75,52112400,-0.012118034851298809,0.09240270721713895,,,0.023573874912866867,112.91000366210938,-16.969270251240935,,False
2023-03-07,AMZN,94.05999755859375,95.08999633789062,92.77999877929688,93.55000305175781,49100700,-0.0021333007812499583,0.09007228366839315,,,0.015957209383973672,112.91000366210938,-17.14639977188172,,False
2023-03-08,AMZN,93.5999984741211,94.16999816894531,92.18000030517578,93.91999816894531,44899100,0.003955051898638651,0.09438357612356918,,,0.015975978862415547,112.91000366210938,-16.818709482990457,,False
2023-03-09,AMZN,93.68000030517578,96.20999908447266,92.18000030517578,92.25,56218700,-0.017781071140368643,0.07492426390166496,,,0.016238247213884477,112.91000366210938,-18.297761927221078,,False
2023-03-10,AMZN,92.66999816894531,93.56999969482422,90.25,90.7300033569336,69827500,-0.0164769283801236,0.057212813791300166,,,0.016081341686488514,112.91000366210938,-19.643963852442067,,False
2023-03-13,AMZN,89.97000122070312,94.0199966430664,88.12000274658203,92.43000030517578,72397100,0.01873687738723384,0.07702168065552017,,,0.016529473648887162,112.91000366210938,-18.138342655821138,,False
2023-03-14,AMZN,93.83000183105469,95.06999969482422,92.70999908447266,94.87999725341797,60912700,0.0265065123894086,0.10556976917747729,,,0.01768700591608399,112.91000366210938,-15.968475621210136,,False
2023-03-15,AMZN,93.22000122070312,96.66999816894531,93.06999969482422,96.19999694824219,70731800,0.01391230747297123,0.12095079573909628,95.92900024414062,,0.0173831701965239,112.91000366210938,-14.79940321662993,70553382.0,True
2023-03-16,AMZN,95.75,100.98999786376953,95.61000061035156,100.04000091552734,84446900,0.03991688242309577,0.16569565685468945,96.2134002685547,,0.01959306586417663,112.91000366210938,-11.398461012450555,70708200.0,True
2023-03-17,AMZN,99.79000091552734,100.66000366210938,97.45999908447266,98.94999694824219,87300200,-0.010895681300578386,0.15299460848413227,96.48960021972657,,0.01945323248547378,112.91000366210938,-12.363835143999664,71076502.0,True
2023-03-20,AMZN,98.41000366210938,98.4800033569336,95.69999694824219,97.70999908447266,62388900,-0.012531560404374087,0.1385457869019957,96.78140014648437,,0.01851507065046679,112.91000366210938,-13.462053037500322,70965664.0,False
2023-03-21,AMZN,98.13999938964844,100.8499984741211,98.0,100.61000061035156,58597300,0.029679680207260972,0.17233746175857134,97.0720001220703,,0.019459766787774817,112.91000366210938,-10.893634445860423,70471542.0,False
2023-03-22,AMZN,100.44999694824219,102.0999984741211,98.61000061035156,98.69999694824219,57475400,-0.018984232685839597,0.15008153459822005,97.29880004882813,,0.018941247741188938,112.91000366210938,-12.585250423329688,70315728.0,False
2023-03-23,AMZN,100.43000030517578,101.05999755859375,97.62000274658203,98.70999908447266,57559300,0.00010133876939955044,0.15019808244564548,97.47559997558594,,0.018788275258159518,112.91000366210938,-12.576391920180225,70111782.0,False
2023-03-24,AMZN,98.06999969482422,98.30000305175781,96.4000015258789,98.12999725341797,56095400,-0.005875816395847999,0.14343972969433838,97.53639999389648,,0.018857844746061954,112.91000366210938,-13.090076989919822,69171166.0,False
2023-03-27,AMZN,99.06999969482422,99.33999633789062,97.08000183105469,98.04000091552734,46721300,-0.0009171134251457769,0.14239106576739058,97.5918000793457,,0.01794496171808421,112.91000366210938,-13.169783247090749,68400496.0,False
2023-03-28,AMZN,98.11000061035156,98.44000244140625,96.29000091552734,97.23999786376953,38720100,-0.00815996577200262,0.13306919377248705,97.57419998168945,,0.018091947259644747,112.91000366210938,-13.87831484377006,67463910.0,False
2023-03-29,AMZN,98.69000244140625,100.41999816894531,98.55999755859375,100.25,49783300,0.0309543624265336,0.1681426282508609,97.6581999206543,,0.019169298158561783,112.91000366210938,-11.212472988660306,67004476.0,False
2023-03-30,AMZN,101.55000305175781,103.04000091552734,101.01000213623047,102.0,53633400,0.0174563591022443,0.18853414545224734,97.78899993896485,,0.018515614091083092,112.91000366210938,-9.662566033350135,66485736.0,False
2023-03-31,AMZN,102.16000366210938,103.48999786376953,101.94999694824219,103.29000091552734,56750300,0.012647067799287592,0.20356561737155032,97.98119995117187,,0.01854371577499558,112.91000366210938,-8.52006238116024,66240688.0,False
2023-04-03,AMZN,102.30000305175781,103.29000091552734,101.43000030517578,102.41000366210938,41135700,-0.008519675143944028,0.1933116292971242,98.08440002441407,,0.017901038090371295,112.91000366210938,-9.299441731861014,65713772.0,False
2023-04-04,AMZN,102.75,104.19999694824219,102.11000061035156,103.94999694824219,48662500,0.015037527888523972,0.2112560862023798,98.21300003051758,,0.017674234898435903,112.91000366210938,-7.935529557399182,65157000.0,False
2023-04-05,AMZN,103.91000366210938,103.91000366210938,100.75,101.0999984741211,45175400,-0.027417013542964663,0.1780470616829708,98.30860000610352,,0.01900135627475966,112.91000366210938,-10.45966239034984,64721918.0,False
2023-04-06,AMZN,100.75,102.37999725341797,99.80000305175781,102.05999755859375,43808000,0.009495540049077267,0.18923325473687935,98.40619995117187,,0.019040967652793006,112.91000366210938,-9.609428528569518,63712846.0,False
2023-04-10,AMZN,100.95999908447266,102.19999694824219,99.56999969482422,102.16999816894531,37261200,0.0010778033801970288,0.19051501435867757,98.46519989013672,,0.01838909280912429,112.91000366210938,-9.51200526509966,63087598.0,False
2023-04-11,AMZN,100.80000305175781,101.0,99.01000213623047,99.91999816894531,60417800,-0.022022120390757682,0.16429734938546625,98.41879989624023,,0.018749720050454787,112.91000366210938,-11.504742779069877,62540442.0,False
2023-04-12,AMZN,100.4000015258789,100.51000213623047,97.70999908447266,97.83000183105469,56735000,-0.020916697119598093,0.13994409437121957,98.36439987182617,,0.019262666134204406,112.91000366210938,-13.355771270880998,62261304.0,False
2023-04-13,AMZN,98.94999694824219,102.56999969482422,98.70999908447266,102.4000015258789,67925100,0.046713683014299345,0.1931950814496992,98.3497999572754,,0.020933962205034174,112.91000366210938,-9.308300235010481,62289260.0,True
2023-04-14,AMZN,102.06999969482422,103.19999694824219,101.11000061035156,102.51000213623047,51450500,0.001074224694457282,0.19447684107149743,98.29699996948243,,0.02081237969960462,112.91000366210938,-9.210876971540623,61709268.0,False
2023-04-17,AMZN,103.16000366210938,103.7300033569336,101.58999633789062,102.73999786376953,39919500,0.0022436418178335416,0.19715681926255924,98.09359985351563,,0.019040571971518636,112.91000366210938,-9.007178698509529,59344574.0,False
2023-04-18,AMZN,103.94999694824219,104.19999694824219,101.5199966430664,102.30000305175781,39790500,-0.004282604839014548,0.1920298696753262,98.07179992675782,,0.018880364704603428,112.91000366210938,-9.396864995330873,57252888.0,False
2023-04-19,AMZN,101.58000183105469,105.12000274658203,101.38999938964844,104.30000305175781,58398900,0.019550341547772243,0.2153344607626253,98.11419998168945,,0.018964337206169243,112.91000366210938,-7.625542760690679,56781962.0,True
2023-04-20,AMZN,103.52999877929688,105.25,103.20999908447266,103.80999755859375,57696900,-0.0046980391066805405,0.209624771938266,98.14819992065429,,0.018032657368053744,112.91000366210938,-8.059521573259348,55545874.0,True
2023-04-21,AMZN,106.0999984741211,108.1500015258789,105.08000183105469,106.95999908447266,86774200,0.03034391291745231,0.24632952068075387,98.2863998413086,,0.018419640660234653,112.91000366210938,-5.269687702289427,55763792.0,True
2023-04-24,AMZN,107.66000366210938,109.2300033569336,105.06999969482422,106.20999908447266,69575600,-0.007011967150520215,0.23759029902301676,98.44579986572266,,0.01855968871416017,112.91000366210938,-5.933933540279499,55862854.0,True
2023-04-25,AMZN,104.91000366210938,105.44999694824219,102.44999694824219,102.56999969482422,65026800,-0.03427172037496595,0.19517595035612945,98.54499984741211,,0.02024659714602732,112.91000366210938,-9.157739466760004,56108588.0,True
2023-04-26,AMZN,105.04000091552734,106.62000274658203,104.0999984741211,104.9800033569336,73803800,0.023496184744855597,0.2232580252883054,98.65379989624023,,0.020747121074172745,112.91000366210938,-7.0232929306306895,56527834.0,True
2023-04-27,AMZN,108.16000366210938,110.86000061035156,106.80000305175781,109.81999969482422,149961200,0.046103983455159314,0.2796550930475883,98.85619995117187,,0.022529372220400367,112.91000366210938,-2.736696366189303,58403000.0,True
2023-04-28,AMZN,107.7300033569336,109.4800033569336,104.33000183105469,105.44999694824219,130715900,-0.039792412663683385,0.22873452951785445,98.94199981689454,,0.023868855966408364,112.91000366210938,-6.6070378814190365,60058166.0,True
2023-05-01,AMZN,104.94999694824219,105.2300033569336,101.81999969482422,102.05000305175781,74728100,-0.032242712137328766,0.1891167957894142,99.01999984741211,,0.02477722182395062,112.91000366210938,-9.618280274660897,60425944.0,True
2023-05-02,AMZN,101.47000122070312,103.9000015258789,101.1500015258789,103.62999725341797,73469400,0.015482549283793778,0.2075273551844108,99.14859985351562,,0.02485538961715764,112.91000366210938,-8.21894084465929,60694744.0,True
2023-05-03,AMZN,103.73999786376953,105.95999908447266,103.27999877929688,103.6500015258789,65051900,0.00019303553981586674,0.2077604508792612,99.32999984741211,,0.024770757573659038,112.91000366210938,-8.20122383836036,60864174.0,True
2023-05-04,AMZN,104.04000091552734,105.38999938964844,103.30999755859375,104.0,45345500,0.0033767339022539034,0.21183873653954666,99.49419982910156,,0.024567023822761932,112.91000366210938,-7.891243798709942,60580402.0,False
2023-05-05,AMZN,104.2699966430664,105.76000213623047,103.55000305175781,105.66000366210938,56951700,0.015961573674128537,0.2311815898139855,99.69099990844727,,0.0239347124738307,112.91000366210938,-6.421043100570702,60750096.0,False
2023-05-08,AMZN,105.04000091552734,106.0999984741211,104.69999694824219,105.83000183105469,49430900,0.0016089169321718,0.23316245872041552,99.93759994506836,,0.02387920865377504,112.91000366210938,-6.270482332320225,60597638.0,False
2023-05-09,AMZN,105.4800033569336,106.79000091552734,105.16000366210938,106.62000274658203,44089400,0.00746481056277859,0.24236778286789362,100.1947999572754,,0.023907541040307824,112.91000366210938,-5.570809238790378,60530020.0,False
2023-05-10,AMZN,108.0999984741211,110.66999816894531,108.05000305175781,110.19000244140625,78627600,0.03348339526223332,0.2839664744027237,100.51399993896484,,0.024150717477969284,112.91000366210938,-2.4089993202399564,61223386.0,True
2023-05-11,AMZN,111.02999877929688,113.27999877929688,110.48999786376953,112.18000030517578,74924800,0.01805969525073481,0.3071545176425974,100.91419998168945,,0.023554019846040494,112.91000366210938,-0.646535588749228,61675892.0,True
2023-05-12,AMZN,112.16000366210938,112.63999938964844,109.31999969482422,110.26000213623047,49852700,-0.01711533396079623,0.2847821315347807,101.2768000793457,,0.02222725710935082,112.91000366210938,-2.3470033123098735,61562758.0,False
2023-05-15,AMZN,111.1500015258789,112.29000091552734,109.25,111.19999694824219,53011100,0.008525256609829501,0.2957352288938384,101.60279998779296,,0.022241651627517043,112.91000366210938,-1.5144864568284802,61507788.0,False
2023-05-16,AMZN,111.05000305175781,114.79000091552734,111.05000305175781,113.4000015258789,71472900,0.01978421437062372,0.32137033242984336,101.99580001831055,,0.022495649902025495,113.4000015258789,0.0,61894998.0,True
2023-05-17,AMZN,114.88999938964844,115.83000183105469,114.22000122070312,115.5,65655200,0.018518504813616277,0.34584013529151525,102.43479995727539,,0.022577688458571894,115.5,0.0,62226088.0,True
2023-05-18,AMZN,116.69000244140625,118.5999984741211,116.33999633789062,118.1500015258789,73174100,0.022943736154795724,0.37671873626217844,102.91940002441406,,0.02269108317784916,118.1500015258789,0.0,62791588.0,True
2023-05-19,AMZN,118.16000366210938,118.30999755859375,115.69999694824219,116.25,55056300,-0.01608126535201726,0.3545793569492526,103.39940002441406,,0.023096793927022914,118.1500015258789,-1.6081265352017287,62768340.0,False
2023-05-22,AMZN,116.7699966430664,116.7699966430664,114.25,115.01000213623047,70741100,-0.010666648290490577,0.340130535367116,103.885,,0.022634376410332623,118.1500015258789,-2.657638044093186,62786612.0,True
2023-05-23,AMZN,114.2699966430664,117.13999938964844,113.77999877929688,114.98999786376953,67576300,-0.00017393506729301844,0.3398974396722656,104.33619995117188,,0.02252138533030162,118.1500015258789,-2.6745692943704498,62690196.0,True
2023-05-24,AMZN,115.3499984741211,117.33999633789062,115.0199966430664,116.75,63487900,0.015305697616548875,0.36040550472107724,104.77360000610352,,0.02084130133441251,118.1500015258789,-1.1849356815896934,62741700.0,True
2023-05-25,AMZN,116.62999725341797,116.87000274658203,114.30999755859375,115.0,66496700,-0.01498929336188437,0.3400139875196906,105.14960006713868,,0.020953863474600393,118.1500015258789,-2.6661036692318176,62656998.0,True
2023-05-26,AMZN,116.04000091552734,121.5,116.0199966430664,120.11000061035156,96779900,0.04443478791610045,0.3995572248597361,105.55100006103515,,0.02079092332439586,120.11000061035156,0.0,62903658.0,True
2023-05-30,AMZN,122.37000274658203,122.91999816894531,119.86000061035156,121.66000366210938,64314800,0.01290486257498391,0.41761831851237696,106.0052001953125,,0.01819881431675798,121.66000366210938,0.0,62443950.0,True
2023-05-31,AMZN,121.44999694824219,122.04000091552734,119.16999816894531,120.58000183105469,72800800,-0.00887721353399118,0.405033817989245,106.46260025024414,,0.01629498016028874,121.66000366210938,-0.8877213533991127,62652188.0,True
2023-06-01,AMZN,120.69000244140625,123.48999786376953,119.93000030517578,122.7699966430664,54375100,0.01816217265513176,0.43055228477786467,106.90580017089843,,0.016366000856395016,122.7699966430664,0.0,62567744.0,False
2023-06-02,AMZN,124.91999816894531,126.38999938964844,124.0199966430664,124.25,61264400,0.01205508998453797,0.4477977212984483,107.41680023193359,,0.016279227426017322,124.25,0.0,62643524.0,False
2023-06-05,AMZN,123.36000061035156,125.80000305175781,123.02999877929688,125.30000305175781,47950100,0.008450728786783213,0.4600326671792643,107.9486003112793,,0.01623238171077102,125.30000305175781,0.0,62451340.0,False
2023-06-06,AMZN,125.06999969482422,127.4000015258789,125.0,126.61000061035156,45695200,0.010454888481148839,0.47529714589345784,108.51820037841797,,0.016159226439349954,126.61000061035156,0.0,62243336.0,False
2023-06-07,AMZN,127.01000213623047,127.37000274658203,120.62999725341797,121.2300033569336,95663300,-0.04249267220189956,0.4126078278726091,108.98200042724609,,0.019629983008564757,126.61000061035156,-4.249267220189953,63222176.0,True
2023-06-08,AMZN,123.01000213623047,125.62999725341797,122.26000213623047,124.25,62159300,0.024911297199049942,0.4477977212984481,109.5222004699707,,0.020030237384662815,126.61000061035156,-1.8639922588852826,63690960.0,False
2023-06-09,AMZN,124.08000183105469,125.80000305175781,123.19000244140625,123.43000030517578,51396000,-0.006599595129369917,0.438242842508654,109.98580047607422,,0.019328394872451603,126.61000061035156,-2.511650177589357,63723214.0,False
2023-06-12,AMZN,124.0199966430664,126.77999877929688,123.52999877929688,126.56999969482422,51338000,0.025439515368102628,0.4748310434037164,110.4772004699707,,0.019631054064148667,126.61000061035156,-0.03159380407117168,63677306.0,False
2023-06-13,AMZN,128.1199951171875,128.41000366210938,125.18000030517578,126.66000366210938,50564800,0.0007111003199982147,0.47587979623062404,110.94460052490234,,0.018957799676290545,126.66000366210938,0.0,63553596.0,False
2023-06-14,AMZN,126.69999694824219,126.94999694824219,124.12000274658203,126.41999816894531,52422500,-0.001894879884926648,0.47308318129217697,111.42480041503906,,0.019046442169072628,126.66000366210938,-0.18948798849266155,63779332.0,False
2023-06-15,AMZN,125.20999908447266,127.69000244140625,124.31999969482422,127.11000061035156,60458500,0.005458016543269828,0.4811232936652823,111.88800048828125,,0.018794217523125028,127.11000061035156,0.0,64015252.0,False
2023-06-16,AMZN,127.70999908447266,127.9000015258789,125.30000305175781,125.48999786376953,84247100,-0.012744888197649074,0.4622465428805844,112.37580047607422,,0.018958735185252623,127.11000061035156,-1.2744888197649036,64796686.0,True
2023-06-20,AMZN,124.97000122070312,127.25,124.5,125.77999877929688,56930100,0.002310948445805039,0.4656257192562381,112.85020050048828,,0.018463093907045806,127.11000061035156,-1.0463392531416407,65059128.0,False
2023-06-21,AMZN,125.63999938964844,126.7300033569336,123.8499984741211,124.83000183105469,52137700,-0.00755284590127181,0.45455607404975495,113.30340057373047,,0.01810941806744703,127.11000061035156,-1.7937210041293925,65356658.0,False
2023-06-22,AMZN,125.30999755859375,130.3300018310547,125.13999938964844,130.14999389648438,90354600,0.04261789623803569,0.5165461938860119,113.90800048828125,,0.019682118673338894,130.14999389648438,0.0,65955394.0,True
2023-06-23,AMZN,129.11000061035156,130.83999633789062,128.27999877929688,129.3300018310547,71927800,-0.006300361919969633,0.5069914039961776,114.53800048828126,,0.019824497199431673,130.14999389648438,-0.6300361919969611,66259250.0,True
2023-06-26,AMZN,129.3300018310547,131.49000549316406,127.0999984741211,127.33000183105469,59989300,-0.01546431587167707,0.4836868129088785,115.03660049438477,,0.020219840976829752,130.14999389648438,-2.1667247004810357,66100534.0,False
2023-06-27,AMZN,128.6300048828125,130.08999633789062,127.55000305175781,129.17999267578125,46801000,0.014529104045574393,0.5052434529846783,115.57000030517578,,0.019831730164283225,130.14999389648438,-0.7452948645350084,66007544.0,False
2023-06-28,AMZN,128.94000244140625,131.47999572753906,128.44000244140625,129.0399932861328,52149500,-0.001083754432466999,0.5036121387205643,116.09600021362304,,0.01777139477934271,130.14999389648438,-0.8528625911687775,66252144.0,False
2023-06-29,AMZN,128.77000427246094,129.25999450683594,127.26000213623047,127.9000015258789,40761000,-0.008834406537251538,0.4903286178127606,116.60800018310547,,0.017833572947215597,130.14999389648438,-1.7287687100431326,66271554.0,False
2023-06-30,AMZN,129.47000122070312,131.25,128.9499969482422,130.36000061035156,54350700,0.019233769000189582,0.5189932541821431,117.12920013427734,,0.01798840060200899,130.36000061035156,0.0,66190590.0,False
2023-07-03,AMZN,130.82000732421875,131.85000610351562,130.07000732421875,130.22000122070312,28264800,-0.0010739443770555468,0.5173619399180289,117.65740020751953,,0.017712120810690107,130.36000061035156,-0.10739443770554916,65601948.0,False
2023-07-05,AMZN,130.24000549316406,131.39999389648438,129.63999938964844,130.3800048828125,35895400,0.0012287180203460757,0.5192263498769936,118.12580032348633,,0.01759126129978779,130.3800048828125,0.0,64584372.0,False
2023-07-06,AMZN,128.25,128.72999572753906,127.37000274658203,128.36000061035156,40639900,-0.015493205988729275,0.49568866309484405,118.56880035400391,,0.017954618620203772,130.3800048828125,-1.5493205988729235,64005658.0,False
2023-07-07,AMZN,128.58999633789062,130.97000122070312,128.1300048828125,129.77999877929688,41992300,0.011062622017709689,0.5122349014308358,119.11300033569336,,0.01797059030601485,130.3800048828125,-0.4601979452715311,63544968.0,False
2023-07-10,AMZN,129.07000732421875,129.27999877929688,125.91999816894531,127.12999725341797,61889300,-0.020419182854096718,0.48135630046017264,119.55600021362305,,0.015792657614342263,130.3800048828125,-2.4927193646876193,63306678.0,False
2023-07-11,AMZN,127.75,129.77000427246094,127.3499984741211,128.77999877929688,49951500,0.012978852839820476,0.5005826058871861,119.9352001953125,,0.015142864450628724,130.3800048828125,-1.2271867185108134,61306484.0,False
2023-07-12,AMZN,130.30999755859375,131.25999450683594,128.8300018310547,130.8000030517578,54022800,0.01568569880112225,0.5241202926693356,120.44220031738281,,0.015303726485745205,130.8000030517578,0.0,59772622.0,False
2023-07-13,AMZN,134.0399932861328,134.6699981689453,132.7100067138672,134.3000030517578,61170900,0.026758409161619312,0.5649033270721087,121.08720031738281,,0.0154033364732556,134.3000030517578,0.0,59501478.0,True
2023-07-14,AMZN,134.05999755859375,136.64999389648438,134.05999755859375,134.67999267578125,54487100,0.002829408900884234,0.5693310784747498,121.70820022583008,,0.015394952786014169,134.67999267578125,0.0,59121832.0,False
2023-07-17,AMZN,134.55999755859375,135.6199951171875,133.2100067138672,133.55999755859375,48450200,-0.008315972513331604,0.5562805643618367,122.30640014648438,,0.015560732699179954,134.67999267578125,-0.8315972513331614,58789798.0,False
2023-07-18,AMZN,132.7100067138672,133.86000061035156,131.35000610351562,132.8300018310547,54882900,-0.005465676406731013,0.5477744383989502,122.88300018310547,,0.01564745451385939,134.67999267578125,-1.3736196505297524,58980546.0,False
2023-07-19,AMZN,133.38999938964844,135.99000549316406,132.52999877929688,135.36000061035156,54531000,0.019046892602732513,0.5772547319003896,123.47700012207031,,0.015665769653427548,135.36000061035156,0.0,58932132.0,False
2023-07-20,AMZN,134.07000732421875,134.7899932861328,129.3300018310547,129.9600067138672,59820600,-0.03989357175040831,0.5143324070846504,123.95960021972657,,0.018336170022613084,135.36000061035156,-3.989357175040833,59139926.0,True
2023-07-21,AMZN,131.33999633789062,131.3699951171875,128.4199981689453,130.0,133307300,0.00030773533446226686,0.5147984206744316,124.42720016479493,,0.018217304217037694,135.36000061035156,-3.959811307759155,60924284.0,True
2023-07-24,AMZN,130.30999755859375,131.66000366210938,128.35000610351562,128.8000030517578,45591100,-0.009230745755709147,0.5008157015820363,124.79940017700196,,0.015803891537019048,135.36000061035156,-4.846333871907562,60263554.0,False
2023-07-25,AMZN,129.30999755859375,129.5800018310547,128.52999877929688,129.1300048828125,39236700,0.002562125956798944,0.5046609804474309,125.13840026855469,,0.0157560611040237,135.36000061035156,-4.602538194036199,59549792.0,False
2023-07-26,AMZN,126.51000213623047,129.0800018310547,126.11000061035156,128.14999389648438,53910100,-0.007589335934878205,0.4932416027987121,125.49620010375976,,0.015459394646205462,135.36000061035156,-5.32654157901637,59630940.0,False
2023-07-27,AMZN,131.0,132.6300048828125,127.79000091552734,128.25,52610700,0.0007803832093540297,0.49440690347304517,125.83720016479492,,0.015119398218699596,135.36000061035156,-5.252660001693166,59622932.0,False
2023-07-28,AMZN,129.69000244140625,133.00999450683594,129.3300018310547,132.2100067138672,46317400,0.030877245332297854,0.540550072057862,126.2134002685547,,0.016568799695684804,135.36000061035156,-2.327123139982818,59119822.0,False
2023-07-31,AMZN,133.1999969482422,133.8699951171875,132.3800048828125,133.67999267578125,41901500,0.011118568090654923,0.5576787829311007,126.57700012207032,,0.016531401055291998,135.36000061035156,-1.2411406080045742,58644748.0,False
2023-08-01,AMZN,133.5500030517578,133.69000244140625,131.6199951171875,131.69000244140625,42098500,-0.014886223394710907,0.5344908285911869,126.84780014038085,,0.016453966865741475,135.36000061035156,-2.711287051120663,58023236.0,False
2023-08-02,AMZN,130.14999389648438,130.22999572753906,126.81999969482422,128.2100067138672,51027600,-0.026425663778747666,0.49394088988326423,127.08700027465821,,0.017481831582707563,135.36000061035156,-5.282205868974844,57942662.0,False
2023-08-03,AMZN,127.4800033569336,129.83999633789062,126.41000366210938,128.91000366210938,88585200,0.005459768439170398,0.5020974612038349,127.36500030517578,,0.017528213897306133,135.36000061035156,-4.76506864595044,58299544.0,True
2023-08-04,AMZN,141.05999755859375,143.6300048828125,139.32000732421875,139.57000732421875,153128500,0.08269337801006271,0.626310974371119,127.85660049438476,,0.0248606200731233,139.57000732421875,0.0,60010588.0,True
2023-08-07,AMZN,140.99000549316406,142.5399932861328,138.9499969482422,142.22000122070312,71213100,0.01898684357254843,0.6571894864418224,128.36600051879884,,0.025028248485033686,142.22000122070312,0.0,60165092.0,True
2023-08-08,AMZN,140.6199951171875,140.83999633789062,138.4199981689453,139.94000244140625,51710500,-0.016031491771390738,0.6306222668262951,128.86480056762696,,0.024825914437896213,142.22000122070312,-1.6031491771390682,59869368.0,False
2023-08-09,AMZN,139.97000122070312,140.32000732421875,137.10000610351562,137.85000610351562,50017300,-0.01493494570121734,0.6062690118120484,129.21960067749023,,0.025115569858001847,142.22000122070312,-3.0727008013492796,58934116.0,False
2023-08-10,AMZN,139.07000732421875,140.41000366210938,137.49000549316406,138.55999755859375,58928400,0.005150463718840648,0.6145420420800844,129.55760055541992,,0.0249655964198826,142.22000122070312,-2.5734802634614127,58826388.0,True
2023-08-11,AMZN,137.39999389648438,139.3300018310547,137.0,138.41000366210938,42905800,-0.0010825194798443905,0.6127942688685051,129.91420059204103,,0.024375222605144117,142.22000122070312,-2.678946368929664,58228488.0,False
2023-08-14,AMZN,138.3000030517578,140.58999633789062,137.75,140.57000732421875,47148700,0.015605834874352187,0.6379632699147686,130.27020080566408,,0.024563225270795803,142.22000122070312,-1.1601700761651967,58083960.0,False
2023-08-15,AMZN,140.0500030517578,141.27999877929688,137.22999572753906,137.6699981689453,42781500,-0.020630355012962953,0.6041715061582333,130.53860076904297,,0.024973415674874638,142.22000122070312,-3.199270856914789,57714302.0,False
2023-08-16,AMZN,137.19000244140625,137.27000427246094,135.00999450683594,135.07000732421875,41675900,-0.018885675014943426,0.5738756444246966,130.7340008544922,,0.02533593837764706,142.22000122070312,-5.027417968720663,57588818.0,False
2023-08-17,AMZN,135.4600067138672,136.08999633789062,133.52999877929688,133.97999572753906,48354100,-0.008069975106044458,0.5611745071541796,130.88140075683594,,0.025064831859017582,142.22000122070312,-5.7938443414698515,57641996.0,False
2023-08-18,AMZN,131.6199951171875,134.07000732421875,131.14999389648438,133.22000122070312,48497700,-0.005672447612115605,0.5523188265489771,131.12120071411132,,0.023412871734165886,142.22000122070312,-6.328223824181673,56698684.0,False
2023-08-21,AMZN,133.74000549316406,135.19000244140625,132.7100067138672,134.67999267578125,41442500,0.01095925117625085,0.5693310784747503,131.32980056762696,,0.023502469845599484,142.22000122070312,-5.301651300945333,56284348.0,False
2023-08-22,AMZN,135.0800018310547,135.64999389648438,133.72999572753906,134.25,32905400,-0.0031926989840012077,0.5643206767349425,131.54620056152345,,0.02339565813391507,142.22000122070312,-5.603994622623391,55914536.0,False
2023-08-23,AMZN,134.5,135.9499969482422,133.22000122070312,135.52000427246094,42801000,0.009459994580714559,0.5791191418593546,131.72520065307617,,0.02344894216916965,142.22000122070312,-4.711008923312301,55743796.0,False
2023-08-24,AMZN,136.39999389648438,136.77999877929688,131.8300018310547,131.83999633789062,43646300,-0.027154721211281152,0.5362386018027663,131.8288005065918,,0.024247324538542454,142.22000122070312,-7.298554910504016,55605426.0,False
2023-08-25,AMZN,132.47000122070312,133.8699951171875,130.5800018310547,133.25999450683594,44147500,0.010770617478674804,0.5527848401387581,131.9656004333496,,0.024327794048396044,142.22000122070312,-6.300103105724675,55439926.0,False
2023-08-28,AMZN,133.77999877929688,133.9499969482422,131.85000610351562,133.13999938964844,34108400,-0.0009004586682715976,0.5513866215694945,132.08620040893555,,0.023419717688384172,142.22000122070312,-6.384475990099276,54912924.0,False
2023-08-29,AMZN,133.3800048828125,135.13999938964844,133.25,134.91000366210938,38646100,0.013294308852149106,0.5720112344657315,132.27460052490235,,0.023473386736536962,142.22000122070312,-5.13992230055587,54000904.0,False
2023-08-30,AMZN,134.92999267578125,135.67999267578125,133.9199981689453,135.07000732421875,36137000,0.0011860029483812262,0.5738756444246964,132.4604006958008,,0.023200526454723754,142.22000122070312,-5.027417968720663,53585042.0,False
2023-08-31,AMZN,135.05999755859375,138.7899932861328,135.0,138.00999450683594,58781300,0.021766395374215985,0.6081332439710934,132.7240005493164,,0.02268234540290993,142.22000122070312,-2.960207198517681,53717914.0,True
2023-09-01,AMZN,139.4600067138672,139.9600067138672,136.8800048828125,138.1199951171875,40991500,0.0007970481467276525,0.6094150035928916,132.88340057373046,,0.02268760612692843,142.22000122070312,-2.882861811506427,52730652.0,False
2023-09-05,AMZN,137.72999572753906,137.8000030517578,135.82000732421875,137.27000427246094,40636700,-0.006154002858205887,0.5995106590607415,133.0422006225586,,0.0136847776372928,142.22000122070312,-3.480520957499198,52104830.0,False
2023-09-06,AMZN,136.32000732421875,137.4499969482422,134.61000061035156,135.36000061035156,41785500,-0.013914209970579572,0.5772547319003902,133.20280059814453,,0.01319253150018776,142.22000122070312,-4.823513255147508,51740754.0,False
2023-09-07,AMZN,133.89999389648438,138.02999877929688,133.16000366210938,137.85000610351562,48498900,0.018395430569861038,0.6062690118120486,133.3762008666992,,0.013531409757992288,142.22000122070312,-3.0727008013492796,51774712.0,False
2023-09-08,AMZN,136.86000061035156,138.85000610351562,136.75,138.22999572753906,38348200,0.0027565441218631026,0.61069676321469,133.56000091552735,,0.013141298753820831,142.22000122070312,-2.8055164244951736,51498686.0,False
2023-09-11,AMZN,138.75,143.6199951171875,138.63999938964844,143.10000610351562,56764500,0.035231212663680456,0.6674435634162086,133.86400100708008,,0.015186588292429677,143.10000610351562,0.0,51818756.0,True
2023-09-12,AMZN,142.32000732421875,143.0,140.61000061035156,141.22999572753906,42668500,-0.013067856717097759,0.6456536498456387,134.08140090942382,,0.015515896947284197,143.10000610351562,-1.3067856717097797,51585112.0,False
2023-09-13,AMZN,140.9499969482422,144.97999572753906,140.8699951171875,144.85000610351562,60465200,0.025632022130484877,0.6878350806175952,134.37400100708007,,0.016127571817374967,144.85000610351562,0.0,52229120.0,True
2023-09-14,AMZN,145.0800018310547,145.86000061035156,142.9499969482422,144.72000122070312,64033600,-0.0008975138235036706,0.6863202253009466,134.6608009338379,,0.015325379998475074,144.85000610351562,-0.0897513823503696,52791884.0,True
2023-09-15,AMZN,142.69000244140625,143.57000732421875,140.08999633789062,140.38999938964844,102909300,-0.029919857618376344,0.635865764260954,134.90140090942384,,0.0162558894470138,144.85000610351562,-3.079051795607028,54037272.0,True
2023-09-18,AMZN,140.47999572753906,141.75,139.22000122070312,139.97999572753906,42823500,-0.0029204620264398073,0.6310882804160769,135.10540084838868,,0.016135308257999272,144.85000610351562,-3.3621057444044964,54053896.0,False
2023-09-19,AMZN,138.6999969482422,138.83999633789062,135.55999755859375,137.6300048828125,61482500,-0.016788047695762587,0.6037054925684524,135.31540100097655,,0.016583003127971153,144.85000610351562,-4.98446732238549,54045760.0,True
2023-09-20,AMZN,138.5500030517578,139.3699951171875,135.1999969482422,135.2899932861328,46263700,-0.01700219075536713,0.5764389858683736,135.4456008911133,,0.01692005634425886,144.85000610351562,-6.599939533693111,53972004.0,False
2023-09-21,AMZN,131.94000244140625,132.24000549316406,129.30999755859375,129.3300018310547,70343300,-0.04405345369833069,0.5069914039961778,135.41620086669923,,0.019500621184628465,144.85000610351562,-10.71453477286685,54298414.0,True
2023-09-22,AMZN,131.11000061035156,132.02999877929688,128.52000427246094,129.1199951171875,59904300,-0.0016238050792075631,0.5045443437000467,135.3126007080078,,0.019335763348008912,144.85000610351562,-10.859516964802078,54273082.0,True
2023-09-25,AMZN,129.36000061035156,131.77999877929688,128.77000427246094,131.27000427246094,46017800,0.01665124873434287,0.5295968857988449,135.2444009399414,,0.018857192635901278,144.85000610351562,-9.37521660948352,54103696.0,False
2023-09-26,AMZN,130.1199951171875,130.38999938964844,125.27999877929688,125.9800033569336,73048200,-0.040298626825268746,0.46795623170494394,135.0928010559082,,0.020605766504419504,144.85000610351562,-13.027270936458759,54595656.0,True
2023-09-27,AMZN,125.76000213623047,127.4800033569336,124.12999725341797,125.9800033569336,66553400,0.0,0.46795623170494394,134.9558010864258,,0.020610128198257586,144.85000610351562,-13.027270936458759,54829066.0,True
2023-09-28,AMZN,124.04000091552734,126.58000183105469,123.04000091552734,125.9800033569336,54555000,0.0,0.46795623170494394,134.76820114135742,,0.020305060232082686,144.85000610351562,-13.027270936458759,54829546.0,False
2023-09-29,AMZN,128.1999969482422,129.14999389648438,126.31999969482422,127.12000274658203,62411700,0.009049050319664742,0.4812398415127075,134.71140106201173,,0.02045915314042852,144.85000610351562,-12.2402503347242,54881368.0,True
2023-10-02,AMZN,127.27999877929688,130.47000122070312,126.54000091552734,129.4600067138672,48029700,0.01840783446134786,0.5085062593128264,134.70060119628906,,0.020270725674560324,144.85000610351562,-10.624783390516482,53175816.0,False
2023-10-03,AMZN,128.05999755859375,128.52000427246094,124.25,124.72000122070312,51565000,-0.03661366636292884,0.45327431442795674,134.61900115966796,,0.02153897546592573,144.85000610351562,-13.897137752570607,53295294.0,False
2023-10-04,AMZN,126.05999755859375,127.36000061035156,125.68000030517578,127.0,44203900,0.018280939360016735,0.47984153404348406,134.5764010620117,,0.022104834548638475,144.85000610351562,-12.323096549101486,53394638.0,False
2023-10-05,AMZN,126.70999908447266,126.7300033569336,124.33000183105469,125.95999908447266,39660600,-0.008188983586829512,0.4677231360100933,134.5326011657715,,0.022004551151177023,144.85000610351562,-13.041081272404925,53109648.0,False
2023-10-06,AMZN,124.16000366210938,128.4499969482422,124.12999725341797,127.95999908447266,46836700,0.015878056641289273,0.4910277270973922,134.52680114746093,,0.02188763164417058,144.85000610351562,-11.660342635382902,52994168.0,False
2023-10-09,AMZN,126.22000122070312,128.7899932861328,124.76000213623047,128.25999450683594,38773700,0.0023444468936362206,0.4945233624205112,134.4478009033203,,0.021882105686979104,144.85000610351562,-11.453235000089542,52843294.0,False
2023-10-10,AMZN,128.82000732421875,130.74000549316406,128.0500030517578,129.47999572753906,42178600,0.009511938819224852,0.5087391772077574,134.36380096435548,,0.020276901258110446,144.85000610351562,-10.610983588770122,52848836.0,False
2023-10-11,AMZN,129.74000549316406,132.0500030517578,129.61000061035156,131.8300018310547,40741800,0.01814956889912689,0.5361221428553016,134.36660095214845,,0.020760021536799626,144.85000610351562,-8.988611476589321,52821702.0,False
2023-10-12,AMZN,132.1699981689453,134.47999572753906,131.22999572753906,132.3300018310547,55528600,0.0037927633547389927,0.5419482906271262,134.4490008544922,,0.019774088784333354,144.85000610351562,-8.643426817333815,52911722.0,True
2023-10-13,AMZN,132.97999572753906,133.30999755859375,128.9499969482422,129.7899932861328,45786600,-0.019194502454286222,0.5123513603783014,134.46660064697267,,0.020027097458894406,144.85000610351562,-10.396970785503678,52055750.0,False
2023-10-16,AMZN,130.69000244140625,133.07000732421875,130.42999267578125,132.5500030517578,42832900,0.021265196921155027,0.5445118098707227,134.32620056152345,,0.019954376638235825,144.85000610351562,-8.491544724525408,49849838.0,False
2023-10-17,AMZN,130.38999938964844,132.5800018310547,128.7100067138672,131.47000122070312,49344600,-0.008147882355257097,0.5319273093475909,134.11120056152345,,0.01999192209291502,144.85000610351562,-9.237144852621277,49412468.0,False
2023-10-18,AMZN,129.89999389648438,130.6699981689453,127.51000213623047,128.1300048828125,42699500,-0.025405007278304192,0.49300868490378247,133.87500061035155,115.95460037231446,0.020378302797168416,144.85000610351562,-11.542975848240104,49232248.0,False
2023-10-19,AMZN,130.57000732421875,132.24000549316406,127.47000122070312,128.39999389648438,60961400,0.002107149015711185,0.49615467668462565,133.68600036621095,116.16750034332276,0.02015660640501394,144.85000610351562,-11.356583716865991,49451130.0,True
2023-10-20,AMZN,128.0500030517578,128.1699981689453,124.97000122070312,125.16999816894531,56406400,-0.02515573116103942,0.4585178118626154,133.41820037841796,116.36765033721923,0.018557237473992346,144.85000610351562,-13.586473666080614,49400690.0,True
2023-10-23,AMZN,124.62999725341797,127.87999725341797,123.9800033569336,126.55999755859375,48260000,0.011104892625885654,0.4747144955562914,133.18120025634767,116.5848503112793,0.01875603065474912,144.85000610351562,-12.626860734718301,49507774.0,False
2023-10-24,AMZN,127.73999786376953,128.8000030517578,126.33999633789062,128.55999755859375,46477400,0.015802781594350668,0.4980190866435905,132.94100006103517,116.79725028991699,0.01871746921986344,144.85000610351562,-11.246122097696276,49494348.0,False
2023-10-25,AMZN,126.04000091552734,126.33999633789062,120.79000091552734,121.38999938964844,74577500,-0.055771610960691276,0.4144721489316141,132.6154000854492,116.96740028381348,0.020562657558890418,144.85000610351562,-16.196068847316255,50130268.0,True
2023-10-26,AMZN,120.62999725341797,121.63999938964844,118.3499984741211,119.56999969482422,100419500,-0.01499299533713827,0.39326497459817045,132.30539993286132,117.11590026855468,0.020765033943409075,144.85000610351562,-17.4525407963223,51305140.0,True
2023-10-27,AMZN,126.19999694824219,130.02000427246094,125.5199966430664,127.73999786376953,125309300,0.06832816082460003,0.4884642078537964,132.18059997558595,117.27915027618408,0.025866046760252826,144.85000610351562,-11.812224728191309,52844244.0,True
2023-10-30,AMZN,129.72000122070312,133.0,128.55999755859375,132.7100067138672,72485500,0.03890722509168976,0.5463762198296878,132.17040008544922,117.46635032653809,0.02712198179346104,144.85000610351562,-8.381083105355692,53324000.0,True
2023-10-31,AMZN,132.75,133.57000732421875,131.7100067138672,133.08999633789062,51589400,0.002863308000901066,0.5508039712323292,132.13860015869142,117.64120029449462,0.026874254569838232,144.85000610351562,-8.118749927577376,53526938.0,False
2023-11-01,AMZN,133.9600067138672,137.35000610351562,133.7100067138672,137.0,61529400,0.02937864429857373,0.5963644894799793,132.1936001586914,117.84595027923584,0.026019745024037637,144.85000610351562,-5.419403363991366,54099418.0,True
2023-11-02,AMZN,138.72999572753906,138.80999755859375,136.47000122070312,138.07000732421875,52236700,0.007810272439553012,0.6088325310556459,132.24460021972655,118.05900032043456,0.02584831341183669,144.85000610351562,-4.680703136768676,54288132.0,False
2023-11-03,AMZN,138.99000549316406,139.49000549316406,137.4499969482422,138.60000610351562,44059800,0.0038386235328597973,0.6150082334697866,132.37980041503906,118.28360034942627,0.025690421465477793,144.85000610351562,-4.314808240693824,54296402.0,False
2023-11-06,AMZN,138.75999450683594,140.72999572753906,138.36000061035156,139.74000549316406,44970400,0.008225103459209127,0.6282918432775502,132.50940063476563,118.49605037689209,0.02558060932993056,144.85000610351562,-3.527787638959263,54312860.0,False
2023-11-07,AMZN,140.5500030517578,143.3699951171875,140.5,142.7100067138672,53553500,0.02125376487729147,0.6628991752661828,132.70080078125,118.72200042724609,0.025832048379539604,144.85000610351562,-1.4773899202455734,54701762.0,False
2023-11-08,AMZN,142.97000122070312,143.1199951171875,141.22000122070312,142.0800018310547,44521700,-0.004414580990635519,0.6555581721777093,132.8442007446289,118.95080043792724,0.025900228888733442,144.85000610351562,-1.912325961851449,54819274.0,False
2023-11-09,AMZN,142.02000427246094,142.64999389648438,139.83999633789062,140.60000610351562,36235400,-0.010416636461610618,0.6383128245570855,132.95480072021485,119.16790046691895,0.025911429769631365,144.85000610351562,-2.9340696036718006,54821242.0,False
2023-11-10,AMZN,140.4600067138672,143.64999389648438,139.91000366210938,143.55999755859375,49287800,0.021052569890351647,0.6728035197983329,133.06580078125,119.3896004486084,0.026197023146419095,144.85000610351562,-0.8905823200310969,54631372.0,False
2023-11-13,AMZN,142.0800018310547,143.22999572753906,140.6699981689453,142.58999633789062,35680600,-0.006756765374750118,0.6615007788969993,133.15520080566407,119.591350440979,0.02577865304238964,144.85000610351562,-1.560241401722763,54525154.0,False
2023-11-14,AMZN,145.0,147.25999450683594,144.67999267578125,145.8000030517578,56674600,0.02251214528584833,0.6989047258240788,133.32580078125,119.817600440979,0.02581986958701364,145.8000030517578,0.0,54845912.0,True
2023-11-15,AMZN,147.05999755859375,147.2899932861328,142.58999633789062,143.1999969482422,63875700,-0.017832688951265996,0.6686086862906222,133.48260070800782,120.01795043945313,0.02614828722239842,145.8000030517578,-1.783268895126596,55287716.0,True
2023-11-16,AMZN,140.91000366210938,143.32000732421875,139.52000427246094,142.8300018310547,49653500,-0.0025837648398919777,0.6642973938354462,133.5822006225586,120.20635044097901,0.025308307552884247,145.8000030517578,-2.037037831644488,55310808.0,False
2023-11-17,AMZN,142.66000366210938,145.22999572753906,142.5399932861328,145.17999267578125,49636700,0.016453061783939793,0.6916801816830707,133.72120056152343,120.36770038604736,0.025405899500615368,145.8000030517578,-0.42524716255078804,55536578.0,False
2023-11-20,AMZN,145.1300048828125,146.6300048828125,144.72999572753906,146.1300048828125,41951200,0.0065436854591447435,0.7027500046894735,133.78180053710938,120.58140041351318,0.024372191771377942,146.1300048828125,0.0,55240312.0,False
2023-11-21,AMZN,143.91000366210938,144.0500030517578,141.5,143.89999389648438,71226000,-0.015260459261028925,0.6767652576111929,133.83520050048827,120.79000038146972,0.024861185782771203,146.1300048828125,-1.5260459261028974,55811462.0,True
2023-11-22,AMZN,144.57000732421875,147.74000549316406,144.57000732421875,146.7100067138672,45669100,0.019527539517508297,0.7095083574407803,133.87240051269532,121.0130004119873,0.02494457756772341,146.7100067138672,0.0,55515540.0,False
2023-11-24,AMZN,146.6999969482422,147.1999969482422,145.32000732421875,146.74000549316406,22378400,0.0002044767086364363,0.7098579120830963,133.91280059814454,121.24645042419434,0.02054966379099203,146.74000549316406,0.0,54682436.0,False
2023-11-27,AMZN,147.52999877929688,149.25999450683594,146.8800048828125,147.72999572753906,53762400,0.006746559883569869,0.7213935708793606,134.05960052490235,121.49390041351319,0.01980025754247112,147.72999572753906,0.0,53699498.0,True
2023-11-28,AMZN,146.97999572753906,147.60000610351562,145.52999877929688,147.02999877929688,42711700,-0.00473835354015173,0.7132369995587899,134.2006005859375,121.7410004043579,0.014910101371536253,147.72999572753906,-0.47383535401517496,53697262.0,False
2023-11-29,AMZN,147.85000610351562,148.5399932861328,145.97000122070312,146.32000732421875,40610900,-0.0048288883967405605,0.7049639692907539,134.37440063476564,121.97490043640137,0.013156047058316701,147.72999572753906,-0.9544360956462614,53279830.0,False
2023-11-30,AMZN,144.75999450683594,146.92999267578125,144.3300018310547,146.08999633789062,65814000,-0.001571972217158657,0.7022838132997722,134.59040069580078,122.20685043334962,0.013223141922673046,147.72999572753906,-1.110132970336719,53670836.0,True
2023-12-01,AMZN,146.0,147.25,145.5500030517578,147.02999877929688,39951800,0.006434406632690459,0.7132369995587899,134.94440063476563,122.43620040893555,0.011954412925165378,147.72999572753906,-0.47383535401517496,53063006.0,False
2023-12-04,AMZN,145.25,145.35000610351562,142.80999755859375,144.83999633789062,48294200,-0.014894936132684111,0.6877184438702104,135.25880065917968,122.6696503829956,0.012551077409755427,147.72999572753906,-1.9562712199481223,52830804.0,False
2023-12-05,AMZN,143.5500030517578,148.57000732421875,143.1300048828125,146.8800048828125,46822400,0.014084566393959497,0.7114892263472103,135.5710006713867,122.91805042266846,0.012808076517224772,147.72999572753906,-0.5753678124341214,52846896.0,False
2023-12-06,AMZN,147.5800018310547,147.85000610351562,144.27999877929688,144.52000427246094,39679000,-0.016067541747663228,0.6839898017522008,135.94180068969726,123.16775043487549,0.013382001689648594,147.72999572753906,-2.172877240853893,52179512.0,False
2023-12-07,AMZN,146.14999389648438,147.9199981689453,145.33999633789062,146.8800048828125,52352800,0.016329923474831087,0.7114892263472101,136.35980072021485,123.42320045471192,0.013061337635145389,147.72999572753906,-0.5753678124341214,51895500.0,True
2023-12-08,AMZN,145.47999572753906,147.83999633789062,145.39999389648438,147.4199981689453,41906000,0.0036764247561378305,0.7177813877088162,136.78860061645508,123.68120044708252,0.012998771814254071,147.72999572753906,-0.20984063328985925,51642520.0,False
2023-12-11,AMZN,145.66000366210938,146.19000244140625,143.63999938964844,145.88999938964844,50907300,-0.010378502226973785,0.6999533897510262,137.1640005493164,123.94315044403076,0.012996976687731568,147.72999572753906,-1.2455130245073327,51412432.0,False
2023-12-12,AMZN,145.52000427246094,147.5,145.3000030517578,147.47999572753906,44944300,0.010898597193382598,0.718480496993448,137.52440032958984,124.21175041198731,0.012422690602143441,147.72999572753906,-0.16922764992228068,51350724.0,False
2023-12-13,AMZN,148.1199951171875,149.4600067138672,146.82000732421875,148.83999633789062,52766200,0.009221593773735215,0.7343276260448082,138.0068002319336,124.4848003768921,0.012390167831501485,148.83999633789062,0.0,51374748.0,True
2023-12-14,AMZN,149.92999267578125,150.5399932861328,145.52000427246094,147.4199981689453,58400800,-0.00954043404920335,0.7177813877088162,138.4152001953125,124.76105037689209,0.011707677675236344,148.83999633789062,-0.9540434049203341,51658686.0,True
2023-12-15,AMZN,148.3800048828125,150.57000732421875,147.8800048828125,149.97000122070312,110089300,0.01729753821347546,0.7474947769051064,138.8954002380371,125.05025039672852,0.011450460843989062,149.97000122070312,0.0,53067260.0,True
2023-12-18,AMZN,150.55999755859375,154.85000610351562,150.0500030517578,154.07000732421875,62512800,0.027338841569267247,0.7952692597540372,139.41760040283202,125.34610042572021,0.0126191213824011,154.07000732421875,0.0,53380782.0,True
2023-12-19,AMZN,154.39999389648438,155.1199951171875,152.69000244140625,153.7899932861328,43171300,-0.0018174467759756174,0.792006453425889,139.92820037841796,125.64630039215088,0.012321446323258538,154.07000732421875,-0.18174467759755938,53468734.0,False
2023-12-20,AMZN,152.89999389648438,155.6300048828125,151.55999755859375,152.1199951171875,50322100,-0.01085895208954335,0.7725471412039848,140.38100036621094,125.93915035247802,0.012639547733641619,154.07000732421875,-1.2656663298053348,53631604.0,False
2023-12-21,AMZN,153.3000030517578,153.97000122070312,152.10000610351562,153.83999633789062,36305700,0.011306871390431628,0.7925891037630555,140.82120025634765,126.23875034332275,0.012146492534206292,154.07000732421875,-0.1492899171764814,53542882.0,False
2023-12-22,AMZN,153.77000427246094,154.35000610351562,152.7100067138672,153.4199981689453,29514100,-0.0027300973670256745,0.787695160970713,141.24300018310547,126.54460033416748,0.011615105109403952,154.07000732421875,-0.4218920778692405,53022592.0,False
2023-12-26,AMZN,153.55999755859375,153.97999572753906,153.02999877929688,153.41000366210938,25067200,-6.514474615582078e-05,0.7875787020232476,141.715400390625,126.85800033569336,0.011617565144045966,154.07000732421875,-0.4283790684325014,52608204.0,False
2023-12-27,AMZN,153.55999755859375,154.77999877929688,153.1199951171875,153.33999633789062,31434700,-0.0004563413242133496,0.7867629559912308,142.13120025634765,127.16255031585693,0.011582370044915132,154.07000732421875,-0.47381771378248794,52380240.0,False
2023-12-28,AMZN,153.72000122070312,154.0800018310547,152.9499969482422,153.3800048828125,27057000,0.0002609139551152939,0.7872291473809321,142.56940032958985,127.4550503540039,0.011491419612991237,154.07000732421875,-0.44784994392467087,51934488.0,False
2023-12-29,AMZN,153.10000610351562,153.88999938964844,151.02999877929688,151.94000244140625,39823200,-0.009388462612883952,0.7704498133500897,143.04560028076173,127.73375038146973,0.011670132351838726,154.07000732421875,-1.3824915827583515,51876962.0,False
2024-01-02,AMZN,151.5399932861328,152.3800048828125,148.38999938964844,149.92999267578125,47339400,-0.013228970207501023,0.7470285855154055,143.47620025634765,127.983200340271,0.0121105112624524,154.07000732421875,-2.6870996635480253,51604522.0,False
2024-01-03,AMZN,149.1999969482422,151.0500030517578,148.3300018310547,148.47000122070312,49425500,-0.00973782115920796,0.7300163335896324,143.9422003173828,128.2308003616333,0.012281074680772445,154.07000732421875,-3.6347152835082284,51464904.0,False
2024-01-04,AMZN,145.58999633789062,147.3800048828125,144.0500030517578,144.57000732421875,56039800,-0.026267891590348702,0.6845724520893675,144.3024005126953,128.46510040283204,0.013211104515061956,154.07000732421875,-6.166028135514124,51620500.0,True
2024-01-05,AMZN,144.69000244140625,146.58999633789062,144.52999877929688,145.24000549316406,45153100,0.00463442024626004,0.6923794687676224,144.6360006713867,128.6882504272461,0.012863525480550555,154.07000732421875,-5.731162076518362,51594014.0,False
2024-01-08,AMZN,146.74000549316406,149.39999389648438,146.14999389648438,149.10000610351562,46757100,0.026576703830634596,0.7373573366781061,145.19020080566406,128.94025047302247,0.013619547641389429,154.07000732421875,-3.2258070905678964,51037606.0,False
2024-01-09,AMZN,148.3300018310547,151.7100067138672,148.2100067138672,151.3699951171875,43812600,0.015224607114340927,0.7638079195462479,145.82620071411134,129.20355045318604,0.013561686931909503,154.07000732421875,-1.7524580247143446,49905468.0,False
2024-01-10,AMZN,152.05999755859375,154.4199981689453,151.8800048828125,153.72999572753906,44421800,0.015590940651907248,0.7913073441412575,146.34600067138672,129.48155044555665,0.013901287264150176,154.07000732421875,-0.2206864285818983,48287718.0,False
2024-01-11,AMZN,155.0399932861328,157.1699981689453,153.1199951171875,155.17999267578125,49072700,0.009432101662268044,0.8082031371195653,146.795400390625,129.76725040435792,0.013683360583555336,155.17999267578125,0.0,47819462.0,True
2024-01-12,AMZN,155.38999938964844,156.1999969482422,154.00999450683594,154.6199951171875,40484200,-0.0036086969005325598,0.8016778800631086,147.22600036621094,130.054150390625,0.013632512051430044,155.17999267578125,-0.36086969005325137,47597358.0,False
2024-01-16,AMZN,153.52999877929688,154.99000549316406,152.14999389648438,153.16000366210938,41384600,-0.009442449238027617,0.7846656281373354,147.54920043945313,130.31870040893554,0.013769292361474594,155.17999267578125,-1.3017071201261452,47194462.0,False
2024-01-17,AMZN,151.49000549316406,152.14999389648438,149.91000366210938,151.7100067138672,34953400,-0.009467203666572499,0.7677698351590276,147.82200042724608,130.56725044250487,0.013766377869370733,155.17999267578125,-2.2361039603629385,46848796.0,False
2024-01-18,AMZN,152.77000427246094,153.77999877929688,151.82000732421875,153.5,37850200,0.011798781932089941,0.7886273659501957,148.12000030517578,130.81830043792723,0.013499724658906836,155.17999267578125,-1.0826090701597542,46724604.0,False
2024-01-19,AMZN,153.8300018310547,155.75999450683594,152.74000549316406,155.33999633789062,51651600,0.011986946826648914,0.8100675470785297,148.43200012207032,131.08295040130616,0.01238263635235463,155.33999633789062,0.0,46858228.0,True
2024-01-22,AMZN,156.88999938964844,157.0500030517578,153.89999389648438,154.77999877929688,43687500,-0.003604979862209201,0.8035422900220732,148.6733999633789,131.33710041046143,0.012405226519277317,155.33999633789062,-0.3604979862209222,46660908.0,False
2024-01-23,AMZN,154.85000610351562,156.2100067138672,153.92999267578125,156.02000427246094,37986000,0.008011406531487353,0.8179912005041696,148.95220001220704,131.61170043945313,0.012232753095681028,156.02000427246094,0.0,46530194.0,False
2024-01-24,AMZN,157.8000030517578,158.50999450683594,156.47999572753906,156.8699951171875,48547300,0.005447960655367012,0.8278955450363197,149.27759979248046,131.88575042724608,0.012058137845464048,156.8699951171875,0.0,46776432.0,True
2024-01-25,AMZN,156.9499969482422,158.50999450683594,154.5500030517578,157.75,43638600,0.005609771850602074,0.8381496220107054,149.5613998413086,132.16365043640135,0.012066533259922957,157.75,0.0,46663448.0,False
2024-01-26,AMZN,158.4199981689453,160.72000122070312,157.91000366210938,159.1199951171875,51047400,0.008684596622424712,0.8541132100095308,149.89199981689453,132.45965042114258,0.012164241479322694,159.1199951171875,0.0,46970784.0,True
2024-01-29,AMZN,159.33999633789062,161.2899932861328,158.89999389648438,161.25999450683594,45270400,0.01344896590822775,0.8790491153609437,150.2011996459961,132.7768003845215,0.012410551506498281,161.25999450683594,0.0,46742700.0,False
2024-01-30,AMZN,160.6999969482422,161.72999572753906,158.49000549316406,159.0,45207400,-0.014014601164705653,0.852714991440267,150.51719970703124,133.0598003768921,0.012918432725215898,161.25999450683594,-1.4014601164705698,46369334.0,False
2024-01-31,AMZN,157.0,159.00999450683594,154.80999755859375,155.1999969482422,50284400,-0.023899390262627773,0.808436232814415,150.764599609375,133.32325035095215,0.013897500986923156,161.25999450683594,-3.757905100472307,46381952.0,True
2024-02-01,AMZN,155.8699951171875,159.75999450683594,155.6199951171875,159.27999877929688,76542400,0.026288672108771616,0.8559776199684954,151.04659973144533,133.60595035552979,0.014521214593963857,161.25999450683594,-1.2278282245973466,46920066.0,True
2024-02-02,AMZN,169.19000244140625,172.5,167.3300018310547,171.80999755859375,117218300,0.07866649218561839,1.0019808689064296,151.56019958496094,133.95350032806397,0.021692057648780568,171.80999755859375,0.0,48425408.0,True
2024-02-05,AMZN,170.1999969482422,170.5500030517578,167.6999969482422,170.30999755859375,55081300,-0.008730574595861018,0.9845024255909554,152.08839965820312,134.28355030059814,0.02065201796275816,171.80999755859375,-0.8730574595861006,48102514.0,True
2024-02-06,AMZN,169.38999938964844,170.7100067138672,167.64999389648438,169.14999389648438,42505500,-0.00681113075414308,0.9709857200883412,152.53719940185547,134.6102502822876,0.02089570873225462,171.80999755859375,-1.5482240264872902,48039242.0,False
2024-02-07,AMZN,169.47999572753906,170.8800048828125,168.94000244140625,170.52999877929688,47174100,0.008158468416245013,0.9870659448345518,153.01299926757812,134.92810028076173,0.0204357851276695,171.80999755859375,-0.7450083216841596,48535156.0,False
2024-02-08,AMZN,169.64999389648438,171.42999267578125,168.8800048828125,169.83999633789062,42316500,-0.004046223223746481,0.9790258324614465,153.45519927978515,135.2462502670288,0.02046217695747032,171.80999755859375,-1.146616174085725,48306238.0,False
2024-02-09,AMZN,170.89999389648438,175.0,170.5800018310547,174.4499969482422,56986000,0.02714319777292107,1.032742922029667,154.00359924316408,135.6056502532959,0.020892413646132625,174.4499969482422,0.0,48591724.0,True
2024-02-12,AMZN,174.8000030517578,175.38999938964844,171.5399932861328,172.33999633789062,51050400,-0.012095159915523457,1.00815657132057,154.5239990234375,135.9424502182007,0.021253005208331562,174.4499969482422,-1.2095159915523424,48800514.0,True
2024-02-13,AMZN,167.72999572753906,170.9499969482422,165.75,168.63999938964844,56345100,-0.021469171561243172,0.9650431133690509,154.97499908447264,136.2365502166748,0.02196909014660062,174.4499969482422,-3.3304658413479515,48611136.0,True
2024-02-14,AMZN,169.2100067138672,171.2100067138672,168.27999877929688,170.97999572753906,42815500,0.013875689909627953,0.9923094422692098,155.4539990234375,136.5642002105713,0.021825140569914588,174.4499969482422,-1.9891093616542996,48668410.0,False
2024-02-15,AMZN,170.5800018310547,171.1699981689453,167.58999633789062,169.8000030517578,49855200,-0.006901349311422389,0.9785598188716649,155.95319915771483,136.90295021057128,0.021744337708967602,174.4499969482422,-2.665516754273139,48699630.0,True
2024-02-16,AMZN,168.74000549316406,170.4199981689453,167.1699981689453,169.50999450683594,48107700,-0.0017079419299743659,0.9751805535960514,156.4057989501953,137.23235019683838,0.0217514964231123,174.4499969482422,-2.8317583994409046,48725336.0,False
2024-02-20,AMZN,167.8300018310547,168.7100067138672,165.74000549316406,167.0800018310547,41980300,-0.01433539469369316,0.9468655607689447,156.85699890136718,137.54950019836426,0.022081888398262712,174.4499969482422,-4.224703494477053,48771362.0,False
2024-02-21,AMZN,168.94000244140625,170.22999572753906,167.13999938964844,168.58999633789062,44420100,0.00903755380828164,0.9644604630318845,157.29119873046875,137.8724501800537,0.022045054189272797,174.4499969482422,-3.359129098804269,48612708.0,False
2024-02-22,AMZN,173.10000610351562,174.8000030517578,171.77000427246094,174.5800018310547,55392400,0.035530017339574504,1.034257777346316,157.83439880371094,138.21705017089843,0.023070549405782573,174.5800018310547,0.0,48882436.0,True
2024-02-23,AMZN,174.27999877929688,175.75,173.6999969482422,174.99000549316406,59715200,0.0023485144793740087,1.0390352611911928,158.41639892578124,138.56285018920897,0.023081572052997396,174.99000549316406,0.0,49058594.0,True
2024-02-26,AMZN,175.6999969482422,176.3699951171875,174.25999450683594,174.72999572753906,44368600,-0.0014858549486425066,1.0360055505578951,158.96139892578125,138.90340015411377,0.023131240875492898,174.99000549316406,-0.14858549486425224,49047080.0,False
2024-02-27,AMZN,174.0800018310547,174.6199951171875,172.86000061035156,173.5399932861328,31141700,-0.006810521779339163,1.0221392904129654,159.4553988647461,139.2201501083374,0.02325889923057615,174.99000549316406,-0.8286257280493052,48614590.0,False
2024-02-28,AMZN,172.44000244140625,174.0500030517578,172.27000427246094,173.16000366210938,28180500,-0.0021896371944472026,1.0177115390103242,159.9701989746094,139.52505012512208,0.023204642874887257,174.99000549316406,-1.0457750577796148,48010184.0,False
2024-02-29,AMZN,173.00999450683594,177.22000122070312,172.85000610351562,176.75999450683594,53805400,0.02078996747858297,1.0596596962875102,160.50599884033204,139.8575500869751,0.023123031422081684,176.75999450683594,0.0,46884506.0,True
2024-03-01,AMZN,176.75,178.72999572753906,176.07000732421875,178.22000122070312,31981200,0.00825982552183624,1.0766721260132033,160.9889987182617,140.1926501083374,0.02213620030354365,178.22000122070312,0.0,46273874.0,False
2024-03-04,AMZN,177.52999877929688,180.13999938964844,177.49000549316406,177.5800018310547,37381500,-0.003591063770984282,1.0692146639772644,161.46479888916016,140.51355010986327,0.021780627677810274,178.22000122070312,-0.3591063770984259,46158078.0,False
2024-03-05,AMZN,176.92999267578125,176.92999267578125,173.3000030517578,174.1199951171875,37228300,-0.01948421375262155,1.0288976431642722,161.90479888916016,140.8066500854492,0.014633219628535303,178.22000122070312,-2.300530846949261,45896202.0,False
2024-03-06,AMZN,175.5399932861328,176.4600067138672,173.25999450683594,173.50999450683594,32090900,-0.0035033346396604603,1.0217897357706494,162.29819885253906,141.083450050354,0.014508036871177903,178.22000122070312,-2.6428047815095876,45811906.0,False
2024-03-07,AMZN,174.8300018310547,177.99000549316406,173.72000122070312,176.82000732421875,34063300,0.019076784751165476,1.060358983372062,162.76619903564452,141.3863000869751,0.01490673507532274,178.22000122070312,-0.7855425243492498,45902890.0,False
2024-03-08,AMZN,176.44000244140625,178.7899932861328,174.3300018310547,175.35000610351562,37893200,-0.008313545751684748,1.0432300946989037,163.20499908447266,141.68800010681153,0.015011585043207312,178.22000122070312,-1.6103664558016533,46159410.0,False
2024-03-11,AMZN,174.30999755859375,174.47000122070312,171.47000122070312,171.9600067138672,28484800,-0.019332758891648982,1.0037288199179288,163.57739929199218,141.972850151062,0.01564779887116562,178.22000122070312,-3.5125095185493347,46100412.0,False
2024-03-12,AMZN,173.5,176.75999450683594,171.97999572753906,175.38999938964844,36610600,0.019946455814511488,1.0436961082886849,164.01759918212892,142.26605014801027,0.01510941140576021,178.22000122070312,-1.5879260530079815,46291484.0,False
2024-03-13,AMZN,175.89999389648438,177.6199951171875,175.5500030517578,176.55999755859375,30772600,0.0066708374081581034,1.0573292727387642,164.50999908447267,142.5738501358032,0.014889023815976487,178.22000122070312,-0.9314351087079551,46110472.0,False
2024-03-14,AMZN,177.69000244140625,179.52999877929688,176.47000122070312,178.75,43705800,0.012403729449981915,1.0828478284273437,165.08639923095703,142.86705013275147,0.01411869287698489,178.75,0.0,46037800.0,False
2024-03-15,AMZN,176.63999938964844,177.92999267578125,173.89999389648438,174.4199981689453,72147400,-0.024223786467438835,1.032393367387351,165.60539916992187,143.13085010528565,0.015050955727179516,178.75,-2.4223786467438813,46492238.0,True
2024-03-18,AMZN,175.8000030517578,176.69000244140625,174.27999877929688,174.47999572753906,31250700,0.00034398325434925603,1.0330924766719827,166.2035989379883,143.40035007476806,0.014942067219531105,178.75,-2.388813578999126,45996456.0,False
2024-03-19,AMZN,174.22000122070312,176.08999633789062,173.52000427246094,175.89999389648438,26880900,0.00813845829732096,1.0496387150079745,166.8167987060547,143.66600006103516,0.014994016237013448,178.75,-1.5944090089597902,45631012.0,False
2024-03-20,AMZN,176.13999938964844,178.52999877929688,174.63999938964844,178.14999389648438,29947200,0.012791359170393646,1.0758563799811856,167.39779846191405,143.93550003051757,0.014693561849284137,178.75,-0.33566775021853146,45294814.0,False
2024-03-21,AMZN,179.99000549316406,181.4199981689453,178.14999389648438,178.14999389648438,32824300,0.0,1.0758563799811856,167.9333984375,144.1997499847412,0.014645140100419663,178.75,-0.33566775021853146,45075048.0,False
2024-03-22,AMZN,177.75,179.25999450683594,176.75,178.8699951171875,27995400,0.0040415450203241665,1.0842460469966069,168.43619842529296,144.46104995727538,0.01258644463190555,178.8699951171875,0.0,44746520.0,False
2024-03-25,AMZN,178.00999450683594,180.99000549316406,177.24000549316406,179.7100067138672,29815500,0.004696213001679439,1.0940341103812115,168.92679870605468,144.75344997406006,0.01260726460148926,179.7100067138672,0.0,44361376.0,False
2024-03-26,AMZN,180.14999389648438,180.4499969482422,177.9499969482422,178.3000030517578,29659000,-0.007845994154095037,1.0776043309926848,169.40039886474608,145.02369998931886,0.012754184294041538,179.7100067138672,-0.7845994154095,44144872.0,False
2024-03-27,AMZN,179.8800048828125,180.0,177.30999755859375,179.8300018310547,33272600,0.008581036192426339,1.0954323289504746,169.933798828125,145.30569999694825,0.012722626095212458,179.8300018310547,0.0,43982632.0,False
2024-03-28,AMZN,180.1699981689453,181.6999969482422,179.25999450683594,180.3800048828125,38051600,0.0030584610251771505,1.101841127059466,170.5071987915039,145.5747500228882,0.012692382038399097,180.3800048828125,0.0,44044596.0,False
2024-04-01,AMZN,180.7899932861328,183.0,179.9499969482422,180.97000122070312,29174500,0.003270852211551434,1.108715938758238,171.05659881591797,145.84630001068115,0.011951378713800979,180.97000122070312,0.0,43871082.0,False
2024-04-02,AMZN,179.07000732421875,180.7899932861328,178.3800048828125,180.69000244140625,32611500,-0.0015472110151306673,1.1054533102300095,171.56359893798827,146.11765003204346,0.011852498123411933,180.97000122070312,-0.15472110151306276,43490280.0,False
2024-04-03,AMZN,179.89999389648438,182.8699951171875,179.8000030517578,182.41000366210938,31046600,0.009519072430478781,1.1254952727890801,172.11619903564454,146.39415004730225,0.011958712111314794,182.41000366210938,0.0,43237462.0,False
2024-04-04,AMZN,184.0,185.10000610351562,180.0,180.0,41624300,-0.013212014767422509,1.0974131978569042,172.5957989501953,146.6667000579834,0.011481218210855595,182.41000366210938,-1.3212014767422464,43310228.0,False
2024-04-05,AMZN,182.3800048828125,186.27000427246094,181.97000122070312,185.07000732421875,42374000,0.028166707356770848,1.1564904216071685,173.15979919433593,146.96315010070802,0.012777824283810085,185.07000732421875,0.0,43186762.0,False
2024-04-08,AMZN,186.89999389648438,187.2899932861328,184.80999755859375,185.19000244140625,39221300,0.0006483768975988902,1.1578886401764321,173.70859924316406,147.26495010375976,0.012251572389017886,185.19000244140625,0.0,43098416.0,False
2024-04-09,AMZN,187.24000549316406,187.33999633789062,184.1999969482422,185.6699981689453,36520100,0.002591909504893186,1.1634816922534066,174.23959930419923,147.54255012512206,0.012008981131997764,185.6699981689453,0.0,42807870.0,False
2024-04-10,AMZN,182.77000427246094,186.27000427246094,182.6699981689453,185.9499969482422,35879200,0.0015080453603608657,1.166744320781635,174.73339935302735,147.825650100708,0.010898678823361332,185.9499969482422,0.0,42620046.0,False
2024-04-11,AMZN,186.74000549316406,189.77000427246094,185.50999450683594,189.0500030517578,40020700,0.016671181255133227,1.2028665080869163,175.3343994140625,148.13425010681152,0.010677063848217328,189.0500030517578,0.0,42516312.0,False
2024-04-12,AMZN,187.72000122070312,188.3800048828125,185.0800018310547,186.1300048828125,38608800,-0.015445639364236818,1.1688418264354503,175.9529995727539,148.4190001678467,0.011426777611093078,189.0500030517578,-1.5445639364236774,42282800.0,False
2024-04-15,AMZN,187.42999267578125,188.69000244140625,183.0,183.6199951171875,48052400,-0.013485250630092094,1.1395944508289415,176.4397994995117,148.69190017700194,0.011706914451240068,189.0500030517578,-2.8722601676360164,41713000.0,True
2024-04-16,AMZN,183.27000427246094,184.8300018310547,182.25999450683594,183.32000732421875,32891300,-0.001633742516860992,1.1360989044057823,176.6699996948242,148.96900020599367,0.010177913631639586,189.0500030517578,-3.0309418857667585,40026460.0,False
2024-04-17,AMZN,184.30999755859375,184.57000732421875,179.82000732421875,181.27999877929688,31359700,-0.011128128209780819,1.1123281219287824,176.88939971923827,149.2236001968384,0.01059437148952043,189.0500030517578,-4.110025996843638,39552028.0,False
2024-04-18,AMZN,181.47000122070312,182.38999938964844,178.64999389648438,179.22000122070312,30723800,-0.011363622972558218,1.0883244215568517,177.09079986572266,149.46860019683837,0.01086911307092647,189.0500030517578,-5.199683508263919,39316394.0,False
2024-04-19,AMZN,178.74000549316406,179.0,173.44000244140625,174.6300048828125,56000700,-0.02561096030926935,1.0348404276834815,177.17279998779296,149.6898501968384,0.011953135791856367,189.0500030517578,-7.627610651239941,39492926.0,True
2024-04-22,AMZN,176.94000244140625,178.8699951171875,174.55999755859375,177.22999572753906,37924900,0.014888568814227066,1.0651362894170182,177.32059997558594,149.9342001724243,0.01243969917346686,189.0500030517578,-6.252317975886351,39405094.0,False
2024-04-23,AMZN,178.0800018310547,179.92999267578125,175.97999572753906,179.5399932861328,37046500,0.01303389727631088,1.0920530636748613,177.42239990234376,150.1830001449585,0.012743095005224171,189.0500030517578,-5.030420318491804,39006304.0,False
2024-04-24,AMZN,179.94000244140625,180.32000732421875,176.17999267578125,176.58999633789062,34185100,-0.016430862529557833,1.0576788273810793,177.50739990234376,150.43030014038087,0.01320072293134661,189.0500030517578,-6.590852426728555,38668998.0,False
2024-04-25,AMZN,169.67999267578125,173.9199981689453,166.32000732421875,173.6699981689453,49249400,-0.016535467634067658,1.0236541457296133,177.6079998779297,150.6547501373291,0.013565399602956899,189.0500030517578,-8.135416363152233,38527084.0,True
2024-04-26,AMZN,177.8000030517578,180.82000732421875,176.1300048828125,179.6199951171875,43919800,0.034260361668536854,1.0929852686543438,177.78079986572266,150.89885009765624,0.015506363319244112,189.0500030517578,-4.988102503224281,38549170.0,True
2024-04-29,AMZN,182.75,183.52999877929688,179.38999938964844,180.9600067138672,54063900,0.007460258507441919,1.1085994798107728,178.00399993896485,151.1321501159668,0.015578529030616595,189.0500030517578,-4.279289186615754,38633344.0,True
2024-04-30,AMZN,181.08999633789062,182.99000549316406,174.8000030517578,175.0,94639800,-0.03293549122868411,1.039151720138657,178.11380004882812,151.3337501525879,0.017153478529366953,189.0500030517578,-7.431897818013377,39563986.0,True
2024-05-01,AMZN,181.63999938964844,185.14999389648438,176.55999755859375,179.0,94645100,0.02285714285714291,1.0857609023132553,178.35220001220702,151.56095016479492,0.017954951739927026,189.0500030517578,-5.316055482425112,40617282.0,True
2024-05-02,AMZN,180.85000610351562,185.10000610351562,179.91000366210938,184.72000122070312,54303500,0.031955314082140474,1.1524120470469241,178.67480010986327,151.82040016174315,0.01919291606269231,189.0500030517578,-2.2904002968300543,40814950.0,True
2024-05-03,AMZN,186.99000549316406,187.8699951171875,185.4199981689453,186.2100067138672,39172000,0.008066292135759712,1.1697740314149332,178.90740020751954,152.07465019226075,0.0189780871162645,189.0500030517578,-1.5022461211561553,40490542.0,False
2024-05-06,AMZN,186.27999877929688,188.75,184.8000030517578,188.6999969482422,34725300,0.013371946429286963,1.198788133526672,179.1816000366211,152.36835014343262,0.01820888724805701,189.0500030517578,-0.18513943288316206,39990744.0,False
2024-05-07,AMZN,188.9199981689453,189.94000244140625,187.30999755859375,188.75999450683594,34048900,0.0003179520909595279,1.199487242811304,179.46220001220703,152.6621501159668,0.018209424392025726,189.0500030517578,-0.1534030892570136,39784350.0,False
2024-05-08,AMZN,187.44000244140625,188.42999267578125,186.38999938964844,188.0,26136400,-0.004026247769404412,1.1906315622061014,179.75140014648437,152.958150100708,0.018238965251582737,189.0500030517578,-0.5554102273515141,39684244.0,False
2024-05-09,AMZN,188.8800048828125,191.6999969482422,187.44000244140625,189.5,43368400,0.007978723404255428,1.208110005521576,180.0782000732422,153.26000007629395,0.018306904456348642,189.5,0.0,39988002.0,True
2024-05-10,AMZN,189.16000366210938,189.88999938964844,186.92999267578125,187.47999572753906,34141800,-0.01065965315282813,1.1845723187394266,180.29260009765625,153.5566500854492,0.018112070967718365,189.5,-1.0659653152828166,39594730.0,False
2024-05-13,AMZN,188.0,188.30999755859375,185.36000061035156,186.57000732421875,24898600,-0.004853789332504466,1.1739688649226445,180.45960021972655,153.8482501220703,0.01781249624684645,189.5,-1.546170277457124,39453078.0,False
2024-05-14,AMZN,183.82000732421875,187.72000122070312,183.4499969482422,187.07000732421875,38698200,0.002679959159411549,1.1797950126944694,180.64940032958984,154.12255012512207,0.017535788681615073,189.5,-1.2823180347130607,39479412.0,False
2024-05-15,AMZN,185.97000122070312,186.72000122070312,182.72999572753906,185.99000549316406,75459900,-0.005773249525686364,1.1672105121713376,180.88680053710937,154.384100189209,0.017590444873696796,189.5,-1.8522398452960092,40244044.0,True
2024-05-16,AMZN,185.60000610351562,187.30999755859375,183.4600067138672,183.6300048828125,38834500,-0.012688857146349708,1.139711087576328,181.0892007446289,154.643800201416,0.017646727693512654,189.5,-3.0976227531332454,40378916.0,False
2024-05-17,AMZN,183.75999450683594,185.3000030517578,183.35000610351562,184.6999969482422,33175700,0.005826891232250109,1.152178951352075,181.24680053710938,154.9262501525879,0.017453805161073657,189.5,-2.532983140769294,40361164.0,False
2024-05-20,AMZN,184.33999633789062,186.6699981689453,183.27999877929688,183.5399932861328,30511800,-0.006280474722663021,1.1386622458494609,181.4106002807617,155.199400100708,0.016427638767463684,189.5,-3.1451222764470645,40213536.0,False
2024-05-21,AMZN,182.3000030517578,183.25999450683594,180.75,183.14999389648438,50839100,-0.0021248741632045043,1.1341178576994344,181.63440002441405,155.41730003356935,0.01620416129744027,189.5,-3.350926703702177,40660622.0,True
2024-05-22,AMZN,183.8800048828125,185.22000122070312,181.97000122070312,183.1300048828125,28148800,-0.00010914012742568868,1.1338849398045037,181.78920013427734,155.62185005187987,0.015996618878592415,189.5,-3.361474995877309,40491386.0,False
2024-05-23,AMZN,183.66000366210938,184.75999450683594,180.0800018310547,181.0500030517578,33670200,-0.011358061353112014,1.1096481437377226,181.87900024414063,155.82740005493164,0.015755700803612056,189.5,-4.459101291948383,40549338.0,False
2024-05-24,AMZN,181.64999389648438,182.44000244140625,180.3000030517578,180.75,27471600,-0.0016570176564539851,1.1061524195146437,181.91900024414062,156.04190002441408,0.015239352523195502,189.5,-4.617414248021108,40224654.0,False
2024-05-28,AMZN,179.92999267578125,182.24000549316406,179.49000549316406,182.14999389648438,29927000,0.007745471073219212,1.122465562155785,182.07360015869142,156.2598500061035,0.013424485976835907,189.5,-3.8786311891903034,39380246.0,False
2024-05-29,AMZN,181.6999969482422,184.0800018310547,181.5500030517578,182.02000427246094,32009300,-0.0007136405620595809,1.120950884639056,182.22440032958986,156.47790000915526,0.013338484065929277,189.5,-3.9472272968543867,39395418.0,False
2024-05-30,AMZN,181.30999755859375,181.33999633789062,178.36000061035156,179.32000732421875,29184700,-0.014833517662161122,1.0894897222311863,182.29280059814454,156.6716500091553,0.011543072499607825,189.5,-5.372027797246042,39441494.0,False
2024-05-31,AMZN,178.3000030517578,179.2100067138672,173.8699951171875,176.44000244140625,58903900,-0.016060700229647673,1.0559310541695015,182.25860076904297,156.86550003051758,0.01100808417820476,189.5,-6.8918192921339045,40020628.0,True
2024-06-03,AMZN,177.6999969482422,178.6999969482422,175.9199981689453,178.33999633789062,30786600,0.01076849847083472,1.0780703445824673,182.26240081787108,157.08184997558592,0.008574302803324697,189.5,-5.889183990559037,39979874.0,False
2024-06-04,AMZN,177.63999938964844,179.82000732421875,176.44000244140625,179.33999633789062,27198400,0.00560726713319748,1.089722640126117,182.27180084228516,157.3086499786377,0.00845106335459777,189.5,-5.3614795050709105,39963934.0,False
2024-06-05,AMZN,180.10000610351562,181.5,178.75,181.27999877929688,32116400,0.010817455564965828,1.1123281219287846,182.30320068359376,157.54894996643065,0.008238154739460258,189.5,-4.337731514882916,40009952.0,False
2024-06-06,AMZN,181.75,185.0,181.49000549316406,185.0,31371200,0.020520748266509736,1.1556746755751544,182.4372006225586,157.80055000305177,0.00957786734015995,189.5,-2.3746701846965697,40044196.0,False
2024-06-07,AMZN,184.89999389648438,186.2899932861328,183.36000061035156,184.3000030517578,28021500,-0.003783767287795614,1.1475181042545834,182.52660064697267,158.05080001831055,0.009574073163507618,189.5,-2.7440617141119725,39939174.0,False
2024-06-10,AMZN,184.07000732421875,187.22999572753906,183.7899932861328,187.05999755859375,34445600,0.014975553234585881,1.179678375947085,182.6602005004883,158.30849998474122,0.010010400216225762,189.5,-1.287600232932058,39867054.0,False
2024-06-11,AMZN,187.05999755859375,187.77000427246094,184.5399932861328,187.22999572753906,27265100,0.0009087895389929823,1.181659244853515,182.785400390625,158.58544998168946,0.009742069919990924,189.5,-1.1978914366548483,39828866.0,False
2024-06-12,AMZN,188.02000427246094,188.35000610351562,185.42999267578125,186.88999938964844,33984200,-0.0018159287809064173,1.177697507040655,182.90940032958986,158.8536000061035,0.009689089754676071,189.5,-1.3773090292092678,39856320.0,False
2024-06-13,AMZN,186.08999633789062,187.6699981689453,182.6699981689453,183.8300018310547,39721500,-0.016373254687715777,1.1420415111250746,182.93780029296875,159.10705001831056,0.010310176544246511,189.5,-2.9920834664619065,40029818.0,False
2024-06-14,AMZN,183.0800018310547,183.72000122070312,182.22999572753906,183.66000366210938,25456400,-0.0009247574783878276,1.1400606422186446,183.01100036621094,159.35080001831054,0.010246887013811249,189.5,-3.081792262739116,39706460.0,False
2024-06-17,AMZN,182.52000427246094,185.0,181.22000122070312,184.05999755859375,35601900,0.002177904217078641,1.1447214893161366,182.99080017089844,159.59574996948243,0.00987305268110499,189.5,-2.870713689396438,39571018.0,False
2024-06-18,AMZN,183.74000549316406,184.2899932861328,181.42999267578125,182.80999755859375,36659200,-0.006791263808433312,1.1301561198865748,182.9432000732422,159.8197499847412,0.009894725988515006,189.5,-3.530344296256596,39519776.0,False
2024-06-20,AMZN,182.91000366210938,186.50999450683594,182.72000122070312,186.10000610351562,44726800,0.017996874289478493,1.168492271793137,182.9518002319336,160.05965003967285,0.010573558250481738,189.5,-1.7941920298070582,39683910.0,True
2024-06-21,AMZN,187.8000030517578,189.27999877929688,185.86000061035156,189.0800018310547,70792500,0.01601287280926522,1.203216062729235,183.01440032958985,160.3187000274658,0.011059770052864501,189.5,-0.22163491764924143,40382176.0,True
2024-06-24,AMZN,189.3300018310547,191.0,185.3300018310547,185.57000732421875,50610400,-0.0185635417434159,1.1623165693789965,182.94480041503905,160.56975006103517,0.011901553724723657,189.5,-2.0738747629452505,40593970.0,True
2024-06-25,AMZN,186.80999755859375,188.83999633789062,185.4199981689453,186.33999633789062,45366400,0.004149318226444709,1.1712887089316641,182.94900024414062,160.81220001220703,0.011593218296337804,189.5,-1.6675481066540239,40729122.0,True
2024-06-26,AMZN,186.9199981689453,194.8000030517578,186.25999450683594,193.61000061035156,65103900,0.03901472799901873,1.2560009473179736,183.1488003540039,161.0891000366211,0.01416306593547273,193.61000061035156,0.0,41070152.0,True
2024-06-27,AMZN,195.00999450683594,199.83999633789062,194.1999969482422,197.85000610351562,74397500,0.0218997235669518,1.3054067444310187,183.43940032958983,161.3628500366211,0.0147078664970583,197.85000610351562,0.0,41900276.0,True
2024-06-28,AMZN,197.72999572753906,198.85000610351562,192.5,193.25,76930200,-0.023249966952787915,1.2518061138102632,183.6788003540039,161.6229500579834,0.015850406089156943,197.85000610351562,-2.324996695278791,42811686.0,True
2024-07-01,AMZN,193.49000549316406,198.3000030517578,192.82000732421875,197.1999969482422,41192000,0.02043982896891161,1.2978326456476945,184.03840026855468,161.88470001220702,0.015737550883414976,197.85000610351562,-0.3285363331924039,43021050.0,False
2024-07-02,AMZN,197.27999877929688,200.42999267578125,195.92999267578125,200.0,45600000,0.014198798656638534,1.3304591087298974,184.54580017089845,162.1611000061035,0.015119250498967087,200.0,0.0,42813036.0,True
2024-07-03,AMZN,199.94000244140625,200.02999877929688,196.75999450683594,197.58999633789062,31597900,-0.012050018310546862,1.3023770337977214,184.95300018310547,162.44709999084472,0.015579506547969139,200.0,-1.2050018310546875,42686496.0,False
2024-07-05,AMZN,198.64999389648438,200.5500030517578,198.1699981689453,200.0,39858900,0.012196992290986808,1.3304591087298974,185.36220031738281,162.74720001220703,0.015658345285932497,200.0,0.0,42742744.0,False
2024-07-08,AMZN,200.0399932861328,201.1999969482422,197.9600067138672,199.2899932861328,34767300,-0.0035500335693359197,1.3221859006619416,185.81620025634766,163.05549995422362,0.01571997458567971,200.0,-0.35500335693359375,42754388.0,False
2024-07-09,AMZN,199.39999389648438,200.57000732421875,199.0500030517578,199.33999633789062,32700100,0.0002509059834530092,1.322768550999108,186.32960021972656,163.37574996948243,0.015312993881396893,200.0,-0.3300018310546875,42423402.0,False
2024-07-10,AMZN,200.0,200.11000061035156,197.69000244140625,199.7899932861328,32883800,0.002257434315787954,1.3280120484337665,186.73300018310547,163.72804992675782,0.015222394340299334,200.0,-0.10500335693359375,42202682.0,False
2024-07-11,AMZN,200.08999633789062,200.27000427246094,192.86000061035156,195.0500030517578,44565000,-0.023724863074531144,1.2727802813488167,187.01480010986327,164.05769996643068,0.016137252627640177,200.0,-2.4749984741210938,42012704.0,True
2024-07-12,AMZN,194.8000030517578,196.47000122070312,193.8300018310547,194.49000549316406,30598500,-0.0028710461411536325,1.2662550242923603,187.40460021972658,164.3737999725342,0.016172446032583804,200.0,-2.7549972534179688,40731878.0,False
2024-07-15,AMZN,194.55999755859375,196.19000244140625,190.8300018310547,192.72000122070312,40683200,-0.009100746683474936,1.2456304113961232,187.67900024414064,164.70749996185302,0.01633429381367979,200.0,-3.639999389648438,39652640.0,True
2024-07-16,AMZN,195.58999633789062,196.6199951171875,192.24000549316406,193.02000427246094,33994700,0.0015566783408964557,1.249126135619202,187.84500030517577,165.04269996643066,0.015808521330081496,200.0,-3.4899978637695312,39246464.0,False
2024-07-17,AMZN,191.35000610351562,191.5800018310547,185.99000549316406,187.92999267578125,48076100,-0.02637038381521739,1.1898158161740868,187.87940002441405,165.3524499130249,0.017009231551700008,200.0,-6.035003662109375,39424546.0,True
2024-07-18,AMZN,189.58999633789062,189.67999267578125,181.4499969482422,183.75,51043600,-0.022242286163404512,1.1411093061455935,187.78040008544923,165.635599899292,0.017759572323360028,200.0,-8.125,39750912.0,True
2024-07-19,AMZN,181.13999938964844,184.92999267578125,180.11000061035156,183.1300048828125,43081800,-0.0033741230867346816,1.133884939804505,187.66780029296876,165.90394989013672,0.01770915079440969,200.0,-8.43499755859375,39931570.0,True
2024-07-22,AMZN,185.0,185.05999755859375,182.47999572753906,182.5500030517578,39931900,-0.003167158934036185,1.1271265870531977,187.5588003540039,166.19309989929198,0.017243730722494046,200.0,-8.724998474121094,40207480.0,False
2024-07-23,AMZN,184.10000610351562,189.38999938964844,183.55999755859375,186.41000366210938,47537700,0.021144894800451786,1.1721044549636814,187.4970004272461,166.49014991760254,0.0175275864503597,200.0,-6.7949981689453125,40290866.0,True
2024-07-24,AMZN,183.1999969482422,185.4499969482422,180.41000366210938,180.8300018310547,41532400,-0.029934025650088625,1.107084624494127,187.36400054931642,166.76449993133545,0.01827228822357133,200.0,-9.584999084472656,40438678.0,True
2024-07-25,AMZN,182.91000366210938,183.89999389648438,176.8000030517578,179.85000610351562,44464200,-0.005419431054668911,1.0956654246453281,187.22960052490234,167.02394996643068,0.01825485705248001,200.0,-10.074996948242188,40829990.0,True
2024-07-26,AMZN,180.38999938964844,183.19000244140625,180.24000549316406,182.5,29506000,0.014734466536293178,1.1265439367160313,187.13820037841796,167.29514999389647,0.01621336506214509,200.0,-8.75,40646146.0,False
2024-07-29,AMZN,183.83999633789062,184.75,182.3800048828125,183.1999969482422,33270100,0.003835599716395466,1.1347005080366017,187.08240020751953,167.56375,0.015297145700675318,200.0,-8.400001525878906,39802350.0,False
2024-07-30,AMZN,184.72000122070312,185.86000061035156,179.3800048828125,181.7100067138672,39508600,-0.008133134602594794,1.1173387014685123,187.04400024414062,167.81315002441406,0.014666164065440301,200.0,-9.144996643066406,39815832.0,False
2024-07-31,AMZN,185.0500030517578,187.94000244140625,184.4600067138672,186.97999572753906,41667300,0.029002194810164417,1.1787461709676026,187.08960021972655,168.0863999938965,0.015443690543038593,200.0,-6.51000213623047,39985664.0,True
2024-08-01,AMZN,189.2899932861328,190.60000610351562,181.8699951171875,184.07000732421875,70435600,-0.015563100170141508,1.1448381260635214,187.10020050048828,168.35780006408692,0.015206414279006056,200.0,-7.964996337890624,40784140.0,True
2024-08-02,AMZN,166.75,168.77000427246094,160.5500030517578,167.89999389648438,141448400,-0.0878470841762542,0.9564203506587798,186.79520050048828,168.53455001831054,0.023813613201217054,200.0,-16.050003051757812,42596326.0,True
2024-08-05,AMZN,154.2100067138672,162.9600067138672,151.61000061035156,161.02000427246094,83149400,-0.04097671157906757,0.8762526782224167,186.35300048828125,168.68230003356933,0.024439544417146724,200.0,-19.48999786376953,43696338.0,True
2024-08-06,AMZN,161.7100067138672,165.0800018310547,158.5399932861328,161.92999267578125,59950800,0.005651399696776416,0.8868561320391988,185.97060028076172,168.85129997253418,0.024642152833630464,200.0,-19.035003662109375,44221950.0,True
2024-08-07,AMZN,166.5500030517578,167.5800018310547,161.42999267578125,162.77000427246094,48408200,0.0051874985158653075,0.8966441954238036,185.61100036621093,169.02315002441406,0.024763448428884248,200.0,-18.61499786376953,44640682.0,True
2024-08-08,AMZN,165.1699981689453,166.69000244140625,162.5500030517578,165.8000030517578,44616200,0.018615215947435537,0.9319506366970678,185.2840005493164,169.22630004882814,0.02539448247805343,200.0,-17.099998474121094,44934466.0,False
2024-08-09,AMZN,166.39999389648438,168.5500030517578,165.85000610351562,166.94000244140625,36401000,0.00687575011257735,0.9452342465048316,184.9824005126953,169.42820007324218,0.025356525418923654,200.0,-16.529998779296875,45022300.0,False
2024-08-12,AMZN,168.13999938964844,168.5500030517578,166.11000061035156,166.8000030517578,30072800,-0.000838620987187122,0.9436029322407176,184.7320004272461,169.61940010070802,0.025377209638557625,200.0,-16.599998474121094,45040062.0,False
2024-08-13,AMZN,167.80999755859375,171.0399932861328,167.10000610351562,170.22999572753906,39237900,0.020563504874259175,0.983570220611474,184.60780029296876,169.86360008239745,0.026068838189133914,200.0,-14.885002136230469,44646742.0,False
2024-08-14,AMZN,172.11000061035156,172.27999877929688,168.86000061035156,170.10000610351562,28843800,-0.0007636117446156998,0.9820555430947451,184.44300048828126,170.11625011444093,0.026042083118351236,200.0,-14.949996948242186,44607886.0,False
2024-08-15,AMZN,174.86000061035156,177.91000366210938,173.99000549316406,177.58999633789062,51698500,0.04403286281963403,1.0693311229247313,184.40800048828126,170.3655001068115,0.027721201439041405,200.0,-11.205001831054688,45097888.0,True
2024-08-16,AMZN,177.0399932861328,178.33999633789062,176.25999450683594,177.05999755859375,31489200,-0.002984395462729106,1.0631554205105904,184.3236004638672,170.58725006103515,0.02734501132711781,200.0,-11.470001220703125,45085344.0,False
2024-08-19,AMZN,177.63999938964844,178.3000030517578,176.16000366210938,178.22000122070312,31129800,0.006551472258579993,1.0766721260132046,184.18800048828126,170.81290008544923,0.027394881491461652,200.0,-10.889999389648438,45080516.0,False
2024-08-20,AMZN,177.9199981689453,179.00999450683594,177.42999267578125,178.8800048828125,26255200,0.003703308593809629,1.0843626837439944,184.07960052490233,171.0223001098633,0.0274077923923342,200.0,-10.55999755859375,45045190.0,False
2024-08-21,AMZN,179.9199981689453,182.38999938964844,178.88999938964844,180.11000061035156,35599100,0.006876093995775934,1.0986949574787057,183.9406005859375,171.23250007629395,0.027015874726491286,200.0,-9.944999694824219,45068260.0,False
2024-08-22,AMZN,181.3800048828125,181.47000122070312,175.67999267578125,176.1300048828125,32047500,-0.022097583221652117,1.0523188709989584,183.71860076904298,171.42015007019043,0.02665192984934926,200.0,-11.93499755859375,45163908.0,False
2024-08-23,AMZN,177.33999633789062,178.97000122070312,175.24000549316406,177.0399932861328,29150100,0.005166572293719973,1.0629223248157404,183.52160064697264,171.60665000915526,0.026662374292454417,200.0,-11.480003356933594,45067226.0,False
2024-08-26,AMZN,176.6999969482422,177.47000122070312,174.3000030517578,175.5,22366200,-0.00869856159361615,1.044977867910485,183.35500061035157,171.77059997558592,0.026487064423024943,200.0,-12.25,44720120.0,False
2024-08-27,AMZN,174.14999389648438,174.88999938964844,172.25,173.1199951171875,29842000,-0.013561281383547064,1.0172453476206247,183.14420043945313,171.9257999420166,0.02658319018984468,200.0,-13.440002441406252,44807832.0,False
2024-08-28,AMZN,173.69000244140625,173.69000244140625,168.9199981689453,170.8000030517578,29045000,-0.013401063602498708,0.990212114415316,182.8790005493164,172.07679992675781,0.02666527327806501,200.0,-14.599998474121092,44676694.0,False
2024-08-29,AMZN,173.22000122070312,174.2899932861328,170.80999755859375,172.1199951171875,26407800,0.007728290643119529,1.005593052076975,182.66520050048828,172.21959991455077,0.02579471810102066,200.0,-13.940002441406248,44471666.0,False
2024-08-30,AMZN,172.77999877929688,178.89999389648438,172.60000610351562,178.5,43429400,0.037067191865004956,1.079934754541433,182.51320037841796,172.39914993286132,0.027098943294106496,200.0,-10.75,44445718.0,False
2024-09-03,AMZN,177.5500030517578,178.25999450683594,175.25999450683594,176.25,37817500,-0.012605042016806678,1.053717089568222,182.25660034179688,172.55139991760254,0.018741840419193277,200.0,-11.875,43786218.0,False
2024-09-04,AMZN,174.47999572753906,175.97999572753906,172.5399932861328,173.3300018310547,30309200,-0.016567365497562103,1.0196924079167555,182.0118002319336,172.7020499420166,0.01653941841121123,200.0,-13.334999084472656,43380194.0,False
2024-09-05,AMZN,175.0,179.8800048828125,175.0,177.88999938964844,40170500,0.026308183871355473,1.0728268471478102,181.84280029296875,172.87734992980958,0.017263266816673218,200.0,-11.055000305175781,43276276.0,False
2024-09-06,AMZN,177.24000549316406,178.3800048828125,171.16000366210938,171.38999938964844,41466500,-0.03653943460735232,0.9970869261140884,181.3984002685547,173.0083999633789,0.01945741943885069,200.0,-14.30500030517578,42803528.0,False
2024-09-09,AMZN,174.52999877929688,175.85000610351562,173.50999450683594,175.39999389648438,29037400,0.023396899008788496,1.0438125672361518,180.94940002441408,173.15474990844726,0.01968042154990542,200.0,-12.300003051757812,41896326.0,False
2024-09-10,AMZN,177.49000549316406,180.5,176.7899932861328,179.5500030517578,36233800,0.023660258265018275,1.0921697004222493,180.6754000854492,173.33299995422362,0.020185693289717695,200.0,-10.224998474121094,41082398.0,False
2024-09-11,AMZN,180.10000610351562,184.99000549316406,175.72999572753906,184.52000427246094,42564700,0.02768031821904482,1.1500816234981808,180.4218002319336,173.5220499420166,0.0208169143085505,200.0,-7.73999786376953,41109852.0,True
2024-09-12,AMZN,184.8000030517578,187.41000366210938,183.5399932861328,187.0,33544200,0.013440254011034547,1.178979266662454,180.1618002319336,173.7233499145508,0.020608041976752593,200.0,-6.5,40868736.0,False
2024-09-13,AMZN,187.0,188.5,185.91000366210938,186.49000549316406,26495400,-0.0027272433520638684,1.1730366599431639,179.93980041503906,173.9171499633789,0.02063843479614873,200.0,-6.754997253417969,40766686.0,False
2024-09-16,AMZN,185.2899932861328,185.80999755859375,183.36000061035156,184.88999938964844,26065500,-0.008579580976924128,1.1543929159533568,179.63760040283202,174.10644996643066,0.01871494661012088,200.0,-7.555000305175781,40490818.0,False
2024-09-17,AMZN,186.85000610351562,189.4499969482422,186.13999938964844,186.8800048828125,26091700,0.010763186217390919,1.1775810480931908,179.38940063476562,174.30924995422365,0.018769063095471022,200.0,-6.55999755859375,40317306.0,False
2024-09-18,AMZN,186.4499969482422,188.8000030517578,185.05999755859375,186.42999267578125,34448100,-0.0024080275860086653,1.1723373728586126,179.13120056152343,174.5109499359131,0.018779946983558105,200.0,-6.785003662109375,40352266.0,False
2024-09-19,AMZN,190.0399932861328,190.99000549316406,188.47000122070312,189.8699951171875,39543200,0.01845197970580159,1.212421297976754,178.93280059814452,174.72514991760255,0.01910740452970752,200.0,-5.06500244140625,40485454.0,False
2024-09-20,AMZN,190.22999572753906,191.83999633789062,187.41000366210938,191.60000610351562,100378600,0.009111555436973395,1.2325798972832098,178.86380065917967,174.95894996643065,0.019136185382588933,200.0,-4.1999969482421875,41601726.0,True
2024-09-23,AMZN,191.63999938964844,194.4499969482422,190.57000732421875,193.8800048828125,36993100,0.011899784481557152,1.259147116898737,178.85160064697266,175.19394996643067,0.01831633940985349,200.0,-3.05999755859375,41729618.0,False
2024-09-24,AMZN,194.27000427246094,195.3699951171875,190.1300048828125,193.9600067138672,43478900,0.0004126358007008335,1.2600793218782194,178.87640075683595,175.4411499786377,0.01834019484689822,200.0,-3.0199966430664062,41785532.0,True
2024-09-25,AMZN,193.75,193.9499969482422,192.16000366210938,192.52999877929688,26391100,-0.007372694808574054,1.2434164467948423,178.86660064697264,175.66939994812012,0.018294655015554724,200.0,-3.7350006103515625,41633460.0,False
2024-09-26,AMZN,194.30999755859375,194.52999877929688,189.5399932861328,191.16000366210938,36334900,-0.007115748848874004,1.227452858796017,178.9312008666992,175.88809997558593,0.018027211621812932,200.0,-4.4199981689453125,41398636.0,False
2024-09-27,AMZN,190.67999267578125,190.89999389648438,187.33999633789062,187.97000122070312,36002300,-0.016687603998192135,1.190282007563788,179.01560089111328,176.0984999847412,0.018207273273009483,200.0,-6.0149993896484375,41097810.0,False
2024-09-30,AMZN,187.13999938964844,188.49000549316406,184.64999389648438,186.3300018310547,41583900,-0.008724793206352333,1.1711722499841999,179.07960083007814,176.29275001525878,0.018424478182041286,200.0,-6.834999084472656,41067852.0,True
2024-10-01,AMZN,184.89999389648438,186.19000244140625,183.4499969482422,185.1300048828125,36044900,-0.006440170323887107,1.1571895308918045,179.13120086669923,176.4742000579834,0.016896662578959273,200.0,-7.434997558593751,40990112.0,False
2024-10-02,AMZN,184.44000244140625,186.60000610351562,184.0399932861328,184.75999450683594,23704100,-0.0019986515757441925,1.1528780606367088,179.09820068359375,176.66090003967284,0.016598100170610745,200.0,-7.620002746582031,40513440.0,False
2024-10-03,AMZN,183.0500030517578,183.44000244140625,180.8800048828125,181.9600067138672,30204300,-0.015154729791167831,1.120251775354426,179.12080078125,176.82085006713868,0.016520154110755237,200.0,-9.019996643066406,40286878.0,False
2024-10-04,AMZN,185.75,187.60000610351562,183.60000610351562,186.50999450683594,40890300,0.02500542770436165,1.1732695778380955,179.2540005493164,176.98305000305174,0.016428259593870825,200.0,-6.745002746582031,40215400.0,True
2024-10-07,AMZN,182.9499969482422,183.60000610351562,180.25,180.8000030517578,42364200,-0.03061493551686767,1.106735069851812,179.22000061035158,177.11810005187988,0.015763840597484976,200.0,-9.599998474121094,40472564.0,True
2024-10-08,AMZN,181.9199981689453,183.08999633789062,180.9199981689453,182.72000122070312,26372100,0.010619458719785868,1.1291074559596286,179.2104006958008,177.27110008239745,0.01515866263783635,200.0,-8.639999389648438,40334604.0,False
2024-10-09,AMZN,182.82000732421875,185.85000610351562,182.0500030517578,185.1699981689453,26343100,0.013408477078997505,1.1576555444815861,179.27960052490235,177.42775009155272,0.01458230902028959,200.0,-7.415000915527344,40071294.0,False
2024-10-10,AMZN,187.1300048828125,188.1300048828125,185.8300018310547,186.64999389648438,27785000,0.007992632403596822,1.17490089210221,179.27300048828124,177.59390007019044,0.013405067641920572,200.0,-6.6750030517578125,39793648.0,False
2024-10-11,AMZN,186.6300048828125,189.92999267578125,186.3000030517578,188.82000732421875,25751600,0.011626110360002828,1.2001865298958587,179.36800048828124,177.77095008850097,0.013324002276259548,200.0,-5.589996337890625,38899968.0,False
2024-10-14,AMZN,189.77999877929688,189.8300018310547,187.36000061035156,187.5399932861328,22614400,-0.006779016992029097,1.1852714280240613,179.76080047607422,177.9419500732422,0.013402874955479824,200.0,-6.230003356933594,36523288.0,False
2024-10-15,AMZN,187.6300048828125,188.41000366210938,184.5800018310547,187.69000244140625,32178900,0.0007998782160802964,1.1870193790355605,180.29420043945314,178.11350006103515,0.013245675783073937,200.0,-6.154998779296875,35503878.0,False
2024-10-16,AMZN,187.0500030517578,187.77999877929688,185.61000061035156,186.88999938964844,23456800,-0.004262363692000948,1.1776975070406568,180.79340057373048,178.28825004577638,0.0130854168085791,200.0,-6.555000305175781,34773998.0,False
2024-10-17,AMZN,188.22000122070312,188.94000244140625,186.0,187.52999877929688,25039400,0.0034244710350397334,1.1851549690765957,181.2886004638672,178.47625007629395,0.013091769187545592,200.0,-6.2350006103515625,34306622.0,False
2024-10-18,AMZN,187.14999389648438,190.74000549316406,186.27999877929688,188.99000549316406,37417700,0.007785456851548744,1.2021673988022887,181.75240051269532,178.67885009765624,0.012550558970046245,200.0,-5.504997253417969,34162652.0,True
2024-10-21,AMZN,188.0500030517578,189.4600067138672,186.39999389648438,189.07000732421875,24639400,0.0004233124965837831,1.2030996037817712,182.19500061035157,178.90135009765626,0.012372062920895818,200.0,-5.464996337890625,33927420.0,False
2024-10-22,AMZN,188.35000610351562,191.52000427246094,186.97999572753906,189.6999969482422,29650600,0.003332044214411578,1.2104404290703248,182.65300048828124,179.12365005493163,0.01207843269029009,200.0,-5.150001525878906,33918976.0,False
2024-10-23,AMZN,188.85000610351562,189.16000366210938,183.69000244140625,184.7100067138672,31937100,-0.026304640562205495,1.1522955880994625,182.9426007080078,179.3017000579834,0.013273728087867642,200.0,-7.644996643066407,33772960.0,False
2024-10-24,AMZN,185.25,187.11000061035156,183.86000061035156,186.3800048828125,21647400,0.009041189476714617,1.1717549003213668,183.26820068359376,179.47675010681152,0.01343861137141413,200.0,-6.80999755859375,33629032.0,False
2024-10-25,AMZN,187.85000610351562,190.4499969482422,187.52999877929688,187.8300018310547,29362100,0.007779788122410869,1.1886506932996745,183.47300079345703,179.6472501373291,0.013517942403432352,200.0,-6.084999084472656,33182304.0,False
2024-10-28,AMZN,189.57000732421875,190.2100067138672,188.2100067138672,188.38999938964844,27930800,0.002981406341556969,1.1951759503561314,183.6996008300781,179.81330017089843,0.013031019055088836,200.0,-5.805000305175781,33111136.0,False
2024-10-29,AMZN,188.5800018310547,191.4600067138672,187.82000732421875,190.8300018310547,35690200,0.012951868195294036,1.2236075799306234,183.95180084228517,179.99435020446776,0.013147753163313689,200.0,-4.584999084472656,33202344.0,True
2024-10-30,AMZN,194.6999969482422,195.61000061035156,192.4199981689453,192.72999572753906,37707600,0.009956473710913016,1.2457468703435897,184.22880065917968,180.1922001647949,0.013156972135181497,200.0,-3.6350021362304688,33431392.0,True
2024-10-31,AMZN,190.50999450683594,190.60000610351562,185.22999572753906,186.39999389648438,75146800,-0.03284388507953562,1.171987818216298,184.35460052490234,180.365650100708,0.015190390764217323,200.0,-6.8000030517578125,34222346.0,True
2024-11-01,AMZN,199.0,200.5,197.02000427246094,197.92999267578125,99687800,0.06185621865256041,1.3063387716105828,184.7906002807617,180.5878000640869,0.01980802657823355,200.0,-1.035003662109375,35575152.0,True
2024-11-04,AMZN,196.4499969482422,197.3300018310547,194.30999755859375,195.77999877929688,38492100,-0.01086239567545566,1.281286407311704,185.165400390625,180.79000007629395,0.019467711567538043,200.0,-2.1100006103515625,35761992.0,True
2024-11-05,AMZN,196.0399932861328,199.82000732421875,195.99000549316406,199.5,30564800,0.0190009257528736,1.3246329609580734,185.645400390625,181.01360008239746,0.01821974553952893,200.0,-0.25,35925964.0,False
2024-11-06,AMZN,200.00999450683594,207.5500030517578,199.13999938964844,207.08999633789062,72292200,0.038045094425516846,1.413073841462392,186.32480041503905,181.2689500427246,0.019585441780533404,207.08999633789062,0.0,36774968.0,True
2024-11-07,AMZN,207.44000244140625,212.25,207.19000244140625,210.0500030517578,52878400,0.01429333510169939,1.4475647145035588,187.10980041503908,181.53485008239747,0.01960276079574919,210.0500030517578,0.0,37251636.0,True
2024-11-08,AMZN,209.72000122070312,209.9600067138672,207.44000244140625,208.17999267578125,36075800,-0.008902691496347037,1.425774800932989,187.83100036621093,181.78700004577638,0.019870468558066984,210.0500030517578,-0.890269149634708,37444996.0,False
2024-11-11,AMZN,208.5,209.64999389648438,205.58999633789062,206.83999633789062,35456000,-0.006436720074140534,1.4101607675764791,188.39780029296875,182.02560005187988,0.01997801123572876,210.0500030517578,-1.528210743741917,37285528.0,False
2024-11-12,AMZN,208.3699951171875,209.5399932861328,206.00999450683594,208.91000366210938,38942900,0.010007771034946433,1.434281104695795,189.05100036621093,182.26385009765625,0.019837933977257197,210.0500030517578,-0.5427276234637967,37308036.0,True
2024-11-13,AMZN,209.39999389648438,215.08999633789062,209.13999938964844,214.10000610351562,46212900,0.024843245179395845,1.4947565470153235,189.86640045166016,182.53935012817382,0.02025250205492602,214.10000610351562,0.0,37626110.0,True
2024-11-14,AMZN,214.16000366210938,215.89999389648438,210.8800048828125,211.47999572753906,42620300,-0.012237320417028852,1.4642274117870167,190.53820037841797,182.8207501220703,0.02053680919709981,214.10000610351562,-1.2237320417028894,37675106.0,True
2024-11-15,AMZN,206.75999450683594,207.33999633789062,199.61000061035156,202.61000061035156,86591100,-0.041942478231440816,1.3608716072108198,191.16260040283203,183.03740013122558,0.023063255702106614,214.10000610351562,-5.366653510326729,38577598.0,True
2024-11-18,AMZN,204.14999389648438,204.6699981689453,200.9499969482422,201.6999969482422,36409900,-0.004491405455644082,1.350267975594118,191.68860046386717,183.18685012817383,0.023116478819348005,214.10000610351562,-5.7916902390363,38725048.0,False
2024-11-19,AMZN,199.3300018310547,205.3000030517578,198.77999877929688,204.61000061035156,31197900,0.014427385751800914,1.3841761982981184,192.18980041503906,183.35835014343263,0.023229343334053885,214.10000610351562,-4.432510613089717,38624330.0,False
2024-11-20,AMZN,202.97999572753906,203.1300048828125,199.4499969482422,202.8800048828125,32769000,-0.00845508881471324,1.3640177767915826,192.5570004272461,183.52700019836425,0.02338874814600083,214.10000610351562,-5.240542223655213,38428416.0,False
2024-11-21,AMZN,203.49000549316406,203.49000549316406,195.75,198.3800048828125,58800000,-0.022180598835253806,1.31158244684516,192.78460052490234,183.66625022888184,0.023142329726660322,214.10000610351562,-7.34236374243849,38933532.0,True
2024-11-22,AMZN,198.25,199.25999450683594,196.75,197.1199951171875,31530800,-0.006351495788949668,1.296900440668213,192.9972003173828,183.8026502227783,0.023207000957714562,214.10000610351562,-7.9308783289424225,39034240.0,False
2024-11-25,AMZN,199.27999877929688,201.9499969482422,199.0,201.4499969482422,40685700,0.021966324768223133,1.3473549017082056,193.32840026855467,183.93765022277833,0.02355917840761342,214.10000610351562,-5.908458101190927,39326644.0,True
2024-11-26,AMZN,201.89999389648438,208.0,201.7899932861328,207.86000061035156,41673700,0.03181932866326265,1.4220461588149798,193.74800018310546,184.1152502441406,0.024348483573830428,214.10000610351562,-2.914528405079573,39638284.0,True
2024-11-27,AMZN,206.97999572753906,207.63999938964844,205.0500030517578,205.74000549316406,28061600,-0.010199148999145757,1.397343349158417,194.13420043945314,184.3007502746582,0.024492907712041552,214.10000610351562,-3.904717595528498,39510554.0,False
2024-11-29,AMZN,205.8300018310547,208.1999969482422,204.58999633789062,207.88999938964844,24892400,0.010450052683389277,1.4223957134572953,194.49460052490235,184.48530029296876,0.024499274355094285,214.10000610351562,-2.900516831776595,39217538.0,False
2024-12-02,AMZN,209.9600067138672,212.99000549316406,209.50999450683594,210.7100067138672,39523200,0.01356490130596999,1.4552552722343481,194.87680053710938,184.6898503112793,0.023071019521715783,214.10000610351562,-1.5833719257389467,38000430.0,True
2024-12-03,AMZN,210.30999755859375,214.02000427246094,209.64999389648438,213.44000244140625,32214800,0.012956175029913197,1.4870659892845337,195.26800048828125,184.90950035095216,0.019326612991497245,214.10000610351562,-0.3082688665549447,37904864.0,False
2024-12-04,AMZN,215.9600067138672,220.0,215.75,218.16000366210938,48745700,0.02211394849472459,1.5420648384745532,195.7520004272461,185.16490036010742,0.019417149651973973,218.16000366210938,0.0,38010200.0,True
2024-12-05,AMZN,218.02999877929688,222.14999389648438,217.3000030517578,220.5500030517578,41140200,0.010955259211262725,1.5699138177118788,196.31240051269532,185.42470039367674,0.01921257122563617,220.5500030517578,0.0,38305182.0,True
2024-12-06,AMZN,220.75,227.14999389648438,220.60000610351562,227.02999877929688,44178100,0.029381072944344444,1.64542064305075,197.02980041503906,185.68695037841798,0.018548206805699578,227.02999877929688,0.0,38462046.0,True
2024-12-09,AMZN,227.2100067138672,230.0800018310547,225.6699981689453,226.08999633789062,46819400,-0.004140432746599476,1.6344674567917323,197.79220031738282,185.9424503326416,0.018500250461462805,227.02999877929688,-0.41404327465995205,38678388.0,True
2024-12-10,AMZN,226.08999633789062,229.05999755859375,224.1999969482422,225.0399932861328,31199900,-0.004644181824783544,1.6222325109109166,198.56640014648437,186.19400032043458,0.01837844274552096,227.02999877929688,-0.8765385648874582,38470708.0,False
2024-12-11,AMZN,226.41000366210938,231.1999969482422,226.25999450683594,230.25999450683594,35385800,0.02319588240507109,1.6830575078727605,199.46899993896486,186.4776003265381,0.018682083736781836,230.25999450683594,0.0,38457526.0,False
2024-12-12,AMZN,229.8300018310547,231.08999633789062,227.6300048828125,228.97000122070312,28204100,-0.0056023335225716675,1.6680261248534172,200.3532000732422,186.75665031433107,0.018795094444600962,230.25999450683594,-0.5602333522571658,38547526.0,False
2024-12-13,AMZN,228.39999389648438,230.1999969482422,225.86000061035156,227.4600067138672,28768100,-0.006594726378065796,1.6504312225904778,201.2632000732422,187.0101503753662,0.01834403788910394,230.25999450683594,-1.2160114043977468,38518802.0,False
2024-12-16,AMZN,230.22999572753906,233.0,228.00999450683594,232.92999267578125,37552100,0.024048121869595374,1.714169115638314,202.19160003662108,187.28370033264162,0.018540226707481115,232.92999267578125,0.0,38452038.0,False
2024-12-17,AMZN,232.38999938964844,232.72999572753906,227.85000610351562,231.14999389648438,35948100,-0.00764177579215608,1.6934280437946114,203.19859985351562,187.55155029296876,0.015476470759997498,232.92999267578125,-0.7641775792156067,38323716.0,False
2024-12-18,AMZN,230.77000427246094,231.39999389648438,220.11000061035156,220.52000427246094,43281400,-0.045987410359975445,1.5695642630695628,203.95459991455078,187.78355033874513,0.019150646765824137,232.92999267578125,-5.327776067289867,38661902.0,True
2024-12-19,AMZN,224.91000366210938,226.08999633789062,222.9199981689453,223.2899932861328,39918700,0.012561168873593154,1.6018409937095295,204.71699981689454,188.0324503326416,0.019106225269659494,232.92999267578125,-4.138582274832463,38933414.0,True
2024-12-20,AMZN,219.83999633789062,226.2100067138672,218.72999572753906,224.9199981689453,88279200,0.00729994595290151,1.6208342923416525,205.48239990234376,188.27295028686524,0.01888659737650571,232.92999267578125,-3.43879910647023,40143298.0,True
2024-12-23,AMZN,225.00999450683594,226.8800048828125,223.89999389648438,225.05999755859375,28070000,0.0006224408269079884,1.6224656066057666,206.20719970703124,188.5215002441406,0.01786814195722665,232.92999267578125,-3.3786954727388263,40189666.0,False
2024-12-24,AMZN,226.94000244140625,229.13999938964844,226.1300048828125,229.0500030517578,15007500,0.017728630305015702,1.6689583298328987,207.03739990234374,188.80695022583006,0.017796272329419365,232.92999267578125,-1.6657320851866653,40037528.0,False
2024-12-26,AMZN,228.5,228.5,226.6699981689453,227.0500030517578,16146700,-0.00873171784917226,1.6456537387455996,207.8245999145508,189.06525024414063,0.01779438646621906,232.92999267578125,-2.5243591675237305,39716884.0,False
2024-12-27,AMZN,225.60000610351562,226.02999877929688,220.89999389648438,223.75,27367100,-0.014534256804240364,1.6072011278915723,208.5617999267578,189.30120025634767,0.017281415072484728,232.92999267578125,-3.941095163540841,39795090.0,False
2024-12-30,AMZN,220.05999755859375,223.0,218.42999267578125,221.3000030517578,28321200,-0.010949707031249978,1.5786530393696152,209.23720001220704,189.51395027160643,0.017312253850531145,232.92999267578125,-4.992912029242793,39860726.0,False
2024-12-31,AMZN,222.97000122070312,223.22999572753906,218.94000244140625,219.38999938964844,24819700,-0.008630834323407832,1.5563971122092641,209.8451998901367,189.73880027770997,0.017436219879409305,232.92999267578125,-5.812902465067834,39608766.0,False
2025-01-02,AMZN,222.02999877929688,225.14999389648438,218.19000244140625,220.22000122070312,33956600,0.003783225458606987,1.5660685388464834,210.4681997680664,189.96750030517578,0.01726160191235469,232.92999267578125,-5.45657143980138,39795110.0,False
2025-01-03,AMZN,222.50999450683594,225.36000061035156,221.6199951171875,224.19000244140625,27515600,0.018027432561515733,1.6123281663787656,211.15799987792968,190.20895034790038,0.01745332097561098,232.92999267578125,-3.752196157297924,39752410.0,False
2025-01-06,AMZN,226.77999877929688,228.83999633789062,224.83999633789062,227.61000061035156,31849800,0.015254909370185477,1.6521789958020565,212.01599975585938,190.45625038146972,0.01712885249158971,232.92999267578125,-2.2839446325981148,39750664.0,False
2025-01-07,AMZN,227.89999389648438,228.3800048828125,221.4600067138672,222.11000061035156,28084200,-0.02416414035082548,1.588091370311984,212.73059967041016,190.67605041503907,0.017923392113242273,232.92999267578125,-4.645169109025043,39879400.0,False
2025-01-08,AMZN,223.19000244140625,223.52000427246094,220.1999969482422,222.1300048828125,25033300,9.006470850470016e-05,1.588324466006835,213.4165997314453,190.8923504638672,0.016657649787304142,232.92999267578125,-4.636581003976339,39792824.0,False
2025-01-10,AMZN,221.4600067138672,221.7100067138672,216.5,218.94000244140625,36811500,-0.014360970473526025,1.5511536147746057,214.02759979248046,191.08850044250488,0.0169043814122561,232.92999267578125,-6.0060922484327195,39970438.0,False
2025-01-13,AMZN,218.05999755859375,219.39999389648438,216.47000122070312,218.4600067138672,27262700,-0.0021923619356289947,1.5455605626976316,214.58019989013673,191.28930046081544,0.01688925611201365,232.92999267578125,-6.2121609139682805,39801888.0,False
2025-01-14,AMZN,220.44000244140625,221.82000732421875,216.1999969482422,217.75999450683594,24711700,-0.003204303696411115,1.537403813577141,215.08079986572267,191.47895042419432,0.015932105868401117,232.92999267578125,-6.512685633430067,39541970.0,False
2025-01-15,AMZN,222.8300018310547,223.57000732421875,220.75,223.35000610351562,31291300,0.025670516796895804,1.6025402807940807,215.81980010986328,191.69380043029784,0.017052922914918094,232.92999267578125,-4.112817959686348,38664860.0,False
2025-01-16,AMZN,224.4199981689453,224.64999389648438,220.30999755859375,220.66000366210938,24757300,-0.012043887924316987,1.5711955773336763,216.27440032958984,191.8922504425049,0.01718258722126452,232.92999267578125,-5.267672433558462,37166250.0,False
2025-01-17,AMZN,225.83999633789062,226.50999450683594,223.0800018310547,225.94000244140625,42370100,0.023928209424767255,1.6327196835801518,216.87760040283203,192.11850044250488,0.017173759094901726,232.92999267578125,-3.000897460252992,37243810.0,True
2025-01-21,AMZN,228.89999389648438,231.77999877929688,226.94000244140625,230.7100067138672,39951500,0.021111818274402117,1.6883011831073373,217.50180053710938,192.36000045776368,0.017779117366232493,232.92999267578125,-0.9530700346537573,37431544.0,True
2025-01-22,AMZN,232.02000427246094,235.44000244140625,231.19000244140625,235.00999450683594,41448200,0.018638063663626525,1.7384059117050943,218.0602005004883,192.63505043029784,0.014744026818816359,235.00999450683594,0.0,36814664.0,True
2025-01-23,AMZN,234.10000610351562,235.52000427246094,231.50999450683594,235.4199981689453,26404400,0.0017446222360446573,1.7431833955499711,218.56760040283203,192.88680038452148,0.014586478400602317,235.4199981689453,0.0,36285184.0,False
2025-01-24,AMZN,234.5,236.39999389648438,232.92999267578125,234.85000610351562,25890700,-0.002421170970448472,1.736541679546049,219.1010006713867,193.13510040283202,0.014584891540778371,235.4199981689453,-0.24211709704484918,36081482.0,False
2025-01-27,AMZN,226.2100067138672,235.61000061035156,225.86000061035156,235.4199981689453,49428300,0.0024270472668348475,1.7431833955499711,219.67260070800782,193.38385040283202,0.014580693130782264,235.4199981689453,0.0,36360928.0,True
2025-01-28,AMZN,234.2899932861328,241.77000427246094,233.97999572753906,238.14999389648438,41587200,0.011596277923593856,1.7749941126001567,220.2574005126953,193.64485038757323,0.014314084637429558,238.14999389648438,0.0,36413814.0,True
2025-01-29,AMZN,239.02000427246094,240.38999938964844,236.14999389648438,237.07000732421875,26091700,-0.004534900692607424,1.7624097898769446,220.71680053710938,193.88495040893554,0.01418615696019721,238.14999389648438,-0.45349006926074414,36011390.0,False
2025-01-30,AMZN,237.13999938964844,237.9499969482422,232.22000122070312,234.63999938964844,32020700,-0.010250170242948609,1.7340946192499183,221.18000061035156,194.12750038146973,0.01396322288063725,238.14999389648438,-1.4738587431421943,35799398.0,False
2025-01-31,AMZN,236.5,240.2899932861328,236.41000366210938,237.67999267578125,36110200,0.012955989149507907,1.7695175194706483,221.88140045166017,194.39780036926268,0.013797530153849914,238.14999389648438,-0.1973551260754675,34789780.0,True
2025-02-03,AMZN,234.05999755859375,239.25,232.89999389648438,237.4199981689453,37285900,-0.0010938846972727845,1.7664879866372702,222.59580047607423,194.66830032348633,0.013562322617008904,238.14999389648438,-0.30652771205040075,34807300.0,True
2025-02-04,AMZN,239.00999450683594,242.52000427246094,238.02999877929688,242.05999755859375,29713800,0.019543422733693472,1.8205546308478069,223.34480041503906,194.9722003173828,0.013987520267777942,242.05999755859375,0.0,34777618.0,False
2025-02-05,AMZN,237.02000427246094,238.32000732421875,235.1999969482422,236.1699981689453,38727300,-0.024332807771026643,1.751922617207708,224.0106002807617,195.256950302124,0.01497476758134794,242.05999755859375,-2.4332807771026634,34896784.0,True
2025-02-06,AMZN,238.00999450683594,239.66000366210938,236.00999450683594,238.8300018310547,60897100,0.011263088803542765,1.7829177660257964,224.81960021972657,195.57795028686525,0.014830587506635913,242.05999755859375,-1.3343781542248427,34938726.0,True
2025-02-07,AMZN,232.5,234.80999755859375,228.05999755859375,229.14999389648438,77539300,-0.04053095448794508,1.670123452707311,225.4602001953125,195.83755027770997,0.01661857098228567,242.05999755859375,-5.333389982780753,35858896.0,True
2025-02-10,AMZN,230.5500030517578,233.9199981689453,229.1999969482422,233.13999938964844,35419900,0.017412199866636335,1.7166161759344436,226.09400024414063,196.10555030822755,0.01696515455765552,242.05999755859375,-3.6850360484640223,35753580.0,False
2025-02-11,AMZN,231.9199981689453,233.44000244140625,230.1300048828125,232.75999450683594,23713700,-0.0016299428832775575,1.7121882467318827,226.59200012207032,196.38640029907228,0.016557172276330044,242.05999755859375,-3.8420239385099664,35394380.0,False
2025-02-12,AMZN,230.4600067138672,231.17999267578125,228.16000366210938,228.92999267578125,32285200,-0.01645472556041927,1.667559933463715,227.05579986572266,196.66270027160644,0.017067621304302987,242.05999755859375,-5.424277045047153,35478852.0,False
2025-02-13,AMZN,228.85000610351562,230.4199981689453,227.52000427246094,230.3699951171875,31346500,0.006290143220533118,1.6843392674945576,227.50539978027345,196.91645027160644,0.017038271397624222,242.05999755859375,-4.829382202475043,35607934.0,False
2025-02-14,AMZN,229.1999969482422,229.88999938964844,227.22999572753906,228.67999267578125,27031100,-0.007336035409240549,1.6646468595778026,227.86479949951172,197.155050201416,0.016333082685441414,242.05999755859375,-5.527557224556981,35358092.0,False
2025-02-18,AMZN,228.82000732421875,229.3000030517578,223.72000122070312,226.64999389648438,42975100,-0.008877028355405714,1.6409927138481875,228.12899932861328,197.41330017089842,0.016218405752949416,242.05999755859375,-6.366191777879029,35573298.0,True
2025-02-19,AMZN,225.52000427246094,226.8300018310547,223.7100067138672,226.6300048828125,28566700,-8.819331220011328e-05,1.6407597959532567,228.29839935302735,197.6514501953125,0.015375426500158676,242.05999755859375,-6.374449653560052,35169718.0,False
2025-02-20,AMZN,224.77999877929688,225.1300048828125,221.80999755859375,222.8800048828125,30001700,-0.016546793977871843,1.5970636876645714,228.34499938964845,197.84225021362306,0.015013519741645706,242.05999755859375,-7.923652346207466,34946948.0,False
2025-02-21,AMZN,223.27999877929688,223.30999755859375,214.74000549316406,216.5800018310547,55323900,-0.028266344731418536,1.5236541901795957,228.13599945068358,197.99410018920898,0.015347648148933711,242.05999755859375,-10.526314130599502,35169864.0,True
2025-02-24,AMZN,217.4499969482422,217.72000122070312,212.4199981689453,212.7100067138672,42387600,-0.017868663239768212,1.4785598633216464,227.86839965820312,198.1141502380371,0.015590259129330857,242.05999755859375,-12.125089292220627,35081228.0,True
2025-02-25,AMZN,211.6300048828125,213.33999633789062,204.16000366210938,212.8000030517578,58958000,0.000423094048469963,1.4796085272485944,227.62359985351563,198.23435028076173,0.015623384978552032,242.05999755859375,-12.087909940490343,35636390.0,True
2025-02-26,AMZN,214.94000244140625,218.16000366210938,213.08999633789062,214.35000610351562,39120600,0.007283848822975836,1.497669620901235,227.3054000854492,198.3661003112793,0.01576737486936091,242.05999755859375,-11.447571566785033,35711086.0,True
2025-02-27,AMZN,218.35000610351562,219.97000122070312,208.3699951171875,208.74000549316406,40548600,-0.02617215045770671,1.4323002357893646,226.90080017089844,198.4623003387451,0.01601140966772591,242.05999755859375,-13.76517904713444,35957976.0,True
2025-02-28,AMZN,208.64999389648438,212.6199951171875,206.99000549316406,212.27999877929688,51771700,0.016958863624485065,1.4735492837819195,226.59720001220703,198.5863003540039,0.016786932943106406,242.05999755859375,-12.302734478912916,36418048.0,True
2025-03-03,AMZN,213.35000610351562,214.00999450683594,202.5500030517578,205.02000427246094,42948400,-0.034200087377916355,1.3889536821429953,226.03900024414062,198.6785503387451,0.017928334977874175,242.05999755859375,-15.30198862253843,36525974.0,True
2025-03-04,AMZN,200.11000061035156,206.8000030517578,197.42999267578125,203.8000030517578,60853100,-0.005950644792114046,1.3747378673557495,225.4920004272461,198.76220031738282,0.01738198925672006,242.05999755859375,-15.805996402844139,37024074.0,True
2025-03-05,AMZN,204.8000030517578,209.97999572753906,203.25999450683594,208.36000061035156,38610100,0.022374865016246748,1.4278723065868042,225.24880035400392,198.87405029296875,0.01850883187476645,242.05999755859375,-13.922166937180386,36930648.0,True
2025-03-06,AMZN,204.39999389648438,205.77000427246094,198.3000030517578,200.6999969482422,49863800,-0.03676331176651382,1.3386156800504687,224.7970004272461,198.9594002532959,0.018695853219264976,242.05999755859375,-17.086673150254757,37129550.0,True
2025-03-07,AMZN,199.49000549316406,202.27000427246094,192.52999877929688,199.25,59802800,-0.007224698407026442,1.321719887072161,224.28360046386717,199.0321502685547,0.018350831812869377,242.05999755859375,-17.68569693066738,36560022.0,True
2025-03-10,AMZN,195.60000610351562,196.72999572753906,190.85000610351562,194.5399932861328,62350900,-0.02363867861413893,1.266837496829607,223.67320037841796,199.0871502685547,0.018107353073961253,242.05999755859375,-19.631498286270165,37245640.0,True
2025-03-11,AMZN,193.89999389648438,200.17999267578125,193.39999389648438,196.58999633789062,54002900,0.010537694677220655,1.2907247382540725,223.02400024414064,199.15435028076172,0.01714390742688231,242.05999755859375,-18.7845995535452,38025548.0,True
2025-03-12,AMZN,200.72000122070312,201.52000427246094,195.2899932861328,198.88999938964844,43679300,0.011699491808345508,1.3175250535644505,222.46080017089844,199.2331502532959,0.016776387856594594,242.05999755859375,-17.83442064131041,38576200.0,True
2025-03-13,AMZN,198.1699981689453,198.8800048828125,191.82000732421875,193.88999938964844,41270800,-0.025139524437347016,1.259263575846203,221.8636001586914,199.29735023498534,0.017152130352702945,242.05999755859375,-19.90002423150696,38854274.0,True
2025-03-14,AMZN,197.41000366210938,198.64999389648438,195.32000732421875,197.9499969482422,38096700,0.02093969555611075,1.3065718673054327,221.3966000366211,199.38335021972657,0.018196670051973892,242.05999755859375,-18.222755124862864,39049784.0,False
2025-03-17,AMZN,198.77000427246094,199.0,194.32000732421875,195.74000549316406,47341800,-0.01116439246854839,1.2808203937219225,220.9236001586914,199.45130027770995,0.017968887445332447,242.05999755859375,-19.135748381645477,39500226.0,True
2025-03-18,AMZN,192.52000427246094,194.0,189.3800048828125,192.82000732421875,40414900,-0.014917738259935254,1.2467957120704565,220.37560028076172,199.50530029296874,0.01803992823334841,242.05999755859375,-20.342060121873637,39629392.0,True
2025-03-19,AMZN,193.3800048828125,195.97000122070312,191.9600067138672,195.5399932861328,39442900,0.014106347155876442,1.2784897923732568,219.80260009765624,199.5864002227783,0.01866612522744586,242.05999755859375,-19.218377568230853,39867938.0,False
2025-03-20,AMZN,193.07000732421875,199.32000732421875,192.3000030517578,194.9499969482422,38921100,-0.003017266841301769,1.2716149806744843,219.14940002441406,199.6789501953125,0.01862405540637773,242.05999755859375,-19.462117278980795,40009364.0,False
2025-03-21,AMZN,192.89999389648438,196.99000549316406,192.52000427246094,196.2100067138672,60056900,0.006463245885351521,1.2862969868514313,218.63140014648437,199.76830024719237,0.01870964990535373,242.05999755859375,-18.94158113986925,40648818.0,True
2025-03-24,AMZN,200.0,203.63999938964844,199.9499969482422,203.25999450683594,41625400,0.03593082692897376,1.3684455281942243,218.25399993896485,199.8879002380371,0.02006503187799111,242.05999755859375,-16.029085120669624,40980660.0,True
2025-03-25,AMZN,203.60000610351562,206.2100067138672,203.22000122070312,205.7100067138672,31171200,0.012053587883713357,1.396993794516101,217.98940002441407,200.01005027770995,0.020005718915109,242.05999755859375,-15.0169343184958,40867854.0,False
2025-03-26,AMZN,205.83999633789062,206.00999450683594,199.92999267578125,201.1300048828125,32855300,-0.022264360904062586,1.343626259590196,217.64279998779296,200.09070030212402,0.02050856720947964,242.05999755859375,-16.90902796356247,40979706.0,False
2025-03-27,AMZN,200.88999938964844,203.7899932861328,199.27999877929688,201.36000061035156,27317700,0.0011435177345771042,1.346306237781258,217.31480010986328,200.176000289917,0.020405898709258782,242.05999755859375,-16.81401196345556,41031826.0,False
2025-03-28,AMZN,198.4199981689453,199.25999450683594,191.8800048828125,192.72000122070312,52548200,-0.04290822091507418,1.2456304113961232,216.70220001220704,200.20430030822754,0.021654067947520138,242.05999755859375,-20.383374715166326,41456964.0,True
2025-03-31,AMZN,188.19000244140625,191.3300018310547,184.39999389648438,190.25999450683594,63547600,-0.012764667384211892,1.2169656861267808,216.09419982910157,200.21945030212402,0.021212000646606038,242.05999755859375,-21.399654455180663,42232770.0,True
2025-04-01,AMZN,187.86000061035156,193.92999267578125,187.1999969482422,192.1699981689453,41267300,0.010038913682617334,1.2392216132871319,215.41879974365236,200.2458502960205,0.020344609548608842,242.05999755859375,-20.610592370832325,42210714.0,False
2025-04-02,AMZN,187.66000366210938,198.33999633789062,187.66000366210938,196.00999450683594,53679200,0.01998228846583383,1.2839663855027652,214.72479949951173,200.30675025939942,0.02092756226522946,242.05999755859375,-19.02421032645463,42485268.0,True
2025-04-03,AMZN,183.0,184.1300048828125,176.9199981689453,178.41000366210938,95553600,-0.08979129298487254,1.078886090614486,213.5927996826172,200.28050025939942,0.027706587715106517,242.05999755859375,-26.295131181713355,43567376.0,True
2025-04-04,AMZN,167.14999389648438,178.13999938964844,166.0,171.0,123159400,-0.041533565999713695,0.9925425379640624,212.3043997192383,200.21520027160645,0.027981123885159026,242.05999755859375,-29.3563572152779,45502476.0,True
2025-04-07,AMZN,162.0,183.41000366210938,161.3800048828125,175.25999450683594,109327100,0.024912248577988017,1.0421812529720382,211.1125994873047,200.17745025634767,0.028845887327471374,242.05999755859375,-27.596465225770324,47171204.0,True
2025-04-08,AMZN,185.22999572753906,185.89999389648438,168.57000732421875,170.66000366210938,87710400,-0.026246667744515673,0.9885808001512024,209.81739959716796,200.10025024414062,0.02893254329821146,242.05999755859375,-29.49681674651801,47936846.0,True
2025-04-09,AMZN,172.1199951171875,192.64999389648438,169.92999267578125,191.10000610351562,116804300,0.11977031526306248,1.226753749511385,208.8763998413086,200.11035026550292,0.03979704794535509,242.05999755859375,-21.052628261199004,49441188.0,True
2025-04-10,AMZN,185.44000244140625,186.8699951171875,175.85000610351562,181.22000122070312,68302000,-0.05170070417193329,1.1116290126441535,207.75939971923827,200.08860023498536,0.04119711687030261,242.05999755859375,-25.134262972618398,50285394.0,True
2025-04-11,AMZN,179.92999267578125,185.86000061035156,178.0,184.8699951171875,50594300,0.020141230945248445,1.1541598202585064,206.76399963378907,200.08125022888183,0.04119969438188649,242.05999755859375,-23.62637487326367,50656866.0,False
2025-04-14,AMZN,186.83999633789062,187.44000244140625,179.22999572753906,182.1199951171875,48002500,-0.014875318183769082,1.1221160075134704,205.6527996826172,200.023800201416,0.040966370720015265,242.05999755859375,-24.762456847871775,50894712.0,False
2025-04-15,AMZN,181.41000366210938,182.35000610351562,177.92999267578125,179.58999633789062,43642000,-0.013891933050343641,1.0926357140120309,204.4961996459961,199.9325001525879,0.040997284823309395,242.05999755859375,-25.807651760213478,51021834.0,False
2025-04-16,AMZN,176.2899932861328,179.10000610351562,171.41000366210938,174.3300018310547,51875300,-0.029288905919567454,1.0313447034604057,203.14159973144533,199.83790016174316,0.0413195287549365,242.05999755859375,-27.98066446776037,51465064.0,True
2025-04-17,AMZN,176.0,176.2100067138672,172.0,172.61000061035156,44726500,-0.009866352335440198,1.011302740901335,201.87039978027343,199.7149501800537,0.04112533887140477,242.05999755859375,-28.691232607085738,51585048.0,False
2025-04-21,AMZN,169.60000610351562,169.60000610351562,165.2899932861328,167.32000732421875,48126100,-0.030647084568839134,0.949662175707394,200.4401998901367,199.5515502166748,0.04149471033989807,242.05999755859375,-30.876638431876057,51329628.0,False
2025-04-22,AMZN,169.85000610351562,176.77999877929688,169.35000610351562,173.17999267578125,56607200,0.03502262189247651,1.0179444569052571,199.32079986572265,199.42950019836425,0.042397119571682504,242.05999755859375,-28.455757075738713,50910986.0,True
2025-04-23,AMZN,183.4499969482422,187.3800048828125,180.19000244140625,180.60000610351562,63470100,0.042845673527805994,1.1044046463030655,198.27,199.33250022888183,0.042756922529079755,242.05999755859375,-25.390395800611763,51471990.0,True
2025-04-24,AMZN,180.9199981689453,186.74000549316406,180.17999267578125,186.5399932861328,43763200,0.03289029336584037,1.1736191324804106,197.34559997558594,199.26875022888183,0.043403387211176966,242.05999755859375,-22.93646403058465,51872980.0,False
2025-04-25,AMZN,187.6199951171875,189.94000244140625,185.49000549316406,188.99000549316406,36414300,0.013133978209558528,1.2021673988022878,196.5468002319336,199.2170002746582,0.04333627204881138,242.05999755859375,-21.924313228410824,51955562.0,False
2025-04-28,AMZN,190.11000061035156,190.22000122070312,184.88999938964844,187.6999969482422,33224700,-0.006825802991833552,1.1871358379830248,195.69340026855468,199.15655029296875,0.04334154587971576,242.05999755859375,-22.457242484765796,51993126.0,False
2025-04-29,AMZN,183.99000549316406,188.02000427246094,183.67999267578125,187.38999938964844,41667300,-0.0016515586767922308,1.1835236548124808,194.86760040283204,199.1182502746582,0.042339762560776165,242.05999755859375,-22.58530889876248,52285850.0,False
2025-04-30,AMZN,182.1699981689453,185.0500030517578,178.85000610351562,184.4199981689453,55176500,-0.015849304820837684,1.1489163228238484,194.02300048828124,199.0679002380371,0.042389787111964804,242.05999755859375,-23.812277935636985,52529878.0,True
2025-05-01,AMZN,190.6300048828125,191.80999755859375,187.5,190.1999969482422,74266000,0.031341496782804956,1.2162665768421492,193.29440032958985,199.0553002166748,0.04290980659158045,242.05999755859375,-21.424440689667517,53443864.0,True
2025-05-02,AMZN,191.44000244140625,192.8800048828125,186.39999389648438,189.97999572753906,77903500,-0.0011566836184702112,1.2137030575985528,192.63640014648436,199.0401001739502,0.042674140138563,242.05999755859375,-21.515327751933917,54401900.0,True
2025-05-05,AMZN,186.50999450683594,188.17999267578125,185.52999877929688,186.35000610351562,35217500,-0.01910722026349243,1.1714053456790507,192.0318002319336,199.03220024108887,0.03779924029616956,242.05999755859375,-23.01495167188573,53999772.0,False
2025-05-06,AMZN,184.57000732421875,187.92999267578125,183.85000610351562,185.00999450683594,29314100,-0.007190832051464091,1.1557911345226213,191.47779998779296,199.03850021362305,0.03650915241301558,242.05999755859375,-23.568538224887043,53738302.0,False
2025-05-07,AMZN,185.55999755859375,190.99000549316406,185.00999450683594,188.7100067138672,43948600,0.019998985551532122,1.1989047702740603,190.99600006103515,199.06640022277833,0.036386461054958325,242.05999755859375,-22.03998652516408,53438114.0,False
2025-05-08,AMZN,191.42999267578125,194.3300018310547,188.82000732421875,192.0800018310547,41043600,0.01785806262143419,1.2381729493601847,190.55059997558592,199.1140502166748,0.03581346858878712,242.05999755859375,-20.64777172256261,53476574.0,False
2025-05-09,AMZN,193.3800048828125,194.69000244140625,191.16000366210938,193.05999755859375,29663100,0.0051020185245573835,1.2495921492089836,190.23699981689452,199.14730018615722,0.024634474367504235,242.05999755859375,-20.242915183926215,53258864.0,False
2025-05-12,AMZN,210.7100067138672,211.66000366210938,205.75,208.63999938964844,75205000,0.08070031092964336,1.431134935115033,190.16419982910156,199.28635017395018,0.02732822942540755,242.05999755859375,-13.806493640427131,53727530.0,True
2025-05-13,AMZN,211.0800018310547,214.83999633789062,210.10000610351562,211.3699951171875,56193700,0.01308471882441209,1.4629456521652187,190.2911996459961,199.44395011901855,0.027202697177959784,242.05999755859375,-12.678675845221942,53992436.0,True
2025-05-14,AMZN,211.4499969482422,211.92999267578125,208.85000610351562,210.25,38492100,-0.005298742220089303,1.4498951380523053,190.42019958496093,199.58270011901857,0.026900741002578905,242.05999755859375,-13.141369032234964,53545216.0,False
2025-05-15,AMZN,206.4499969482422,206.8800048828125,202.6699981689453,205.1699981689453,64347300,-0.024161720956264898,1.3907014553545753,190.3563995361328,199.69255012512207,0.027392212923943664,242.05999755859375,-15.24002303632129,54059960.0,True
2025-05-16,AMZN,206.85000610351562,206.85000610351562,204.3699951171875,205.58999633789062,43318500,0.002047074000553817,1.3955953981469178,190.45419952392578,199.8119500732422,0.026158801125794304,242.05999755859375,-15.066513091191405,53929054.0,False
2025-05-19,AMZN,201.64999389648438,206.6199951171875,201.25999450683594,206.16000366210938,34314800,0.0027725440652370814,1.402237291950759,190.59239959716797,199.90785011291504,0.025866030612696097,242.05999755859375,-14.83103125612249,53419294.0,False
2025-05-20,AMZN,204.6300048828125,205.58999633789062,202.64999389648438,204.07000732421875,29470400,-0.010137739138364021,1.3778840369365124,190.78299987792968,200.00785011291504,0.024661055888022827,242.05999755859375,-15.694452043931395,52761684.0,False
2025-05-21,AMZN,201.61000061035156,203.4600067138672,200.05999755859375,201.1199951171875,42460900,-0.014455883280997672,1.3435096228428107,190.87359985351563,200.17395011901854,0.024491982617670282,242.05999755859375,-16.913163205124874,52530844.0,False
2025-05-22,AMZN,201.3800048828125,205.75999450683594,200.16000366210938,203.10000610351562,38938900,0.00984492359983613,1.366581296035179,190.95779998779298,200.38435012817382,0.023126351603566866,242.05999755859375,-16.095179644727278,52436036.0,False
2025-05-23,AMZN,198.89999389648438,202.3699951171875,197.85000610351562,200.99000549316406,33393500,-0.010388973643241206,1.341994945326082,191.09980010986328,200.57965019226074,0.02251695036962151,242.05999755859375,-16.966864611939098,52278490.0,False
2025-05-27,AMZN,203.08999633789062,206.69000244140625,202.19000244140625,206.02000427246094,34892000,0.025026113945093353,1.400605977686645,191.26120025634765,200.79590019226075,0.022909725419658404,242.05999755859375,-14.888867904499117,52214396.0,False
2025-05-28,AMZN,205.9199981689453,207.66000366210938,204.41000366210938,204.72000122070312,28549800,-0.006310081665849121,1.3854579579199169,191.44080017089843,200.99050018310547,0.022897408770954773,242.05999755859375,-15.425926098694601,51838556.0,False
2025-05-29,AMZN,208.02999877929688,208.80999755859375,204.22999572753906,205.6999969482422,34650000,0.004787005283780621,1.3968771577687162,191.6983999633789,201.18430015563965,0.02285561726265031,242.05999755859375,-15.021069560058207,51723258.0,False
2025-05-30,AMZN,204.83999633789062,205.99000549316406,201.6999969482422,205.00999450683594,51679400,-0.0033544115296213484,1.388837045395611,191.88779998779296,201.37535011291504,0.022453263459213415,242.05999755859375,-15.306123864100835,51967988.0,False
2025-06-02,AMZN,204.97999572753906,207.0,202.67999267578125,206.64999389648438,29113300,0.007999607012299847,1.4079468029751991,192.1217999267578,201.55745010375978,0.02166275538196635,242.05999755859375,-14.62860613866524,51771832.0,False
2025-06-03,AMZN,207.11000061035156,208.9499969482422,205.02999877929688,205.7100067138672,33139100,-0.004548692041520419,1.3969937945161015,192.3117999267578,201.73550010681151,0.02171706970529978,242.05999755859375,-15.0169343184958,51233476.0,False
2025-06-04,AMZN,206.5500030517578,208.17999267578125,205.17999267578125,207.22999572753906,29915600,0.007388989179248462,1.414705155726507,192.39119995117187,201.88370010375976,0.02106663132724461,242.05999755859375,-14.388995365755813,50999280.0,False
2025-06-05,AMZN,209.5500030517578,212.80999755859375,207.55999755859375,207.91000366210938,51864200,0.0032814165352026414,1.422628809152147,192.43519989013672,202.03795013427734,0.020879925673482,242.05999755859375,-14.108069999553695,51413140.0,True
2025-06-06,AMZN,212.39999389648438,213.8699951171875,210.5,213.57000732421875,39832500,0.027223334916139486,1.4885808446011843,192.68399993896483,202.21470016479492,0.021183339080090107,242.05999755859375,-11.769805222557943,51552684.0,False
2025-06-09,AMZN,214.75,217.85000610351562,212.8800048828125,216.97999572753906,38102500,0.015966607137600786,1.5283150372770904,192.9963998413086,202.40520011901856,0.02113488757567652,242.05999755859375,-10.361068364872535,51768380.0,False
2025-06-10,AMZN,216.77999877929688,217.69000244140625,214.14999389648438,217.61000061035156,31303300,0.0029035159702168745,1.5356560403655637,193.49419982910158,202.59270011901856,0.021145141466953236,242.05999755859375,-10.100800295316763,51343482.0,False
2025-06-11,AMZN,217.41000366210938,218.39999389648438,212.88999938964844,213.1999969482422,39326000,-0.020265629565462184,1.4842693743460886,193.9529998779297,202.7780500793457,0.013324747835316815,242.05999755859375,-11.922664174763376,50859050.0,False
2025-06-12,AMZN,211.77999877929688,213.5800018310547,211.3300018310547,213.24000549316406,27640000,0.00018765734284498237,1.4847355657357895,194.37440002441406,202.95905014038087,0.01303961210515466,242.05999755859375,-11.906135815957544,50586504.0,False
2025-06-13,AMZN,209.9600067138672,214.0500030517578,209.6199951171875,212.10000610351562,29337800,-0.0053460859139069505,1.4714519559280257,194.69620025634765,203.14205017089844,0.013040668906693548,242.05999755859375,-12.377093182373482,50099676.0,False
2025-06-16,AMZN,212.30999755859375,217.05999755859375,211.60000610351562,216.10000610351562,33284200,0.018859028217320217,1.5180611381026234,195.4500003051758,203.35695022583008,0.012333019460217316,242.05999755859375,-10.72461031021624,48854288.0,False
2025-06-17,AMZN,215.1999969482422,217.41000366210938,214.55999755859375,214.82000732421875,32086300,-0.005923177895162723,1.5031462140307457,196.32640045166016,203.57705024719237,0.01247102903022104,242.05999755859375,-11.253404325008805,47032826.0,False
2025-06-18,AMZN,215.08999633789062,217.9600067138672,212.33999633789062,212.52000427246094,44360500,-0.010706651956707725,1.4763458987203677,197.07160064697266,203.77905029296875,0.012781329405909276,242.05999755859375,-12.203583237243599,45733494.0,False
2025-06-20,AMZN,214.67999267578125,214.88999938964844,208.27000427246094,209.69000244140625,75350700,-0.013316402099383007,1.4433698809958493,197.8522006225586,203.93500030517578,0.012944141530990447,242.05999755859375,-13.372715625741474,45486300.0,True
2025-06-23,AMZN,209.7899932861328,210.38999938964844,207.30999755859375,208.47000122070312,37311700,-0.005818118205440093,1.4291540662086035,198.19960052490234,204.0961003112793,0.01254712303261416,242.05999755859375,-13.876723406047187,43896448.0,False
2025-06-24,AMZN,212.13999938964844,214.33999633789062,211.0500030517578,212.77000427246094,38378800,0.02062648355436747,1.4792589726062801,198.8306005859375,204.29330032348633,0.013101726258367509,242.05999755859375,-12.100303057733772,43297984.0,False
2025-06-25,AMZN,214.6199951171875,216.02999877929688,211.11000061035156,211.99000549316406,31755700,-0.0036659245365152637,1.4701701963062273,199.37300079345704,204.4638003540039,0.012856034957765435,242.05999755859375,-12.422536713506682,42921212.0,False
2025-06-26,AMZN,213.1199951171875,218.0399932861328,212.00999450683594,217.1199951171875,50480800,0.024199205109171285,1.5299463515412035,200.07300079345703,204.6924503326416,0.01278504259915549,242.05999755859375,-10.303231716495906,42970778.0,True
2025-06-27,AMZN,219.9199981689453,223.3000030517578,216.74000549316406,223.3000030517578,119217100,0.028463559660798277,1.6019576304569156,200.94720092773437,204.93195037841798,0.01378863838043293,242.05999755859375,-7.750142401077584,44482280.0,True
2025-06-30,AMZN,223.52000427246094,223.82000732421875,219.1199951171875,219.38999938964844,58887800,-0.017510092291414314,1.5563971122092655,201.84840087890626,205.13115036010743,0.014579805205949864,242.05999755859375,-9.365445921504541,44622530.0,True
2025-07-01,AMZN,219.5,221.8800048828125,217.92999267578125,220.4600067138672,39256800,0.00487719279454657,1.568865153784932,202.80540100097656,205.31085037231446,0.014505992106566683,242.05999755859375,-8.923403727415971,44513136.0,False
2025-07-02,AMZN,219.72999572753906,221.60000610351562,219.05999755859375,219.9199981689453,30894200,-0.002449462616694653,1.5625728146234064,203.85740081787108,205.47545036315918,0.01452548749338371,242.05999755859375,-9.14649244524146,44168498.0,False
2025-07-03,AMZN,221.82000732421875,224.00999450683594,221.36000061035156,223.41000366210938,29632400,0.015869432167251007,1.603239390078714,204.86200103759765,205.6600503540039,0.014672778297513454,242.05999755859375,-7.704698869944384,43629002.0,False
2025-07-07,AMZN,223.0,224.2899932861328,222.3699951171875,223.47000122070312,36604100,0.0002685535903059755,1.6039384993633456,205.7194009399414,205.85295036315918,0.01467379557586458,242.05999755859375,-7.679912635457528,43091682.0,False
2025-07-08,AMZN,223.9199981689453,224.0,218.42999267578125,219.36000061035156,45692000,-0.018391733064396676,1.5560475575669495,206.37580108642578,206.01535034179688,0.015446613809617094,242.05999755859375,-9.37783903874797,43130258.0,True
2025-07-09,AMZN,221.07000732421875,224.2899932861328,220.47000122070312,222.5399932861328,38155100,0.014496684294917905,1.5931017720517935,207.04680084228517,206.19590034484864,0.014664969059174138,242.05999755859375,-8.064118181169471,43165074.0,False
2025-07-10,AMZN,221.5500030517578,222.7899932861328,219.6999969482422,222.25999450683594,30370600,-0.0012581953255335065,1.5898391435235655,207.73800079345702,206.35785034179688,0.014326236095143668,242.05999755859375,-8.179791477922727,43107992.0,False
2025-07-11,AMZN,223.5800018310547,226.67999267578125,222.3699951171875,225.02000427246094,50518300,0.012417933203629827,1.6219995930159872,208.49060089111327,206.5249503326416,0.01453037305589278,242.05999755859375,-7.039574261752218,43285012.0,True
2025-07-14,AMZN,225.07000732421875,226.66000366210938,224.24000549316406,225.69000244140625,35702600,0.0029775049161142597,1.629806609694242,209.3160009765625,206.68400032043456,0.013631291011198532,242.05999755859375,-6.762784137112507,42895534.0,False
2025-07-15,AMZN,226.1999969482422,227.27000427246094,225.4600067138672,226.35000610351562,34907300,0.0029243814744550622,1.6374971674250314,210.03900115966798,206.8459503173828,0.013618115545857274,242.05999755859375,-6.490122950313308,42108360.0,False
2025-07-16,AMZN,225.8800048828125,226.10000610351562,222.17999267578125,223.19000244140625,39535900,-0.013960696164789232,1.600675870835118,210.7032012939453,206.99925033569335,0.014004253211757219,242.05999755859375,-7.795585932210783,41341008.0,False
2025-07-17,AMZN,223.32000732421875,224.5,222.50999450683594,223.8800048828125,31855800,0.0030915472640284936,1.6087159832082234,211.45380126953125,207.16285034179688,0.013498139879061797,242.05999755859375,-7.510531628168156,41273774.0,False
2025-07-18,AMZN,225.13999938964844,226.39999389648438,222.97999572753906,226.1300048828125,37833800,0.010050026580880944,1.634933648181435,212.2762014770508,207.35365036010742,0.013492879325232559,242.05999755859375,-6.581010012579708,41444168.0,False
2025-07-21,AMZN,225.83999633789062,229.69000244140625,225.64999389648438,229.3000030517578,40297600,0.014018476542235536,1.6718714037188134,213.0880014038086,207.56850036621094,0.013357939382670249,242.05999755859375,-5.271418092841721,41371148.0,False
2025-07-22,AMZN,229.67999267578125,230.0,226.35000610351562,227.47000122070312,37483700,-0.007980819043607368,1.6505476815379443,213.79580139160157,207.7802003479004,0.013065435222061734,242.05999755859375,-6.027429763300286,41299950.0,False
2025-07-23,AMZN,228.47000122070312,228.7899932861328,227.08999633789062,228.2899932861328,28294900,0.003604836070819184,1.6601024714277783,214.50040130615236,207.99785034179686,0.012873074959742423,242.05999755859375,-5.688674052443436,41272586.0,False
2025-07-24,AMZN,229.1699981689453,236.0,228.63999938964844,232.22999572753906,42902300,0.01725876103762447,1.7060125443177445,214.97220123291015,208.24920028686523,0.0126805290014332,242.05999755859375,-4.06097741477305,40626532.0,True
2025-07-25,AMZN,232.22000122070312,232.47999572753906,231.17999267578125,231.44000244140625,28712100,-0.00340177109187767,1.696807309070226,215.37360137939453,208.4738503265381,0.012672409882560845,242.05999755859375,-4.387340008386471,40076900.0,False
2025-07-28,AMZN,233.35000610351562,234.2899932861328,232.25,232.7899932861328,26300100,0.005833005662313484,1.712537801374201,215.8244012451172,208.73380027770997,0.011833899175678094,242.05999755859375,-3.8296308212665386,39833060.0,False
2025-07-29,AMZN,234.14999389648438,234.72000122070312,230.30999755859375,231.00999450683594,33716200,-0.007646371539299812,1.6917967295304983,216.341201171875,208.97525024414062,0.01056380876403295,242.05999755859375,-4.56498519507876,39220438.0,False
2025-07-30,AMZN,231.63999938964844,231.8000030517578,229.2899932861328,230.19000244140625,32993300,-0.003549595623255297,1.6822419396406638,216.8332012939453,209.20035026550292,0.009700368790124522,242.05999755859375,-4.90374090593561,39013934.0,False
2025-07-31,AMZN,235.77000427246094,236.52999877929688,231.39999389648438,234.11000061035156,104357300,0.017029402351838252,1.7279189168357796,217.39220123291017,209.43765029907226,0.01020871345192715,242.05999755859375,-3.2843084476681397,40414784.0,True
2025-08-01,AMZN,217.2100067138672,220.44000244140625,212.8000030517578,214.75,122258800,-0.08269617085933034,1.5023304679987284,217.60580108642577,209.56730026245117,0.02130505471313941,242.05999755859375,-11.282325801058066,42270552.0,True
2025-08-04,AMZN,217.39999389648438,217.44000244140625,211.4199981689453,211.64999389648438,77890100,-0.01443541840985152,1.466208280693447,217.81640106201172,209.68785026550293,0.021137585378726495,242.05999755859375,-12.563002548468688,42979136.0,True
2025-08-05,AMZN,213.0500030517578,216.3000030517578,212.8699951171875,213.75,51505100,0.009922070229506863,1.490678172455079,218.0294009399414,209.8181502532959,0.021301712661257136,242.05999755859375,-11.695446519097377,43230460.0,True
2025-08-06,AMZN,214.6999969482422,222.64999389648438,213.74000549316406,222.30999755859375,54823000,0.04004677220394748,1.590421793860732,218.45580078125,209.99525024414064,0.022802474913319236,242.05999755859375,-8.159134181276382,43659050.0,True
2025-08-07,AMZN,221.0,226.22000122070312,220.82000732421875,223.1300048828125,40603500,0.0036885760119835798,1.599976761550486,218.79800079345702,210.17325027465822,0.02260114895881408,242.05999755859375,-7.82037216669764,43773280.0,False
2025-08-08,AMZN,223.13999938964844,223.8000030517578,221.8800048828125,222.69000244140625,32970500,-0.001971955504762035,1.5948497230632932,219.1574008178711,210.34175025939942,0.022604268763515845,242.05999755859375,-8.002146291230439,43861694.0,False
2025-08-11,AMZN,221.77999877929688,223.0500030517578,220.39999389648438,221.3000030517578,31646200,-0.006241858073597895,1.5786530393696174,219.4694009399414,210.5029002380371,0.022472278912067958,242.05999755859375,-8.576383837156204,43801618.0,False
2025-08-12,AMZN,222.22999572753906,223.5,219.0500030517578,221.47000122070312,37185800,0.0007681796954406295,1.5806339082760474,219.79860107421874,210.6617502593994,0.022460133076268547,242.05999755859375,-8.506154071536148,43511746.0,False
2025-08-13,AMZN,222.0,224.9199981689453,222.0,224.55999755859375,36508300,0.01395221168040428,1.6166394588339439,220.15680114746092,210.86100021362304,0.02267576613246341,242.05999755859375,-7.229612565687934,43659646.0,False
2025-08-14,AMZN,227.39999389648438,233.11000061035156,227.02000427246094,230.97999572753906,61545800,0.02858923333961183,1.6914471748881832,220.66220092773438,211.08400016784668,0.023270858306245198,242.05999755859375,-4.577378312322187,44227780.0,True
2025-08-15,AMZN,232.5800018310547,234.0800018310547,229.80999755859375,231.02999877929688,39649200,0.00021648217457226338,1.6920298252253492,221.13820098876954,211.3000001525879,0.023271963532485233,242.05999755859375,-4.556721015675843,44422452.0,False
2025-08-18,AMZN,230.22999572753906,231.91000366210938,228.3300018310547,231.49000549316406,25248900,0.0019911124801876845,1.697389959407393,221.60980102539062,211.51550018310547,0.02319482069017158,242.05999755859375,-4.366682711740127,43890146.0,False
2025-08-19,AMZN,230.08999633789062,230.52999877929688,227.1199951171875,228.00999450683594,29891000,-0.01503309388634011,1.6568398428995503,221.89860076904296,211.7014001464844,0.0232696201767327,242.05999755859375,-5.804347349196692,43691316.0,False
2025-08-20,AMZN,227.1199951171875,227.27000427246094,220.9199981689453,223.80999755859375,36604300,-0.01842023178556884,1.6079002371762061,222.03520080566406,211.85680015563966,0.02355830029594998,242.05999755859375,-7.539453104217417,43661352.0,False
2025-08-21,AMZN,222.64999389648438,222.77999877929688,220.5,221.9499969482422,32140500,-0.008310623433453235,1.5862269603530215,222.12200073242187,212.03455017089843,0.02359795572669741,242.05999755859375,-8.30785789191941,43678096.0,False
2025-08-22,AMZN,222.7899932861328,229.13999938964844,220.82000732421875,228.83999633789062,37315300,0.031043025385826706,1.6665112695367696,222.43480072021484,212.18910018920897,0.02431403732752938,242.05999755859375,-5.461456396777437,43637882.0,False
2025-08-25,AMZN,227.35000610351562,229.60000610351562,227.30999755859375,227.94000244140625,22633700,-0.003932852258726194,1.6560242746674532,222.72880065917968,212.34990020751954,0.02431757977825389,242.05999755859375,-5.833262521524058,43537756.0,False
2025-08-26,AMZN,227.11000061035156,229.0,226.02000427246094,228.7100067138672,26105400,0.0033781006590050122,1.6649965920200405,223.06100067138672,212.49595024108888,0.02429182289092351,242.05999755859375,-5.515157803591659,43473108.0,False
2025-08-27,AMZN,228.57000732421875,229.8699951171875,227.80999755859375,229.1199951171875,21254500,0.0017926124405795996,1.6697738980649977,223.32140045166017,212.60610023498535,0.02424128356594018,242.05999755859375,-5.345783100024181,43232514.0,False
2025-08-28,AMZN,229.00999450683594,232.7100067138672,228.02000427246094,231.60000610351562,33679600,0.0108240705271474,1.6986717190291905,223.6570004272461,212.71385025024415,0.024341831597870074,242.05999755859375,-4.321239180606928,43264380.0,False
2025-08-29,AMZN,231.32000732421875,231.80999755859375,228.16000366210938,229.0,26199200,-0.011226278216735164,1.6683756794957336,223.98660034179687,212.81795028686523,0.02416747326694072,242.05999755859375,-5.395355568997892,42901154.0,False
2025-09-02,AMZN,223.52000427246094,226.1699981689453,221.8300018310547,225.33999633789062,38843900,-0.015982548742835667,1.625728235133996,224.29960021972656,212.91045028686523,0.015792714950478563,242.05999755859375,-6.907378909915023,42171018.0,False
2025-09-03,AMZN,225.2100067138672,227.1699981689453,224.36000061035156,225.99000549316406,29223100,0.0028845707190781056,1.63330233391732,224.65000030517578,212.9958502960205,0.015313867331286667,242.05999755859375,-6.638846660956335,42009246.0,False
2025-09-04,AMZN,231.19000244140625,235.77000427246094,230.77999877929688,235.67999267578125,59391800,0.042877945692648245,1.746212928383351,225.1082000732422,213.10375022888184,0.01755745525273074,242.05999755859375,-2.6357121982818073,42429506.0,True
2025-09-05,AMZN,235.19000244140625,236.0,231.92999267578125,232.3300018310547,36721800,-0.014214150326010255,1.7071778449920774,225.515,213.20800025939943,0.016038976003761838,242.05999755859375,-4.019662821480361,42528828.0,False
2025-09-08,AMZN,234.94000244140625,237.60000610351562,233.75,235.83999633789062,33947100,0.015107797009308976,1.7480773383423163,225.88940002441407,213.37415023803712,0.016282885242666835,242.05999755859375,-2.569611370502263,42198154.0,False
2025-09-09,AMZN,236.36000061035156,238.85000610351562,235.0800018310547,238.24000549316406,27033800,0.010176429751274751,1.776042954327027,226.1882000732422,213.55685028076172,0.016321885394405895,242.05999755859375,-1.5781178649747813,40354488.0,False
2025-09-10,AMZN,237.52000427246094,237.67999267578125,229.10000610351562,230.3300018310547,60907700,-0.03320182790348514,1.6838732539047787,226.40700012207031,213.68545028686523,0.018079294399208388,242.05999755859375,-4.845904257558982,40394886.0,True
2025-09-11,AMZN,231.49000549316406,231.52999877929688,229.33999633789062,229.9499969482422,37485600,-0.0016498279850283293,1.6794453247022174,226.59679992675783,213.82080024719238,0.01809563202816294,242.05999755859375,-5.002892147604926,40359462.0,False
2025-09-12,AMZN,230.35000610351562,230.7899932861328,226.2899932861328,228.14999389648438,38496200,-0.007827802024989672,1.6584711571636643,226.7613998413086,213.96965019226073,0.017996970698435404,242.05999755859375,-5.746510700820064,40511502.0,False
2025-09-15,AMZN,230.6300048828125,233.72999572753906,230.32000732421875,231.42999267578125,33243300,0.014376501718361023,1.6966906723228408,226.92179962158204,214.14120018005372,0.01715133953947353,242.05999755859375,-4.391475249948877,40583720.0,False
2025-09-16,AMZN,232.94000244140625,235.89999389648438,232.22999572753906,234.0500030517578,38203900,0.011320962964584513,1.727219807551148,227.13339965820313,214.30420021057128,0.017321178763497036,242.05999755859375,-3.3090946821549956,40615716.0,False
2025-09-17,AMZN,233.77000427246094,234.3000030517578,228.7100067138672,231.6199951171875,42815200,-0.010382430689534927,1.6989046369241216,227.37859954833985,214.42300018310547,0.01748689291547747,242.05999755859375,-4.312981304925905,40558180.0,True
2025-09-18,AMZN,232.5,233.47999572753906,228.7899932861328,231.22999572753906,37931700,-0.0016837898189709932,1.6943602487740952,227.55239959716798,214.55045013427736,0.01714585440195184,242.05999755859375,-4.474098132812361,40553712.0,False
2025-09-19,AMZN,232.3699951171875,234.16000366210938,229.6999969482422,231.47999572753906,97943200,0.0010811746080494622,1.6972733226600076,227.73679962158204,214.6684001159668,0.016570878838477826,242.05999755859375,-4.370817953302533,41905164.0,True
2025-09-22,AMZN,230.55999755859375,230.57000732421875,227.50999450683594,227.6300048828125,45914500,-0.016632067201427403,1.6524120914969092,227.78899963378908,214.75300010681153,0.016918969229885908,242.05999755859375,-5.961328935520742,41813088.0,True
2025-09-23,AMZN,227.8300018310547,227.86000061035156,220.07000732421875,220.7100067138672,70956200,-0.030400202172415014,1.571778227670845,227.68939971923828,214.78935012817382,0.016838001036719345,242.05999755859375,-8.820123547906142,42518160.0,True
2025-09-24,AMZN,224.14999389648438,224.55999755859375,219.4499969482422,220.2100067138672,49509000,-0.0022654160880354324,1.56595207989902,227.5665997314453,214.79960014343263,0.016830312356484058,242.05999755859375,-9.026683906925799,42810194.0,True
2025-09-25,AMZN,220.05999755859375,220.6699981689453,216.47000122070312,218.14999389648438,52226300,-0.00935476479077324,1.5419482017271693,227.46579956054688,214.78760009765625,0.016874821784647928,242.05999755859375,-9.877717881213169,43064002.0,True
2025-09-26,AMZN,219.0800018310547,221.0500030517578,218.02000427246094,219.77999877929688,41650100,0.007471945580644679,1.5609415003592924,227.38379943847656,214.75135009765626,0.016985695307716854,242.05999755859375,-9.204329093618087,43259888.0,False
2025-09-29,AMZN,220.0800018310547,222.60000610351562,219.3000030517578,222.1699981689453,44259200,0.01087450815780766,1.5887904795966175,227.30459930419923,214.73175010681152,0.01698757943731101,242.05999755859375,-8.21697082965301,43388396.0,True
2025-09-30,AMZN,222.02999877929688,222.24000549316406,217.88999938964844,219.57000732421875,48396400,-0.011702709034319914,1.5584946178630807,227.10999938964844,214.70440017700196,0.017001053914435384,242.05999755859375,-9.29108091432208,43550372.0,True
2025-10-01,AMZN,217.36000061035156,222.14999389648438,216.61000061035156,220.6300048828125,43933800,0.004827606336181178,1.570846022691362,226.97319946289062,214.65625022888185,0.01674141954315562,242.05999755859375,-8.853173961795916,43679374.0,True
2025-10-02,AMZN,221.00999450683594,222.80999755859375,218.9499969482422,222.41000366210938,41258600,0.008067800117406154,1.5915870945350648,226.85559967041016,214.62345024108888,0.016837507523640997,242.05999755859375,-8.117819587983693,43938648.0,False
2025-10-03,AMZN,223.44000244140625,224.1999969482422,219.33999633789062,219.50999450683594,43639000,-0.013039023009411066,1.557795330778529,226.6011996459961,214.5837001800537,0.01375264535668552,242.05999755859375,-9.31587345253083,43953382.0,False
2025-10-06,AMZN,221.0,221.72999572753906,216.02999877929688,220.89999389648438,43690900,0.00633228292302257,1.5739920144722048,226.39039947509767,214.52355018615722,0.013667066290883684,242.05999755859375,-8.741635906605065,44252958.0,False
2025-10-07,AMZN,220.8800048828125,222.88999938964844,220.1699981689453,221.77999877929688,31194700,0.003983725247293846,1.5842460914465906,226.17019958496093,214.4767002105713,0.013164574243774515,242.05999755859375,-8.378087657539465,44350850.0,False
2025-10-08,AMZN,222.9199981689453,226.72999572753906,221.19000244140625,225.22000122070312,46686000,0.015510877718191152,1.6243300165647319,226.0543997192383,214.5002001953125,0.013476063711009805,242.05999755859375,-6.956951378888735,44610246.0,True
2025-10-09,AMZN,225.0,228.2100067138672,221.75,227.74000549316406,46412100,0.01118907849570383,1.6536938511187063,226.00539978027345,214.52245025634767,0.011812317125040741,242.05999755859375,-5.9158854043875415,44878622.0,True
2025-10-10,AMZN,226.2100067138672,228.25,216.0,216.3699951171875,72367500,-0.049925397829666096,1.5212071298834662,225.65059967041014,214.47970024108886,0.016006152417512184,242.05999755859375,-10.61307225502539,44238826.0,True
2025-10-13,AMZN,217.6999969482422,220.67999267578125,217.0399932861328,220.07000732421875,37809700,0.017100394188331425,1.5643207656349052,225.75699981689453,214.454750289917,0.016528180885318183,242.05999755859375,-9.084520555302426,42549844.0,False
2025-10-14,AMZN,215.55999755859375,219.32000732421875,212.60000610351562,216.38999938964844,45665600,-0.016721987604375044,1.5214402255783166,225.85179992675782,214.39145027160646,0.01641954288792916,242.05999755859375,-10.604808075622474,41905354.0,True
2025-10-15,AMZN,216.6199951171875,217.7100067138672,212.66000366210938,215.57000732421875,45909500,-0.003789417568938358,1.511885435688482,225.8882000732422,214.33405029296875,0.016085318388143165,242.05999755859375,-10.943563786479324,41793442.0,True
2025-10-16,AMZN,215.6699981689453,218.58999633789062,212.80999755859375,214.47000122070312,42414600,-0.00510277898660183,1.4990678394705,225.73140014648436,214.28765029907225,0.016018144031744903,242.05999755859375,-11.397999097811322,41545274.0,True
2025-10-17,AMZN,214.55999755859375,214.8000030517578,211.02999877929688,213.0399932861328,45986900,-0.006667636156250767,1.4824049643871229,225.52959991455077,214.24635025024415,0.016026305527266152,242.05999755859375,-11.988765002542921,41652942.0,True
2025-10-20,AMZN,213.8800048828125,216.69000244140625,213.58999633789062,216.47999572753906,38882800,0.016147214372026486,1.5224888895052646,225.40539978027343,214.2318002319336,0.01658190369902185,242.05999755859375,-10.56762872389219,41771188.0,False
2025-10-21,AMZN,218.42999267578125,223.32000732421875,217.99000549316406,222.02999877929688,50494600,0.025637486886977978,1.5871591653325035,225.4199996948242,214.24085021972655,0.017396541801548506,242.05999755859375,-8.274807478029638,42148156.0,True
2025-10-22,AMZN,219.3000030517578,220.00999450683594,216.52000427246094,217.9499969482422,44308500,-0.018375903497213075,1.5396177781784228,225.349599609375,214.20965019226074,0.016559596781683988,242.05999755859375,-9.960340764076653,42290610.0,True
2025-10-23,AMZN,219.0,221.3000030517578,218.17999267578125,221.08999633789062,31540000,0.014406971477930908,1.5762059790734857,225.28019958496094,214.17705017089844,0.016865884627857704,242.05999755859375,-8.663141961582092,42191244.0,False
2025-10-24,AMZN,221.97000122070312,225.39999389648438,221.89999389648438,224.2100067138672,38685100,0.01411194729592502,1.6125612620736178,225.1447998046875,214.187550201416,0.016969412191993296,242.05999755859375,-7.374201034768555,41734030.0,False
2025-10-27,AMZN,227.66000366210938,228.39999389648438,225.5399932861328,226.97000122070312,38267000,0.012309863182682124,1.6447215337661194,225.06359985351563,214.21175018310547,0.01708775779555709,242.05999755859375,-6.233990122319941,41706386.0,False
2025-10-28,AMZN,228.22000122070312,231.49000549316406,226.2100067138672,229.25,47100000,0.010045375014470892,1.6712887533816465,225.01879974365235,214.26330017089845,0.017066383350277707,242.05999755859375,-5.2920753894880646,42143408.0,True
2025-10-29,AMZN,231.6699981689453,232.82000732421875,227.75999450683594,230.3000030517578,52036200,0.0045801659836763875,1.6835236992624623,225.06459991455077,214.32250015258788,0.016797866380018622,242.05999755859375,-4.85829737480241,42586312.0,True
2025-10-30,AMZN,227.05999755859375,228.44000244140625,222.75,222.86000061035156,102252900,-0.03230569840563213,1.5968305919697228,225.04559997558593,214.34800018310546,0.018408022799294082,242.05999755859375,-7.931916525610383,43899284.0,True
2025-10-31,AMZN,250.10000610351562,250.5,243.97999572753906,244.22000122070312,166340800,0.09584492754129248,1.8457236318940726,225.49100006103515,214.45235015869142,0.02776558397505768,244.22000122070312,0.0,46583290.0,True
2025-11-03,AMZN,255.36000061035156,258.6000061035156,252.89999389648438,254.0,95997800,0.04004585509136338,1.9596830680869708,225.99420013427735,214.61905014038086,0.028465780592257194,254.0,0.0,47756940.0,True
2025-11-04,AMZN,250.3800048828125,257.010009765625,248.66000366210938,249.32000732421875,51546300,-0.018425168014886806,1.9051504102866526,226.4218002319336,214.73595016479493,0.029017380088104817,254.0,-1.8425168014886812,48335192.0,True
2025-11-05,AMZN,249.02999877929688,251.0,246.16000366210938,250.1999969482422,40610700,0.0035295587926045258,1.9154043094611186,226.8516000366211,214.8334001159668,0.029019261316264002,254.0,-1.496064193605438,48625298.0,False
2025-11-06,AMZN,249.16000366210938,250.3800048828125,242.1699981689453,243.0399932861328,46004200,-0.028617121300727022,1.8319738306966076,227.13,214.8735501098633,0.029892082272418734,254.0,-4.314963273176058,49120292.0,False
2025-11-07,AMZN,242.89999389648438,244.89999389648438,238.49000549316406,244.41000366210938,46374300,0.005636975040415049,1.847937596495353,227.38619995117188,214.9185001373291,0.029850292073835317,254.0,-3.7755891094057583,49374186.0,False
2025-11-10,AMZN,248.33999633789062,251.75,245.58999633789062,248.39999389648438,36476500,0.01632498741700883,1.894430141922566,227.77419982910158,214.98625007629394,0.027280359257990952,254.0,-2.2047268124077264,49579732.0,False
2025-11-11,AMZN,248.41000366210938,249.75,247.22999572753906,249.10000610351562,23564100,0.0028180846386129943,1.9025868910430566,228.24940002441406,215.0546501159668,0.027192251128940297,254.0,-1.929131455308809,49274136.0,False
2025-11-12,AMZN,250.24000549316406,250.3699951171875,243.75,244.1999969482422,31190100,-0.01967085120518708,1.8454905361992222,228.61359985351564,215.0849001312256,0.027324152546558112,254.0,-3.858268918014887,49313476.0,False
2025-11-13,AMZN,243.0500030517578,243.75,236.5,237.5800018310547,41401700,-0.027108907452568887,1.7683523965962369,228.6516000366211,215.08745010375978,0.028206538885113604,254.0,-6.464566208246186,48953674.0,False
2025-11-14,AMZN,235.05999755859375,238.72999572753906,232.88999938964844,234.69000244140625,38956700,-0.012164320933474637,1.7346772695870865,228.69880004882813,215.08770011901856,0.028374690435923028,254.0,-7.602361243540846,48998372.0,False
2025-11-17,AMZN,233.25,234.60000610351562,229.19000244140625,232.8699951171875,59919000,-0.007754941860691922,1.713470006353683,228.63940002441407,215.0636501312256,0.028397399121365772,254.0,-8.318899560162402,49517810.0,True
2025-11-18,AMZN,228.10000610351562,230.1999969482422,222.4199981689453,222.5500030517578,60608400,-0.04431653833391602,1.5932184087991788,228.32559997558593,214.98930015563965,0.030179500217633187,254.0,-12.381888562300073,50189302.0,True
2025-11-19,AMZN,223.74000549316406,223.74000549316406,218.52000427246094,222.69000244140625,58335600,0.0006290693674619874,1.5948497230632928,228.17279998779296,214.89245018005371,0.029678643303142672,254.0,-12.326770692359744,50137860.0,True
2025-11-20,AMZN,227.0500030517578,227.41000366210938,216.74000549316406,217.13999938964844,50309000,-0.02492255148822009,1.5301794472360544,227.9166000366211,214.79730018615723,0.029920773721143237,254.0,-14.511811263917936,50394328.0,False
2025-11-21,AMZN,216.35000610351562,222.2100067138672,215.17999267578125,220.69000244140625,68490500,0.016348913427910006,1.5715451319759937,227.76740020751953,214.70660018920898,0.029969714931069924,254.0,-13.114172267162893,50994214.0,True
2025-11-24,AMZN,222.55999755859375,227.3300018310547,222.27000427246094,226.27999877929688,54318400,0.02532963104830621,1.6366814213930136,227.66440032958985,214.69225021362305,0.030325495255468803,254.0,-10.913386307363435,51415716.0,True
2025-11-25,AMZN,226.3800048828125,230.52000427246094,223.8000030517578,229.6699981689453,39379300,0.0149814363087164,1.676182696173989,227.5768002319336,214.67490020751953,0.0303814616306059,254.0,-9.578740878367988,51439224.0,False
2025-11-26,AMZN,230.74000549316406,231.75,228.77000427246094,229.16000366210938,38497900,-0.0022205534501759105,1.670240089454699,227.52760040283204,214.6569002532959,0.03031654090112413,254.0,-9.779526117279774,51352878.0,False
2025-11-28,AMZN,231.24000549316406,233.2899932861328,230.22000122070312,233.22000122070312,20292300,0.01771686809963624,1.7175483809139287,227.56740051269531,214.6783502960205,0.030541636781843292,254.0,-8.181101881612943,51000090.0,False
2025-12-01,AMZN,233.22000122070312,235.8000030517578,232.25,233.8800048828125,42904000,0.0028299616613276513,1.725238938644718,227.6154006958008,214.69590034484864,0.029570917409782592,254.0,-7.921257920152559,49899306.0,False
2025-12-02,AMZN,235.00999450683594,238.97000122070312,233.5500030517578,234.4199981689453,45785400,0.0023088475921804186,1.731531100006324,227.75120056152343,214.72460037231446,0.02049090657547624,254.0,-7.7086621382105065,49896724.0,False
2025-12-03,AMZN,233.35000610351562,233.3800048828125,230.61000061035156,232.3800048828125,35495100,-0.008702300580441968,1.7077604953292438,227.98460052490233,214.7532504272461,0.01814669877143431,254.0,-8.511809101254922,49187502.0,False
2025-12-04,AMZN,232.77000427246094,233.5,226.8000030517578,229.11000061035156,45683200,-0.014071797072686909,1.6696574391175325,228.16260040283203,214.76565040588378,0.017998760254620518,254.0,-9.799212358129306,49110986.0,False
2025-12-05,AMZN,230.32000732421875,231.24000549316406,228.5500030517578,229.52999877929688,33117400,0.0018331725713693903,1.674551381909875,228.39020050048828,214.7989003753662,0.017967708911736272,254.0,-9.633858748308317,48728808.0,False
2025-12-08,AMZN,229.58999633789062,230.8300018310547,226.27000427246094,226.88999938964844,35019200,-0.011501761877265149,1.643789328786637,228.53240051269532,214.85045036315918,0.017162643364514434,254.0,-10.673228586752584,48596190.0,False
2025-12-09,AMZN,226.83999633789062,228.57000732421875,225.11000061035156,227.9199981689453,25841700,0.004539639393836836,1.6557911789726023,228.6474005126953,214.92650032043457,0.017136274835987935,254.0,-10.267717256320744,48227840.0,False
2025-12-10,AMZN,228.80999755859375,232.4199981689453,228.4600067138672,231.77999877929688,38790700,0.016935769749744978,1.700769046883086,228.89160034179687,215.02140029907227,0.017171516888376124,254.0,-8.748031976654774,48035726.0,False
2025-12-11,AMZN,230.7100067138672,232.11000061035156,228.69000244140625,230.27999877929688,28249600,-0.006471654188885845,1.6832906035676118,229.08460021972655,215.10105026245117,0.017129673219781632,254.0,-9.338583157757135,47722042.0,False
2025-12-12,AMZN,229.8699951171875,230.0800018310547,225.1199951171875,226.19000244140625,35639100,-0.017760970816273702,1.635632757466066,229.1602001953125,215.1883002471924,0.0170449031515682,254.0,-10.948817936454232,47609652.0,False
2025-12-15,AMZN,227.92999267578125,227.92999267578125,221.5,222.5399932861328,47286100,-0.01613691637948922,1.5931017720517935,229.22080017089843,215.23960021972655,0.016442624387881848,254.0,-12.385829414908342,47682594.0,False
2025-12-16,AMZN,223.0399932861328,223.66000366210938,221.1300048828125,222.55999755859375,39298900,8.989068511033871e-05,1.593334867746644,229.25400024414063,215.32730018615723,0.01631733611695367,254.0,-12.377953717089076,47594754.0,False
2025-12-17,AMZN,224.66000366210938,225.19000244140625,220.99000549316406,221.27000427246094,44034400,-0.005796159688549518,1.578303484727301,229.2438003540039,215.41465019226075,0.016290748030237126,254.0,-12.885825089582308,47851548.0,False
2025-12-18,AMZN,225.7100067138672,229.22999572753906,224.41000366210938,226.75999450683594,50272400,0.024811271877659857,1.6422744734699877,229.27460021972655,215.50665016174315,0.014230649866887348,254.0,-10.724411611481914,47923276.0,True
2025-12-19,AMZN,226.75999450683594,229.1300048828125,225.5800018310547,227.35000610351562,85544400,0.0026019210221046585,1.6491494629686798,229.2668002319336,215.63990020751953,0.014234666109858487,254.0,-10.492123581293061,48705922.0,True
2025-12-22,AMZN,228.61000061035156,229.47999572753906,226.7100067138672,228.42999267578125,32261300,0.00475032567966549,1.661733785691892,229.50800018310548,215.78580017089843,0.012937828874123978,254.0,-10.066932017408957,47903798.0,False
2025-12-23,AMZN,229.05999755859375,232.4499969482422,228.72999572753906,232.13999938964844,29230200,0.016241329216049705,1.704963880390796,229.74940002441406,215.97380020141603,0.012932089213299656,254.0,-8.606299452894316,47732208.0,False
2025-12-24,AMZN,232.1300048828125,232.9499969482422,231.3300018310547,232.3800048828125,11420500,0.001033882544133169,1.707760495329243,230.06920013427734,216.15275024414063,0.011826205991474908,254.0,-8.511809101254922,47047306.0,False
2025-12-26,AMZN,232.0399932861328,232.99000549316406,231.17999267578125,232.52000427246094,15994700,0.000602458846315379,1.7093918095933573,230.4082000732422,216.32090026855468,0.011405300653888643,254.0,-8.456691231314592,46449010.0,False
2025-12-29,AMZN,231.94000244140625,232.60000610351562,230.77000427246094,232.07000732421875,19797900,-0.0019353042317807878,1.7041483121586993,230.7602001953125,216.51180030822755,0.011401881340529949,254.0,-8.633855384165846,45996676.0,False
2025-12-30,AMZN,231.2100067138672,232.77000427246094,230.1999969482422,232.52999877929688,21910500,0.001982123671998126,1.709508268540823,231.15000030517578,216.6847003173828,0.010721863695692434,254.0,-8.452756386103593,45515148.0,False
2025-12-31,AMZN,232.91000366210938,232.99000549316406,230.1199951171875,230.82000732421875,24383700,-0.0073538531116630335,1.6895829427291371,231.43680053710938,216.8601003265381,0.010813273191247346,254.0,-9.125981368417815,45225166.0,False
2023-01-03,ASML,544.2124606797739,546.9951841392566,529.1740838640302,532.8585205078125,675100,,,,,,532.8585205078125,0.0,,False
2023-01-04,ASML,553.4429297414719,558.0097279465185,543.9991160654964,553.4720458984375,1087300,0.038684800181069345,0.038684800181069345,,,,553.4720458984375,0.0,,False
2023-01-05,ASML,548.1877507705635,556.1092982548628,545.443789735993,548.1295776367188,710900,-0.009652643347228929,0.028658746254733636,,,,553.4720458984375,-0.9652643347228953,,False
2023-01-06,ASML,557.8351604383918,580.4751009773885,550.0299597733332,577.7311401367188,1025800,0.05400468011164117,0.08421113279026238,,,,577.7311401367188,0.0,,False
2023-01-09,ASML,595.3195725594338,613.1600827362878,594.1657561193771,602.4364013671875,1348800,0.04276255772645787,0.1305747739438743,,,,602.4364013671875,0.0,,False
2023-01-10,ASML,603.6968235711555,614.5077935994588,602.707821200298,614.129638671875,873900,0.019409911615816178,0.15251913038119636,,,,614.129638671875,0.0,,False
2023-01-11,ASML,616.2239782386138,625.5223884562175,614.0423969662237,625.0763549804688,806500,0.017824764706466878,0.173062512699943,,,,625.0763549804688,0.0,,False
2023-01-12,ASML,631.6309197679581,636.333416588413,615.5357186624435,632.7168579101562,1322200,0.012223311390376024,0.18740122107305135,,,,632.7168579101562,0.0,,False
2023-01-13,ASML,629.5851083033235,640.6481255501357,629.0033176712342,639.6300659179688,649700,0.010926226986659682,0.20037503633873244,,,,639.6300659179688,0.0,,False
2023-01-17,ASML,631.3011665783174,642.8199213359511,631.3011665783174,638.1755981445312,902600,-0.0022739202719467277,0.1976454792096629,,,,639.6300659179688,-0.22739202719467422,,False
2023-01-18,ASML,653.0394283272775,655.5506377191842,631.7277622712179,632.4549560546875,1152700,-0.008964056454800695,0.18690971752119068,,,,639.6300659179688,-1.1217593177055944,,False
2023-01-19,ASML,634.704446084487,635.7419163663677,607.953442639181,611.085205078125,1534100,-0.03378857382961942,0.1468057309016333,,,,639.6300659179688,-4.462714053142175,,False
2023-01-20,ASML,618.68681060773,630.816353391938,614.9150845898207,629.1195678710938,1033200,0.029512026544094017,0.18065029207292138,,,,639.6300659179688,-1.6432151343278085,,False
2023-01-23,ASML,638.0397850696748,655.7154814130095,636.8762632326436,655.4730834960938,1780900,0.04188951825831588,0.2301071640393959,,,,655.4730834960938,0.0,,False
2023-01-24,ASML,646.4461140074745,652.5739403135193,639.8529026485481,649.6361083984375,1066900,-0.008904980608087865,0.2191530835977551,,,,655.4730834960938,-0.890498060808783,,False
2023-01-25,ASML,636.9830901190405,662.2506516420742,635.1020795420881,660.8059692382812,1569200,0.017194027079838747,0.2401152347316038,,,,660.8059692382812,0.0,,False
2023-01-26,ASML,661.1645155894867,664.1120526592771,647.5126497068048,663.1036987304688,1593300,0.0034771621310203393,0.2444273164639139,,,,663.1036987304688,0.0,,False
2023-01-27,ASML,646.9115393855635,657.4994632842837,646.4073328068515,647.0957641601562,1249700,-0.02414092185122807,0.21438569386762518,,,,663.1036987304688,-2.414092185122803,,False
2023-01-30,ASML,630.2345851996105,638.2240110879338,627.926952291776,630.53515625,1209900,-0.025592205709536242,0.18330688537944706,,,,663.1036987304688,-4.911530812272978,,False
2023-01-31,ASML,631.4174686631812,640.764346709044,627.6166858283715,640.7449951171875,801800,0.016192338787116567,0.20246739135663883,,,,663.1036987304688,-3.3718261044370035,,False
2023-02-01,ASML,639.47479281713,664.2575523839893,635.9454650992664,657.8970336914062,1274200,0.026768899804019197,0.23465612047346496,,,,663.1036987304688,-0.7851961991813363,,False
2023-02-02,ASML,675.7085943203857,677.3472069392342,664.1219596989943,675.3692016601562,1318600,0.026557602594307284,0.26744562706162833,,,0.024106219595637718,675.3692016601562,0.0,,False
2023-02-03,ASML,657.8195127174793,672.2955099614162,657.3153060869308,658.9539184570312,1015800,-0.024305643732011828,0.23663954520057207,,,0.024486675292323786,675.3692016601562,-2.4305643732011815,,False
2023-02-06,ASML,647.0720382549689,650.3952825837301,640.8240376340841,643.2338256835938,783100,-0.02385613368875139,0.20713810688547052,,,0.02520246402483482,675.3692016601562,-4.7581938734501135,,False
2023-02-07,ASML,640.5811383444211,664.3391276717172,640.5811383444211,659.509765625,1236100,0.025303302300853092,0.237682687322873,,,0.02328526248389425,675.3692016601562,-2.348261661350775,,False
2023-02-08,ASML,652.4648955019892,655.7881395974085,642.6410600011604,644.0305786132812,763900,-0.02347074724064102,0.20863334980460047,,,0.02261555148498849,675.3692016601562,-4.640220929506421,,False
2023-02-09,ASML,654.0683670697973,662.9691405450656,643.282559251468,645.3328247070312,686500,0.0020220252531393257,0.21107723695969183,,,0.0223174947997509,675.3692016601562,-4.447401048092094,,False
2023-02-10,ASML,634.6051471064997,638.5696252118222,630.2810868159668,637.7728271484375,731800,-0.011714881483094963,0.19688961066183497,,,0.022240689175082835,675.3692016601562,-5.5667884202153965,,False
2023-02-13,ASML,640.4742073182841,653.9710835880559,638.7154393316948,649.8121948242188,596000,0.01887720386208791,0.21948353984271352,,,0.022452081445928026,675.3692016601562,-3.7841534338721163,,False
2023-02-14,ASML,642.981139186585,661.7056853691552,638.6085061143007,658.3047485351562,1013400,0.013069243357667126,0.2354212669955873,,,0.022501835106704757,675.3692016601562,-2.5266851202354323,,False
2023-02-15,ASML,643.0880300173868,658.3047674508144,642.2912319621819,657.6537475585938,683500,-0.0009889051810898497,0.23419955250382674,,,0.02249248480122838,675.3692016601562,-2.623076986338039,,False
2023-02-16,ASML,640.0563222684533,649.2874365069015,636.8983095026684,637.704833984375,946300,-0.030333459891736414,0.19676200987955283,,,0.023460355247762178,675.3692016601562,-5.576855974953658,,False
2023-02-17,ASML,632.3314327079273,639.376231612472,629.066547035655,633.47802734375,1149600,-0.006628155245767764,0.188829685485834,,,0.022180274062446593,675.3692016601562,-6.202707232345155,,False
2023-02-21,ASML,619.9519362076896,625.7140878742418,611.7119709561473,611.9548950195312,1022700,-0.033976130813041516,0.1484378525773402,,,0.022559072746283243,675.3692016601562,-9.389576321328152,,False
2023-02-22,ASML,614.6562433726825,617.4158871136673,602.8695618529248,606.5426025390625,1017300,-0.008844266995030714,0.13828076158194658,,,0.02033488121151009,675.3692016601562,-10.190959100875181,,False
2023-02-23,ASML,623.9554787032556,624.6842510787387,608.9427559067735,620.0298461914062,1093000,0.02223626765190856,0.16359187725950108,,,0.02104340818434797,675.3692016601562,-8.193941229881045,,False
2023-02-24,ASML,601.8978938700802,606.9895735163077,595.3777896760334,600.8776245117188,995700,-0.0308891931530908,0.12764946301146485,,,0.02146145141651768,675.3692016601562,-11.02975631185525,,False
2023-02-27,ASML,613.5387401076882,621.2734640747663,608.5345397030621,614.1898193359375,804500,0.022154585694610374,0.15263206967323373,,,0.022174889281176054,675.3692016601562,-9.058657423795886,,False
2023-02-28,ASML,595.1155062677511,607.5532090415387,592.8708898269646,600.2460327148438,1381700,-0.022702731602047388,0.12646417315952996,,,0.02210977974592231,675.3692016601562,-11.12327431583329,,False
2023-03-01,ASML,603.4913313212274,605.483296555068,594.6391936824808,597.5445556640625,794300,-0.0045006162532432725,0.12139439019311182,,,0.021519539732578488,675.3692016601562,-11.5232743519825,,False
2023-03-02,ASML,589.1589661915708,607.3977265307353,586.1563982312847,606.5037231445312,795800,0.014993304508502003,0.13820779775940295,,,0.021469457188628627,675.3692016601562,-10.196715862426593,,False
2023-03-03,ASML,607.6501281753723,619.6214311608223,604.1714988631143,619.3396606445312,1024100,0.02116382308990561,0.16229662623073393,,,0.021120814883663783,675.3692016601562,-8.296135044046455,,False
2023-03-06,ASML,609.564594855118,615.190695679659,602.3059918822546,603.394287109375,1403000,-0.025745765285824396,0.1323724100992918,,,0.02058023806100916,675.3692016601562,-10.657121227005376,,False
2023-03-07,ASML,601.8200949573649,604.1424634071439,588.1677734573683,591.8699340820312,1033000,-0.01909920805275167,0.11074499384560954,,,0.020368196256828112,675.3692016601562,-12.363499456722574,,False
2023-03-08,ASML,594.483725610452,602.986067393518,591.7921674551724,601.86865234375,1081800,0.016893438382245884,0.12950929595752836,,,0.020413148599552827,675.3692016601562,-10.883017634759055,,False
2023-03-09,ASML,599.6047524343662,606.2317295272427,587.4488200127018,587.6237182617188,983800,-0.023667845179441982,0.10277624481206504,,,0.019811155013840797,675.3692016601562,-12.992224576238637,,False
2023-03-10,ASML,596.7186624693936,599.8766753828043,582.4638946325363,584.1935424804688,1043500,-0.005837367816596939,0.09633893425169138,,,0.019370976958860805,675.3692016601562,-13.500120964290998,,False
2023-03-13,ASML,576.3324643099068,595.6206107897342,573.1939044593663,587.6624755859375,966900,0.0059379860495201164,0.10284897954882366,,,0.019455093782025996,675.3692016601562,-12.986485889291782,,False
2023-03-14,ASML,600.0127607669868,602.8890032710481,593.9785644799341,602.7432250976562,844600,0.025662263864444146,0.1311505810646385,,,0.020425182670283537,675.3692016601562,-10.75352213041026,,False
2023-03-15,ASML,583.7173748465572,591.8505274681452,579.7237172738552,589.5184326171875,1047200,-0.02194100560537382,0.10633199982497743,621.3913452148438,,0.020231729095802207,675.3692016601562,-12.711679601606797,1038524.0,True
2023-03-16,ASML,583.7466227926469,613.1598923277857,582.036427608684,612.712890625,1063200,0.03934475450553743,0.14986036075971154,622.9884326171875,,0.022094819447957482,675.3692016601562,-9.277342064331313,1046286.0,True
2023-03-17,ASML,615.773664329615,620.3309222061272,609.0689363466412,615.7542114257812,1109300,0.004963696451169675,0.1555679185517551,624.2340759277344,,0.022162407182127867,675.3692016601562,-8.827022329095351,1046726.0,True
2023-03-20,ASML,628.0073196661759,629.9798916631643,621.0110943016323,628.0364990234375,935600,0.019946737463989894,0.1786177284449162,625.8322143554688,,0.02176239286993811,675.3692016601562,-7.008418879683593,1051220.0,False
2023-03-21,ASML,633.2641890140252,637.2675728483418,617.2214743213841,623.955322265625,848500,-0.006498311426419545,0.17095870339278196,626.7566979980469,,0.02176058358252711,675.3692016601562,-7.61270713383856,1047674.0,False
2023-03-22,ASML,624.8007443321093,642.6799806456944,621.438653657271,622.2451782226562,955500,-0.002740811692669154,0.1677493260868903,627.1528735351562,,0.020381474063563124,675.3692016601562,-7.865923306380182,1039808.0,False
2023-03-23,ASML,639.1236029419302,654.865097032584,636.4028647885485,645.3618774414062,1171500,0.03715046741668471,0.21113175937653694,627.7775183105468,,0.021700280416719852,675.3692016601562,-4.443099292207523,1045760.0,True
2023-03-24,ASML,637.4911148369063,640.2993315655339,621.6427494963773,629.2025756835938,842700,-0.025039132806972564,0.18080607040676555,627.8600427246093,,0.022073734287811685,675.3692016601562,-6.8357612196526265,1046484.0,False
2023-03-27,ASML,636.8205930094888,638.8708579481256,624.849287596449,625.8209838867188,800300,-0.005374408700093314,0.17445993598884835,627.7221252441407,,0.020906019332848892,675.3692016601562,-7.336463915091292,1036046.0,False
2023-03-28,ASML,625.8696451132159,626.3749462338678,614.4813914527042,621.6039428710938,793200,-0.006738414217808186,0.16654593845793508,627.3616027832031,,0.02046956723199122,675.3692016601562,-7.960869204118226,1038916.0,False
2023-03-29,ASML,631.1847894888757,646.3432284488305,630.1158879458761,640.4644775390625,1101800,0.03034172302842042,0.2019409522225546,627.4073803710937,,0.020699747134569218,675.3692016601562,-5.1682433897330275,1042900.0,True
2023-03-30,ASML,656.0893742295848,661.3656781873996,654.4472050586982,657.5274658203125,892500,0.02664158416219009,0.23396256325917464,627.9088305664062,,0.021222204243849494,675.3692016601562,-2.64177516475228,1037696.0,False
2023-03-31,ASML,655.9824918605393,663.8434818422671,654.5637938888698,661.4434204101562,681600,0.005955575688322501,0.24131152070122108,628.9159948730469,,0.02109597181855161,675.3692016601562,-2.061950887865244,1020646.0,False
2023-04-03,ASML,655.7007680598158,656.6141651166594,648.5005232908985,654.9136962890625,657200,-0.009871931475325169,0.22905737842932705,629.4318774414063,,0.020945646772976365,675.3692016601562,-3.0287885975272677,1013126.0,False
2023-04-04,ASML,656.7501935028718,662.3082686626177,647.2081273612665,649.7539672851562,877900,-0.007878486941321872,0.21937426592323628,629.3174951171875,,0.02006968431595192,675.3692016601562,-3.7927750202458164,995066.0,False
2023-04-05,ASML,644.8758739529821,645.9642282599275,638.7056268064516,645.109130859375,850300,-0.0071486080264944185,0.2106574372585568,629.2269555664062,,0.019553028570366074,675.3692016601562,-4.48052276094284,990734.0,False
2023-04-06,ASML,639.6675904818705,646.3723179208107,636.7719548120006,638.52099609375,679600,-0.010212434533128811,0.19829367743850823,628.7812561035156,,0.019574136172176747,675.3692016601562,-5.4560091688854,972942.0,False
2023-04-10,ASML,631.5346220311426,643.2532780182381,627.220287725525,642.9132080078125,688700,0.006878727466962831,0.20653641307099235,628.3774462890625,,0.01860428074679373,675.3692016601562,-4.805666822319137,954850.0,False
2023-04-11,ASML,650.5603196142641,653.6988793003745,640.3186039098981,641.0960083007812,787400,-0.002826508593068433,0.2031261275315972,628.257451171875,,0.018532464284887563,675.3692016601562,-5.074734423057267,945604.0,False
2023-04-12,ASML,650.0746161892918,652.9799789277387,635.1882202670579,636.1307373046875,897300,-0.007744972565426167,0.1938079486811175,628.3693627929688,,0.01872254890110053,675.3692016601562,-5.809928000716477,939352.0,False
2023-04-13,ASML,643.5835733274843,651.891564138293,641.1737263752088,646.5763549804688,1118600,0.016420551725011334,0.21341093385216547,628.4859899902344,,0.018290204931262887,675.3692016601562,-4.263275051469695,945688.0,True
2023-04-14,ASML,646.5763771795414,653.6017814132078,640.707353166107,647.3440551757812,645900,0.0011873310698713446,0.21485165435444986,628.2749304199219,,0.01735364447675353,675.3692016601562,-4.149603863410575,933122.0,False
2023-04-17,ASML,620.6612617715801,623.9261469826495,614.3841418671371,620.9527587890625,1536500,-0.04076857766084285,0.165323880337497,627.1866015625,,0.018124103106008236,675.3692016601562,-8.05728818212767,937480.0,True
2023-04-18,ASML,626.4429528276003,629.9216425365178,618.7374075129446,625.1214599609375,910300,0.006713395041523684,0.17314715989752383,626.5099523925782,,0.01814824287247272,675.3692016601562,-7.440040436505314,935370.0,False
2023-04-19,ASML,607.0770300965163,610.17674387118,599.4200580006254,605.9498291015625,2266100,-0.030668649354275823,0.13716832100966214,625.7642724609375,,0.01883684968169899,675.3692016601562,-10.278729380604087,965030.0,True
2023-04-20,ASML,607.659986272891,621.7690355816364,607.659986272891,615.6376342773438,1692900,0.015987800821967824,0.1553491416270163,624.8868298339844,,0.01917660911629961,675.3692016601562,-8.844283576447308,974166.0,True
2023-04-21,ASML,617.5227481426872,619.1066179153939,610.0309480394109,616.5121459960938,982000,0.0014204974973248685,0.15699031219123394,624.3364611816406,,0.01917340130324714,675.3692016601562,-8.714797109400791,978528.0,True
2023-04-24,ASML,622.6921292584065,623.1585244835329,609.1855275570025,609.622802734375,1431400,-0.011174708083954599,0.14406128319653333,623.6222607421874,,0.01726302617240547,675.3692016601562,-9.734882604087806,993426.0,True
2023-04-25,ASML,608.738538028372,608.738538028372,588.61474609375,588.61474609375,1404900,-0.03446074613088024,0.10463607775812855,622.6390991210938,,0.017983652785092334,675.3692016601562,-12.845485899142442,1006888.0,True
2023-04-26,ASML,596.3495234314546,597.719648653411,589.0132270142273,591.8602905273438,844200,0.005513868714863701,0.11072689606858876,621.4800610351563,,0.018068994405977666,675.3692016601562,-12.364927350482578,1011852.0,False
2023-04-27,ASML,604.1619666804182,613.4319290397868,595.4264254826414,611.4302368164062,1127000,0.03306514493754231,0.14745324187312314,620.5425708007813,,0.019622676342769693,675.3692016601562,-9.467260971714238,1014124.0,True
2023-04-28,ASML,613.0043554928203,619.300988276488,608.787226474788,618.8345336914062,823000,0.012109798353370005,0.16134866925212732,619.7661865234375,,0.018559711042493057,675.3692016601562,-8.37092775770342,1016914.0,False
2023-05-01,ASML,618.8324850196265,622.9353170815574,617.8872104044909,619.0274047851562,469300,0.0003116682784323199,0.16171062479253284,619.3926379394532,,0.017420074281801496,675.3692016601562,-8.342369882503322,1007374.0,False
2023-05-02,ASML,616.7567279242671,621.2883597989211,612.5272603570087,617.9066772460938,738100,-0.0018104651432216956,0.15960738819983566,619.0812109375,,0.017308692499032496,675.3692016601562,-8.508312826941356,999144.0,False
2023-05-03,ASML,617.7994819736147,628.2368198938458,614.6614343158119,618.5791015625,582900,0.0010882295679390808,0.16086930724687543,619.2136950683594,,0.017259243520840274,675.3692016601562,-8.408748867738991,990348.0,False
2023-05-04,ASML,616.035587231691,623.0620376225438,613.813608879206,618.8812255859375,614000,0.0004884161502940465,0.16143629456491548,619.4604675292969,,0.01722714670023374,675.3692016601562,-8.364014221460357,982282.0,False
2023-05-05,ASML,620.4697796249554,637.5631804329726,617.7605908416488,633.7625122070312,801400,0.02404546463177093,0.18936356990793124,619.7351208496094,,0.018099444754089894,675.3692016601562,-6.160584366425012,976450.0,False
2023-05-08,ASML,635.1561002635641,638.3233535445102,632.6807914202917,638.3135986328125,518900,0.007181059684222113,0.1979044606896796,620.4838403320313,,0.01803964979025685,675.3692016601562,-5.486717922027783,966914.0,False
2023-05-09,ASML,624.1924876878501,627.476680717816,622.0290387639192,626.6775512695312,746100,-0.01822935840346218,0.1760674309426613,620.7335949707032,,0.01839921709572244,675.3692016601562,-7.209634414914658,965746.0,False
2023-05-10,ASML,637.7191360872662,643.5858826657848,635.3022972623577,640.4088745117188,813600,0.021911305446270513,0.2018366036474566,621.5368518066406,,0.019060149292900966,675.3692016601562,-5.176476372108752,954384.0,False
2023-05-11,ASML,634.2108687566458,635.6726780628761,628.7242064021011,633.6358642578125,560600,-0.010576071824536126,0.18912589340592456,622.2586779785156,,0.019128474047444437,675.3692016601562,-6.179336768652924,949710.0,False
2023-05-12,ASML,632.8074716971471,634.4251810100366,625.75175612542,631.0240478515625,375300,-0.004121951665897683,0.184224373948638,622.7490844726562,,0.01876799659605947,675.3692016601562,-6.566061007754999,941300.0,False
2023-05-15,ASML,630.4100982078422,639.0055434859227,628.4610192644544,638.9957885742188,893400,0.012633022069123312,0.19918470659952492,623.14220703125,,0.018999155038133972,675.3692016601562,-5.385707994460857,938686.0,False
2023-05-16,ASML,636.1598795261418,641.1202519298901,634.9904203104896,635.4484252929688,709600,-0.005551465822905,0.1925274736854874,623.7832897949219,,0.01667388638194955,675.3692016601562,-5.910956002887961,924818.0,False
2023-05-17,ASML,640.2626732553144,654.3058202480042,636.1501452661468,653.4287109375,1162700,0.028295428753704943,0.22627054985399075,625.0144653320312,,0.017664320368303586,675.3692016601562,-3.2486661619634587,927412.0,True
2023-05-18,ASML,658.0773427257077,679.4977030581251,657.8824229189506,678.2113037109375,1459000,0.03792700314297637,0.2727793168524424,626.541318359375,,0.017612991933618025,678.2113037109375,0.0,934956.0,True
2023-05-19,ASML,680.2285411296042,682.0509251560854,676.1744831593422,676.3303833007812,949700,-0.002773354557590646,0.2692494485332426,628.3154516601562,,0.01753144731301716,678.2113037109375,-0.27733545575906865,934274.0,True
2023-05-22,ASML,673.270288656818,681.7877536609043,671.2920045666835,680.8522338867188,856000,0.006685860487102291,0.27773547326946746,630.2486254882813,,0.017520854540252522,680.8522338867188,0.0,930524.0,False
2023-05-23,ASML,673.2606114926308,675.7262250580994,661.5758920278303,664.0999755859375,958600,-0.024604837095340337,0.24629700009873456,631.7773754882812,,0.018361263341936863,680.8522338867188,-2.46048370953403,930358.0,True
2023-05-24,ASML,651.0507944335133,653.7600425383142,644.3459585489659,649.8131103515625,1159300,-0.021513124167441333,0.21948525798610086,632.7187731933594,,0.017175715480447027,680.8522338867188,-4.558863434722986,936652.0,True
2023-05-25,ASML,683.1716245839265,692.8877537850047,676.0964590709733,690.441650390625,1929800,0.062523423107117,0.2957316507440575,634.7372375488281,,0.021295417092936312,690.441650390625,0.0,954304.0,True
2023-05-26,ASML,698.4037203991452,723.4103765059878,697.4194260379908,717.1928100585938,2349100,0.038744996992626346,0.3459347696553867,636.8268359375,,0.02166815089794864,717.1928100585938,0.0,980022.0,True
2023-05-30,ASML,724.2094748481996,728.1076324792451,707.0770554050285,709.7180786132812,1411100,-0.010422206330682249,0.3319071597783989,638.70611328125,,0.022001755426367203,717.1928100585938,-1.0422206330682293,986058.0,True
2023-05-31,ASML,708.5584113452679,711.4527649865258,695.1195336235746,704.5238037109375,1347600,-0.007318786231982233,0.3221592159951343,640.235859375,,0.022176115458158455,717.1928100585938,-1.766471466246463,994298.0,True
2023-06-01,ASML,705.7614787319827,714.0645143652094,700.2553070692838,708.2660522460938,992100,0.0053117417970047764,0.32918218436503066,641.9220739746094,,0.02209844063667126,717.1928100585938,-1.2446803268664524,997170.0,False
2023-06-02,ASML,711.4137742946698,713.8988379113838,701.434500183194,706.2000122070312,813800,-0.0029170394832712665,0.3253049074527772,643.6011706542969,,0.022166916848966028,717.1928100585938,-1.5327534935360552,994336.0,False
2023-06-05,ASML,706.1903177246603,708.1296418131376,700.1092007601908,703.8124389648438,663700,-0.0033808739746772343,0.32082421858265797,644.7701818847656,,0.022235864114133093,717.1928100585938,-1.8656588446078874,984180.0,False
2023-06-06,ASML,689.7303011659901,699.3685106778274,685.0525236654074,698.3842163085938,845400,-0.007712598351108602,0.31063723189231296,646.1538146972656,,0.022053101715941513,717.1928100585938,-2.6225296023900966,984234.0,False
2023-06-07,ASML,695.197510437521,701.8146719674003,687.6058688509756,692.1277465820312,921200,-0.008958492446510258,0.2988958981502905,647.4799499511719,,0.0222485895293219,717.1928100585938,-3.494884935407358,986652.0,False
2023-06-08,ASML,692.9950225651766,702.0777379465583,690.334548733793,701.7171630859375,762400,0.013854980603309253,0.31689207562488075,649.0822143554688,,0.021734747734439733,717.1928100585938,-2.15780843806729,986036.0,False
2023-06-09,ASML,702.2141363255488,707.1355486000426,694.466535883319,697.6337890625,864500,-0.005819116644489752,0.30922892702861526,650.2256005859375,,0.02153701326899889,717.1928100585938,-2.7271635635186864,981290.0,False
2023-06-12,ASML,703.6076816994664,712.1641660585116,701.6683578385378,711.5794067382812,1058900,0.019989882792978975,0.3354002598290948,651.3066394042969,,0.021514210743156445,717.1928100585938,-0.7826909642128024,984618.0,True
2023-06-13,ASML,718.4500047353705,720.5745532570995,705.3717008796642,718.498779296875,876100,0.009723964034190624,0.34838564392692173,652.4477465820313,,0.021408259730629275,718.498779296875,0.0,988508.0,False
2023-06-14,ASML,716.6860545016189,722.835396255643,709.6206432549923,721.3638916015625,821400,0.003987636983171061,0.35376251638822165,653.7767504882812,,0.021365794646877264,721.3638916015625,0.0,991792.0,False
2023-06-15,ASML,704.8551265236503,725.4861088396495,703.9293022031288,719.8825073242188,820400,-0.002053588063653744,0.3509824458435449,655.1793212890625,,0.02128469001808692,721.3638916015625,-0.20535880636537,990642.0,False
2023-06-16,ASML,712.7781839986752,714.493323482078,701.6684103752663,703.5005493164062,1337400,-0.02275643294723706,0.3202389044018119,656.3471496582031,,0.02154513833865608,721.3638916015625,-2.476328867181901,1000384.0,True
2023-06-20,ASML,702.2725457716728,706.2876431588103,692.4881920533059,702.06787109375,799300,-0.0020364990816971185,0.31755023908537683,657.6180871582031,,0.02009022797505346,721.3638916015625,-2.674935733887613,1002778.0,False
2023-06-21,ASML,700.3234178459853,701.22973224539,686.9137477364231,689.2916259765625,820300,-0.01819801993970105,0.2935734335629432,658.5456555175781,,0.020544014687454485,721.3638916015625,-4.4460591940350085,1005410.0,False
2023-06-22,ASML,684.1072706998985,699.4757788063598,682.5187664367659,699.1444091796875,699800,0.014294070654297997,0.31206386361881466,659.7066235351563,,0.020713804166548895,721.3638916015625,-3.080204412857927,1003658.0,False
2023-06-23,ASML,680.3258920497042,683.7660444839488,678.2014034181614,680.1212768554688,916900,-0.02720916033146681,0.2763637075884866,660.5864343261719,,0.020884773545530443,721.3638916015625,-5.7173106702814644,1004050.0,False
2023-06-26,ASML,685.1792172496682,695.9381114286537,682.4017441118925,682.4114990234375,714000,0.00336737321108016,0.28066170054501494,661.3031372070312,,0.020218623399140663,721.3638916015625,-5.399825667963976,995958.0,False
2023-06-27,ASML,688.9019595634635,708.158809091198,686.5825509187981,706.6190795898438,1115800,0.03547358243676779,0.32609135895290975,662.4886376953125,,0.016773170966303562,721.3638916015625,-2.044018585263883,1005356.0,True
2023-06-28,ASML,701.1128918016648,711.4137806677028,699.0566278891873,705.751708984375,866400,-0.0012274938938419133,0.32446358990711843,664.1846166992187,,0.014404650917413272,721.3638916015625,-2.164258954315767,991954.0,False
2023-06-29,ASML,709.0944080610919,710.8096070541276,703.2179659568835,704.93310546875,768100,-0.0011599029874160838,0.3229273406324613,665.780849609375,,0.014231783232547207,721.3638916015625,-2.277738922630725,989110.0,False
2023-06-30,ASML,704.1340362654345,708.9287538334455,697.4388953414959,706.2974853515625,963600,0.001935474263058179,0.3254878324521515,667.787802734375,,0.014144182890281316,721.3638916015625,-2.0886000013876167,963060.0,True
2023-07-03,ASML,715.3021923868896,718.4012206611502,707.6618365044925,715.1950073242188,531900,0.012597414201789947,0.34218555169698406,669.7789501953125,,0.014363115528419361,721.3638916015625,-0.8551695405279678,939840.0,False
2023-07-05,ASML,702.8378399291837,704.2119143364039,696.2499439486604,697.4486083984375,954800,-0.024813370820605196,0.30888140389266816,671.3976794433594,,0.015386588803545518,721.3638916015625,-3.3152869836648753,939296.0,True
2023-07-06,ASML,683.8636180751831,685.763982090271,675.5800319160794,681.5052490234375,1218700,-0.02285954718815908,0.27896096767667977,672.8353283691406,,0.016138873151208776,721.3638916015625,-5.525455743235411,935042.0,True
2023-07-07,ASML,680.1311705655794,687.771527270023,675.999072940815,679.0006713867188,1352000,-0.0036750672724937816,0.2742607000815742,674.643046875,,0.01608397408948271,721.3638916015625,-5.87265604891721,933984.0,True
2023-07-10,ASML,685.7931478038752,694.6809424409893,685.5202482188403,691.75732421875,930900,0.018787393547017306,0.29820073733550445,676.6409875488281,,0.016549066323812436,721.3638916015625,-4.10424859457276,935718.0,False
2023-07-11,ASML,690.8704708508143,691.7086199599801,677.9773333231185,687.05029296875,623200,-0.0068044545177977644,0.2893671894633334,678.153388671875,,0.016303041616536604,721.3638916015625,-4.756766873461036,925642.0,False
2023-07-12,ASML,710.945988879644,711.9010184398826,703.8415587180283,706.4046020507812,1311700,0.028170148939753892,0.3256888552285473,679.9047900390625,,0.017435894866415273,721.3638916015625,-2.073750810782729,935416.0,True
2023-07-13,ASML,722.2994430653526,732.366453012994,721.354168277097,731.6257934570312,1209100,0.03570360574241693,0.3730207274527433,682.1567578125,,0.01860155377772325,731.6257934570312,0.0,950212.0,True
2023-07-14,ASML,741.2835286011673,752.3250188181491,732.824473008225,734.8223266601562,1843900,0.00436908216155274,0.3790195678204993,684.4950708007813,,0.018519529799333842,734.8223266601562,0.0,972328.0,True
2023-07-17,ASML,725.5445734455608,737.6483359744399,716.75420914298,735.2802124023438,1355200,0.000623124428279942,0.3798788686002843,686.8290930175781,,0.01850905766941084,735.2802124023438,0.0,987774.0,True
2023-07-18,ASML,729.7350548850286,740.6499075237157,723.5467537922622,737.7555541992188,1220600,0.0033665285086177388,0.38452427014986634,689.2065795898437,,0.018501071346002006,737.7555541992188,0.0,999906.0,True
2023-07-19,ASML,720.3795434865169,723.9171263019267,694.9732939400126,697.5558471679688,2406200,-0.05448919605204994,0.30908265575484895,690.4824462890625,,0.02160268766674889,737.7555541992188,-5.4489196052049955,1032002.0,True
2023-07-20,ASML,679.2539143003692,680.0432887799224,656.1963398804776,658.915283203125,2918800,-0.05539422273029737,0.23656703954959557,690.8944799804688,,0.024741753645358695,737.7555541992188,-10.686503211984526,1080000.0,True
2023-07-21,ASML,677.6069064667846,680.0919697421419,671.7207106108264,675.70654296875,2524100,0.025483184551432947,0.2680787056286571,691.8750598144532,,0.025207313175906413,737.7555541992188,-8.410510890401705,1115560.0,True
2023-07-24,ASML,667.5595139158876,671.2140368022884,663.5151514624706,667.052734375,1145300,-0.01280705164660545,0.2518383561537103,692.4079370117188,,0.025097961380135647,737.7555541992188,-9.583502207714538,1122194.0,True
2023-07-25,ASML,667.4814340158944,677.616666426845,667.4716791060067,669.8008422851562,1061900,0.0041197760964597485,0.2569956498900239,693.1312365722656,,0.024442868168181583,737.7555541992188,-9.211006481384272,1132220.0,False
2023-07-26,ASML,662.6186474352894,672.5979225841172,660.1920535520932,666.8773803710938,752200,-0.004364673391703322,0.25150927442346216,693.8483032226562,,0.02444088876451249,737.7555541992188,-9.607270785654501,1139758.0,False
2023-07-27,ASML,696.7371860151497,702.0776427782021,685.6566780341958,690.0908203125,1488800,0.03480915776223936,0.2950732581977742,694.8702038574219,,0.024391954309499093,737.7555541992188,-6.460776013872974,1151666.0,True
2023-07-28,ASML,696.2401465338603,703.1301469340023,691.6208394930262,700.079833984375,949800,0.01447492616602486,0.3138193479897802,696.16283203125,,0.02461908756955385,737.7555541992188,-5.106802653046519,1156470.0,False
2023-07-31,ASML,702.9253728531552,704.3092613725223,694.0570897401777,698.1696166992188,789100,-0.0027285706464141857,0.31023449908216416,697.0576501464843,,0.02462486955592349,737.7555541992188,-5.3657254458718,1148998.0,False
2023-08-01,ASML,694.8811962438119,695.9067310826632,689.1087996591478,692.2050170898438,555100,-0.008543195617096933,0.29904090945223616,697.3375244140625,,0.024686237275870448,737.7555541992188,-6.174204565469775,1130920.0,False
2023-08-02,ASML,679.4003427800579,679.7324508454232,666.1952468067856,667.1524047851562,1025400,-0.03619247431926054,0.25202540469721724,697.15396484375,,0.025652596944391887,737.7555541992188,-9.569992257218205,1132434.0,False
2023-08-03,ASML,658.1080368200569,666.9472618238813,657.0629486154232,665.150146484375,920200,-0.0030012007547601804,0.2482678251076611,696.8399230957032,,0.025161624859626475,737.7555541992188,-9.841390864708806,1133718.0,False
2023-08-04,ASML,669.3890243565687,673.1005747588157,659.5242646800024,662.249267578125,891600,-0.004361239220321167,0.2428238305113366,696.8029089355468,,0.024712812858347494,737.7555541992188,-10.234594126919243,1132378.0,False
2023-08-07,ASML,674.3604768571587,677.2808337790079,668.4806564130533,677.2710571289062,663500,0.02268298401554536,0.27101478359296416,697.3520678710937,,0.025237628615544926,737.7555541992188,-8.198446860351208,1122462.0,False
2023-08-08,ASML,659.5829550880417,664.8474436971796,654.8459287732492,663.5484008789062,746700,-0.020261690065678017,0.2452618759789087,696.8142028808594,,0.02523710992808716,737.7555541992188,-10.05850147761464,1098800.0,False
2023-08-09,ASML,663.919485602568,668.0607318480496,655.0216602425734,656.8285522460938,685200,-0.010127141628118896,0.23265093259677316,695.6069177246094,,0.025281263189890255,737.7555541992188,-10.969351771396084,1065522.0,False
2023-08-10,ASML,672.1629258731834,679.1268819413034,660.374013785568,662.024658203125,913900,0.007910901466239073,0.242402312666814,694.6530493164063,,0.024452099485965443,737.7555541992188,-10.265039085784215,1055578.0,False
2023-08-11,ASML,651.2710307529818,654.406295235801,645.8698486957335,646.3679809570312,806000,-0.02364968895356445,0.21301988441705477,693.4899328613282,,0.02317643490812988,737.7555541992188,-12.387242999665684,1044746.0,False
2023-08-14,ASML,637.7435468569122,651.2123719335991,633.6023011870192,651.0267944335938,957400,0.007207679857013538,0.2217629434041244,692.3451477050781,,0.02324579856281694,737.7555541992188,-11.755758295816953,1044052.0,False
2023-08-15,ASML,642.5783880958414,643.5257694422236,635.5948784555642,636.5227661132812,633100,-0.02227869642897151,0.19454365767985715,690.9516027832032,,0.023480802469946976,737.7555541992188,-13.721724968349239,1040438.0,False
2023-08-16,ASML,640.3221861290434,643.6429687742313,631.2290063285992,631.38525390625,665300,-0.008071215171771118,0.18490223878664858,689.5030590820312,,0.023370988092718998,737.7555541992188,-14.418095490778942,1040470.0,False
2023-08-17,ASML,640.4686402174559,640.4979701702157,627.9081475618414,629.3341674804688,797100,-0.003248549777004728,0.18105302488306574,688.1220581054688,,0.020700822648770493,737.7555541992188,-14.696112567588015,1039504.0,False
2023-08-18,ASML,629.9983461172676,642.998371224756,627.9765465587731,640.0682373046875,937600,0.0170562324101875,0.20119733976422616,687.0808679199218,,0.017637286985455063,737.7555541992188,-13.241149638048322,1039832.0,False
2023-08-21,ASML,638.6324064313926,649.1613823673686,634.7743850541502,647.0907592773438,1104300,0.010971520790076905,0.2143763013504345,685.98833984375,,0.01680275130609865,737.7555541992188,-12.289273107579,1046670.0,True
2023-08-22,ASML,663.401902194555,664.6814513841649,648.2531581432257,651.9744262695312,760200,0.007547112861944649,0.2235413363535972,685.0751525878907,,0.0167304789709946,737.7555541992188,-11.627310352518704,1044584.0,False
2023-08-23,ASML,652.6775676891423,665.0915901176403,650.9976528211045,661.3507690429688,908100,0.014381457915592089,0.2411376445903537,684.0705798339844,,0.017033218922142386,737.7555541992188,-10.356382235465778,1041568.0,False
2023-08-24,ASML,662.2198807172903,662.3761282581283,631.8050837541135,632.7329711914062,1336800,-0.04327173897896108,0.18743146039667735,682.355263671875,,0.019426344780345755,737.7555541992188,-14.23541746450246,1050782.0,True
2023-08-25,ASML,628.68950558891,637.6850378818779,621.0613929248024,635.8488159179688,986200,0.004924422889952318,0.19327887506050434,680.6449621582032,,0.017577132755632628,737.7555541992188,-13.813076391117452,1054078.0,False
2023-08-28,ASML,641.7578987558903,644.4438547235892,637.2943211395584,643.6429443359375,535800,0.012257832715653505,0.20790588789411912,679.1201708984376,,0.017468567349289893,737.7555541992188,-12.75661149924297,1048386.0,False
2023-08-29,ASML,637.3040334535305,652.9704590371813,637.1672795835046,651.9644775390625,757900,0.012928803580237291,0.22352266586211433,678.0894494628906,,0.017848714167289025,737.7555541992188,-11.628658865642343,1036796.0,False
2023-08-30,ASML,651.8474109440172,655.5881725429041,648.0773193896458,653.9668579101562,564100,0.003071302870137904,0.22728047453745548,677.1274291992188,,0.017851620102979488,737.7555541992188,-11.357243711978445,1032092.0,False
2023-08-31,ASML,644.6294091621941,653.7323649421917,641.328120449205,645.1470947265625,1100100,-0.013486559872129544,0.21072868293771063,676.2445385742187,,0.01633522437241375,737.7555541992188,-12.552729551887435,1037688.0,True
2023-09-01,ASML,658.3033854003527,658.8307880167358,642.1876497043501,647.0907592773438,592800,0.0030127463436924184,0.21437630135043473,675.2034655761719,,0.016359690084179434,737.7555541992188,-12.289273107579,1035548.0,False
2023-09-05,ASML,649.6400113236906,651.8864354586713,645.7722129981411,648.1065673828125,592100,0.0015698077756560735,0.21628263871086717,674.5631713867188,,0.0163532390206354,737.7555541992188,-12.151584126494832,1029052.0,False
2023-09-06,ASML,650.6361090133755,654.1912920339236,641.7773323746699,650.5286254882812,870800,0.0037371293971752984,0.22082804431526748,673.9255139160156,,0.015486883788163291,737.7555541992188,-11.823283229038667,1032188.0,False
2023-09-07,ASML,622.7803979381441,624.7728674234653,614.2146212153235,622.9366455078125,1236200,-0.04241470536328584,0.16904698251639894,672.251865234375,,0.01743872654570925,737.7555541992188,-15.563272690780893,1034596.0,True
2023-09-08,ASML,613.7360473179436,618.2777785049753,610.6593830152804,613.2379150390625,873200,-0.015569368953794127,0.15084565872128142,670.4015893554688,,0.017591952648319205,737.7555541992188,-16.87789925150903,1034732.0,False
2023-09-11,ASML,616.1387649475745,616.8224747346867,603.9786981514349,613.0914306640625,1066300,-0.00023887038196368504,0.15057075577920132,668.564755859375,,0.017425664817776795,737.7555541992188,-16.897754659464447,1040696.0,True
2023-09-12,ASML,596.770580107214,608.4813385812693,595.9892230216352,604.388916015625,1311300,-0.014194480974903612,0.13423900107601305,666.5265844726563,,0.016995937306015715,737.7555541992188,-18.077347899922454,1047650.0,True
2023-09-13,ASML,600.0621084054453,605.5219507278161,599.5151524694745,602.6796875,1077000,-0.002828027566906588,0.1310313419135094,664.2762780761718,,0.016833323254141986,737.7555541992188,-18.309027418415578,1058552.0,True
2023-09-14,ASML,606.3522284145017,610.2492975330399,601.0291391285439,607.4168701171875,1237000,0.00786019956444517,0.13992147397459176,662.4756433105468,,0.016435059010941187,737.7555541992188,-17.6669200713107,1064196.0,True
2023-09-15,ASML,588.58574705965,591.1349491943475,580.1860538932136,582.7645263671875,2841400,-0.04058554340982312,0.09365714150880633,660.5008288574219,,0.01843591236576082,737.7555541992188,-21.008452860820952,1096650.0,True
2023-09-18,ASML,574.4819902143253,584.4249031416164,574.3159660010828,583.8095703125,1071700,0.001793252502562348,0.09561834491476229,658.5970068359375,,0.01847410606167054,737.7555541992188,-20.866801071232352,1091044.0,False
2023-09-19,ASML,582.159049939609,584.2199563302946,575.4100002965932,579.9419555664062,893500,-0.006624788189106723,0.08836010544360229,656.3606994628906,,0.017875842161454027,737.7555541992188,-21.391041752861888,1090296.0,False
2023-09-20,ASML,581.7487692776958,586.8374565201484,576.0154788188722,576.1424560546875,1094500,-0.006551516880698771,0.08122969584050943,654.1425427246094,,0.017521465029027673,737.7555541992188,-21.906049669792154,1099722.0,False
2023-09-21,ASML,573.3197506000965,577.2168191091444,568.5631713867188,568.5631713867188,1313800,-0.013155226781706442,0.06700587398861213,651.3857141113281,,0.01734006663187717,737.7555541992188,-22.933393296665358,1099764.0,True
2023-09-22,ASML,580.0491928611387,580.9184800474662,572.3917516067869,573.4270629882812,837300,0.00855470745616449,0.07613379709459389,648.2217395019532,,0.017035667966497366,737.7555541992188,-22.274111021679044,1092328.0,False
2023-09-25,ASML,570.0379583455997,574.296404839831,567.0101774927564,572.479736328125,607300,-0.0016520438627704026,0.07435597685958406,644.9748876953125,,0.0148389356026401,737.7555541992188,-22.40251759954405,1067596.0,False
2023-09-26,ASML,562.9763198766937,565.2911204885712,554.6937689466796,559.3722534179688,1471000,-0.022895977059777528,0.049757547059372076,641.456728515625,,0.015179635837030634,737.7555541992188,-24.179187776481385,1069912.0,True
2023-09-27,ASML,564.5391229244351,568.6217689434941,551.1386727042083,561.1499633789062,1477600,0.003178044584934314,0.053093723347298116,637.9246166992187,,0.014757876107390867,737.7555541992188,-23.938225854769108,1075052.0,True
2023-09-28,ASML,553.043161988784,574.5991852597474,550.8651150959123,567.1273803710938,1112500,0.010652084794223526,0.064311366984658,635.3160473632812,,0.014616433396324669,737.7555541992188,-23.128009386975034,1049178.0,True
2023-09-29,ASML,586.4467781579335,586.8667568772171,573.0951509359003,574.9508666992188,1017400,0.013794936726570617,0.07899347494958131,633.6367590332031,,0.015145749644310879,737.7555541992188,-22.067565140422822,1011150.0,True
2023-10-02,ASML,569.7742161331873,573.935015272446,562.9274612655427,568.6217041015625,811300,-0.011008179940647511,0.06711572062255167,631.4950622558594,,0.015094081410483646,737.7555541992188,-22.92545940656984,976894.0,False
2023-10-03,ASML,561.5602539668366,566.1800799984829,554.3521187754656,557.3115234375,1101300,-0.019890518744677288,0.04589023537876891,629.3002380371094,,0.01524577539470568,737.7555541992188,-24.458512000980857,976014.0,True
2023-10-04,ASML,570.5654689077792,578.0568880977884,566.9419078487375,577.0996704101562,1325900,0.03550643785472607,0.08302607202411005,627.4462145996093,,0.017784080579166073,737.7555541992188,-21.776302851890154,981294.0,True
2023-10-05,ASML,570.1063264471258,572.9387530947254,561.999635593525,568.1431274414062,865500,-0.015519923902199473,0.06621758980219794,625.4715295410156,,0.017788097821089727,737.7555541992188,-22.990328678977516,983560.0,False
2023-10-06,ASML,570.194322470372,586.505414650836,564.1484765651477,583.4483032226562,1042100,0.02693894380131967,0.09494036553385787,623.3386791992187,,0.017170422024253878,737.7555541992188,-20.915769471102397,974626.0,True
2023-10-09,ASML,573.9644407629752,577.9298864047768,568.8464232839755,577.5977783203125,738500,-0.010027494929762515,0.0839608565700749,620.8890380859375,,0.01700897447405183,737.7555541992188,-21.70878619175509,970400.0,False
2023-10-10,ASML,586.2025568032677,592.6683805745989,584.415158505838,588.126708984375,1087000,0.01822882819023519,0.1037201927894309,618.6881799316407,,0.0176098883781777,737.7555541992188,-20.28162910643963,976358.0,True
2023-10-11,ASML,587.3452623141336,592.0725708007812,584.0733036059767,592.0725708007812,981800,0.006709203571489297,0.11112527624881863,616.6855310058594,,0.017466232820004483,737.7555541992188,-19.746782327727242,984892.0,False
2023-10-12,ASML,595.4422442022878,609.6533805719326,595.4422442022878,602.3964233398438,1618400,0.01743680259516056,0.13049974834926248,615.3904113769531,,0.01790487791765108,737.7555541992188,-18.347422813549365,996752.0,True
2023-10-13,ASML,597.1027027887943,597.942660186019,583.4287448082556,585.7825927734375,1098500,-0.027579563760181114,0.09932105845879535,613.8030603027344,,0.018788280729106314,737.7555541992188,-20.599365272246185,1000318.0,True
2023-10-16,ASML,587.0425484770292,591.9358817131313,584.0733675344516,589.73828125,1154100,0.0067528269452903356,0.10674458332388093,612.3528405761718,,0.016581778785078754,737.7555541992188,-20.063186526583454,1005568.0,True
2023-10-17,ASML,577.1289021553573,596.1356641811593,573.270880946621,594.4557495117188,1535700,0.007999257317533592,0.11559771803067509,610.6965344238281,,0.016657419751671846,737.7555541992188,-19.42375138646591,1023012.0,True
2023-10-18,ASML,568.2311331097067,578.0079632225564,560.4955366321811,569.6668701171875,2401700,-0.04170012556004821,0.06907715311429263,608.8189038085937,640.4404223632813,0.01904660025101393,737.7555541992188,-22.783791070807943,1056112.0,True
2023-10-19,ASML,586.456501843288,590.4609940989592,571.2393239670355,574.04248046875,1475500,0.007680998459085986,0.07728873308000761,607.1631823730469,640.6463421630859,0.019080324248535473,737.7555541992188,-22.19069348900635,1071918.0,True
2023-10-20,ASML,575.2341408665417,578.4963232748098,564.8321415167609,566.5902099609375,1035000,-0.012982088889531562,0.06330327498747201,605.2544934082031,640.7119329833985,0.01907439201538179,737.7555541992188,-23.20082082256488,1074340.0,False
2023-10-23,ASML,564.1581010417748,579.6878318418677,560.4954343071978,574.1010131835938,905100,0.013256147195296775,0.07739857971394715,603.8091540527344,640.8417901611328,0.019206846646552204,737.7555541992188,-22.18275959891083,1076322.0,False
2023-10-24,ASML,576.8651877149065,588.7224764740571,575.8982531256444,586.75927734375,1333900,0.022048844836489057,0.10115397382511371,602.5238037109375,640.886930847168,0.0197784228685238,737.7555541992188,-20.466979339703446,1083852.0,True
2023-10-25,ASML,583.536142025744,584.2588988048572,568.0259627716923,569.7547607421875,1322700,-0.02898039666035057,0.0692420948795407,601.1884436035157,640.723522644043,0.020191775423757437,737.7555541992188,-22.771877826034693,1097644.0,True
2023-10-26,ASML,579.2874364186212,585.0500568170675,571.9328314781383,574.5015869140625,1093000,0.008331349729647775,0.07815032471764338,600.0507702636719,640.5253823852539,0.020249891782383726,737.7555541992188,-22.128463331239416,1106198.0,False
2023-10-27,ASML,581.0162841620208,582.0906428166113,573.6519019405783,576.2597045898438,819400,0.0030602485977888616,0.08144973273706624,598.9892810058594,640.2812991333008,0.020142376524586048,737.7555541992188,-21.890157070341175,1106644.0,False
2023-10-30,ASML,578.9651314184732,580.6059991214062,568.9147347691409,575.1657104492188,746700,-0.0018984394222109069,0.0793966659312988,597.69123046875,639.9935433959961,0.019932209307470136,737.7555541992188,-22.038443875421546,1102826.0,False
2023-10-31,ASML,585.6848434487378,588.1070679354541,579.7366465334969,584.8643798828125,1020300,0.016862391581060843,0.09759787518352381,596.4467028808593,639.7197149658203,0.02007541941006285,737.7555541992188,-20.723825587780055,1101146.0,False
2023-11-01,ASML,587.2047079705354,596.144928431403,584.3748275097863,595.6259765625,1005800,0.01840015745503898,0.11779384890921696,595.3197338867187,639.5069668579101,0.01976868319941327,737.7555541992188,-19.265131496162073,1106058.0,False
2023-11-02,ASML,623.7294085646795,624.2386185582221,614.054837052386,618.2654418945312,1527400,0.03800953320184086,0.1602806713221454,594.45802734375,639.4360192871094,0.019978642999630314,737.7555541992188,-16.196436831219188,1118444.0,True
2023-11-03,ASML,629.7320560592595,633.5510118766831,625.6194079684186,629.056396484375,906900,0.01745359494261467,0.18053174017914708,594.3844958496094,639.5258752441406,0.019704794703558577,737.7555541992188,-14.733763384923474,1109846.0,False
2023-11-06,ASML,623.6414012171202,625.5214741087524,618.0500714898459,624.1897583007812,651300,-0.007736409979760217,0.17139866264300152,594.1513146972657,639.501226196289,0.019225669237525507,737.7555541992188,-15.393417948808953,1103148.0,False
2023-11-07,ASML,620.6448986518642,628.0575495215776,620.3609483484463,623.0831298828125,529000,-0.0017729038377388706,0.16932188545847948,593.7401184082031,639.3392764282227,0.01902078103702378,737.7555541992188,-15.543417282825478,1103012.0,False
2023-11-08,ASML,626.2557646522491,629.3011032365265,623.9056889276275,626.0011596679688,727000,0.004683211027884937,0.17479806660760588,593.2208520507812,639.2211016845703,0.01873415383833401,737.7555541992188,-15.14788928326693,1102394.0,False
2023-11-09,ASML,632.9536671708689,635.881505226477,620.6742947622585,621.0758056640625,1221600,-0.007867963066583883,0.16555479880884305,592.5630310058593,639.0224508666993,0.018865072321212106,737.7555541992188,-15.815502556507871,1115544.0,True
2023-11-10,ASML,631.0637458361638,649.4337348407669,627.4699904432024,647.5341186523438,1246700,0.04260077875677615,0.2152083409217973,592.610771484375,638.9446029663086,0.020585344717777145,737.7555541992188,-12.229177406167272,1118476.0,True
2023-11-13,ASML,640.5424591199903,644.0774039982971,634.794483116097,640.9928588867188,641200,-0.010101799391264099,0.20293255004321442,592.4888134765625,638.9140884399415,0.0195888436413474,737.7555541992188,-13.115820648416404,1119444.0,False
2023-11-14,ASML,660.6263314326497,664.3864773466784,655.5833586136603,661.3704833984375,1166800,0.03179072002004957,0.24117464194464255,592.754091796875,639.0682650756836,0.020475921932729537,737.7555541992188,-10.353710028478446,1130938.0,True
2023-11-15,ASML,666.1392512188285,668.019324016859,660.9787780118112,663.9066162109375,918500,0.0038346628344647637,0.24593412821518768,593.0216516113281,639.1840731811524,0.020472434297763093,737.7555541992188,-10.009946732077,1131892.0,False
2023-11-16,ASML,662.6433574713021,670.3497602411825,660.9688814557002,666.7168579101562,854700,0.004232887021456966,0.2512080266161001,593.897255859375,639.2281723022461,0.01740402816806308,737.7555541992188,-9.629029003538978,1124262.0,False
2023-11-17,ASML,666.9030195366812,673.297311186991,665.08169711032,671.8284912109375,627600,0.007666872736357355,0.26080087932287466,595.0690673828125,639.21046875,0.01740402767685755,737.7555541992188,-8.936166269848066,1119350.0,False
2023-11-20,ASML,671.0745059819232,682.4823057479504,671.0745059819232,679.8776245117188,674700,0.011980934726767867,0.2759064523614936,596.4047912597656,639.3150872802735,0.016764291890285776,737.7555541992188,-7.845136421957864,1111518.0,False
2023-11-21,ASML,679.446754269821,680.1420172559372,665.7867162471493,670.1931762695312,705400,-0.014244399128656049,0.25773193160322894,597.7208764648437,639.4498840332031,0.017462481261973667,737.7555541992188,-9.157827080410348,1099400.0,False
2023-11-22,ASML,675.1380329922067,679.6228457621587,669.6936105015183,670.5651245117188,522300,0.000554986614841102,0.2584299559903269,599.0785852050781,639.5051608276367,0.01719749682958137,737.7555541992188,-9.107410890376887,1088306.0,False
2023-11-24,ASML,675.7256487453573,677.6546700290675,673.6007728716507,676.8125610351562,352100,0.009316673795086938,0.2701543373842543,600.4664990234374,639.6690707397461,0.015154205227693125,737.7555541992188,-8.260594287251662,1070608.0,False
2023-11-27,ASML,673.365675213392,675.9606139165236,670.8099432860045,674.0707397460938,545500,-0.00405107920111436,0.2650088415658718,602.2926232910156,639.8127603149414,0.01539359684009359,737.7555541992188,-8.632237885657174,1024690.0,False
2023-11-28,ASML,665.8649477852758,668.6556813804517,658.6677549768151,661.9382934570312,644300,-0.017998773086682962,0.24224023447387988,603.8551977539063,639.9335876464844,0.01636947352343844,737.7555541992188,-10.276745503391261,1016142.0,False
2023-11-29,ASML,672.2397837251802,678.7025680944814,670.4380048177014,673.31689453125,795500,0.017189821448148956,0.2635941223001925,605.7226965332031,640.0511111450195,0.016395273018855454,737.7555541992188,-8.734418778847736,1014182.0,False
2023-11-30,ASML,668.9104234451135,670.1050948218614,662.3203366630969,669.5469360351562,753600,-0.005599084957935485,0.2565191514570859,607.5907861328125,640.1073220825195,0.0164970818561674,737.7555541992188,-9.245422521840329,1007364.0,False
2023-12-01,ASML,673.8652040910652,681.1212081581139,668.8516367453949,677.8114624023438,857600,0.012343460812661355,0.27202894636345487,609.775751953125,640.2081106567383,0.01633236419865514,737.7555541992188,-8.125196951169016,998240.0,False
2023-12-04,ASML,672.464859016653,676.3621084019605,665.0032592626643,675.970458984375,748500,-0.0027160995646838826,0.26857398909597174,611.8266198730469,640.3994387817382,0.01471679776738596,737.7555541992188,-8.374738063735364,996464.0,False
2023-12-05,ASML,675.9704475516825,682.9326388965501,673.630113714595,680.0929565429688,610000,0.0060986356782331,0.2763105596863509,613.9788842773437,640.6325134277344,0.01441721833332926,737.7555541992188,-7.815948972263402,996518.0,False
2023-12-06,ASML,684.8911020225551,688.6513071215339,676.8517398914427,677.6939086914062,657100,-0.003527529330339285,0.27180833675243554,616.3453173828125,640.9612084960937,0.01427711747572479,737.7555541992188,-8.141130916053237,980240.0,False
2023-12-07,ASML,680.9155060270502,685.9290730353423,677.7037176778787,685.1065673828125,780600,0.010938063034563461,0.285719456507717,618.8244494628906,641.3540283203125,0.014288696633269808,737.7555541992188,-7.136372815729322,966300.0,False
2023-12-08,ASML,680.8861822146566,688.2204800524663,679.6034152201904,681.9534912109375,920600,-0.004602314912729777,0.2798021706794447,621.1209716796875,641.6636465454102,0.014429780322317481,737.7555541992188,-7.563760471969666,962462.0,False
2023-12-11,ASML,690.0711033602798,698.658822321022,687.9951761403142,695.4763793945312,1585000,0.01982963407017868,0.30518017940623854,623.5314819335938,642.1366403198242,0.014538639415743465,737.7555541992188,-5.730783667305431,973814.0,True
2023-12-12,ASML,700.0591320106395,705.993162017168,696.5241864612107,705.5819091796875,880100,0.014530370958038663,0.3241449315800906,626.2706860351562,642.593600769043,0.01203141360501651,737.7555541992188,-4.361016984067772,975190.0,False
2023-12-13,ASML,709.5869530492963,723.3252847884846,705.758195516132,720.0057373046875,1037200,0.020442457406212755,0.3512137079435691,629.5245703125,643.1923992919922,0.012066650883300736,737.7555541992188,-2.4059211473910778,973908.0,True
2023-12-14,ASML,728.8284164467541,740.2754218308235,728.8284164467541,738.0428466796875,1446600,0.025051341177531716,0.3850634235450212,632.7434338378906,643.8948907470703,0.011407416543345318,738.0428466796875,0.0,976322.0,True
2023-12-15,ASML,738.0427594665654,744.5251456913853,734.0377514147924,737.308349609375,1507000,-0.0009951957039037174,0.3836850143762751,636.12673828125,644.5489138793945,0.011486821547855372,738.0428466796875,-0.09951957039037243,989152.0,True
2023-12-18,ASML,731.834629931836,732.2556844735085,721.0143350577415,726.635009765625,808900,-0.01447608703930281,0.36365466967318527,638.9904724121094,645.085390625,0.012254737379631812,738.0428466796875,-1.545687620357566,984488.0,False
2023-12-19,ASML,727.5554669051949,729.5922472618195,725.1368387919321,729.2396850585938,571000,0.0035845717010096756,0.3685427876120455,642.023310546875,645.7146176147461,0.012228973882358298,738.0428466796875,-1.1927710783591328,981138.0,False
2023-12-20,ASML,724.2260558512983,734.2727928048354,714.4437255859375,714.4437255859375,1007600,-0.020289569774946337,0.3407756432327913,644.5496508789063,646.3274865722656,0.013165446539556869,738.0428466796875,-3.1975272438338633,979550.0,True
2023-12-21,ASML,728.7010110047298,740.2067651683445,728.0939036514532,739.5703125,868200,0.035169441642804555,0.38792997397356066,647.4996057128906,647.0159948730469,0.014391830628333428,739.5703125,0.0,977278.0,False
2023-12-22,ASML,737.1909438595042,740.1089802763729,733.5384377243228,736.8873901367188,597300,-0.0036276772038240646,0.3828950120464727,650.1894250488281,647.7623132324219,0.01448217145585088,739.5703125,-0.36276772038240107,956856.0,False
2023-12-26,ASML,734.507895578683,749.881556826623,734.4099981521715,746.826416015625,509000,0.013487849041713407,0.40154729120949395,653.4103015136719,648.5754776000977,0.014578373960688524,746.826416015625,0.0,945066.0,False
2023-12-27,ASML,745.0050194344435,748.5889135715873,742.5863316693126,748.1483154296875,486900,0.0017700223046674957,0.404028061175981,656.5785021972656,649.3779067993164,0.01445651267528701,748.1483154296875,0.0,931722.0,False
2023-12-28,ASML,746.228990358531,747.2278069208352,742.0575326764714,742.0966796875,468000,-0.008088818242826368,0.39267113338130066,659.5313208007813,650.0746740722657,0.013813035513685483,748.1483154296875,-0.8088818242826405,910368.0,False
2023-12-29,ASML,742.2730072256732,744.5447292446304,736.6914800583911,741.18603515625,517900,-0.001227123845417899,0.3909621534247032,662.9617041015625,650.833012084961,0.013620255079455506,748.1483154296875,-0.9306016106497308,872692.0,False
2024-01-02,ASML,714.8256425986783,715.5796558948966,699.2953354472588,702.0175170898438,1368700,-0.05284573131244852,0.31745574119903663,665.5212048339844,651.2795352172851,0.018448107431668657,748.1483154296875,-6.165996419219261,870556.0,True
2024-01-03,ASML,686.0367059689742,691.9511916194995,685.0574928232768,688.7491455078125,952000,-0.018900342596911535,0.2925553763341069,667.9643835449219,651.6445098876953,0.018863111000535972,748.1483154296875,-7.939491234135841,868896.0,True
2024-01-04,ASML,683.4908993736987,694.7616542827346,683.0110944081151,685.7332763671875,752100,-0.0043787628054353656,0.28689558292824957,670.1970288085937,651.9329937744141,0.018882675168935572,748.1483154296875,-8.342602365769263,865836.0,False
2024-01-05,ASML,686.1934009933565,695.0356644587664,685.0574802959204,688.7197875976562,579200,0.0043552082615714305,0.29250028120279836,672.2362390136718,652.2568161010743,0.018862287082834397,748.1483154296875,-7.9434153103585325,850742.0,False
2024-01-08,ASML,697.8363204925108,705.8560791015625,697.1116525107337,705.8560791015625,835300,0.02488136948072861,0.32465945825335085,674.9582653808594,652.6748706054688,0.019544941189694482,748.1483154296875,-5.652921413561575,840994.0,False
2024-01-09,ASML,695.8974137113669,704.1228283277563,695.8974137113669,701.0676879882812,587000,-0.006783806579063634,0.3156732247054328,677.4895874023438,652.9533996582031,0.019527939362729584,748.1483154296875,-6.29295374599169,830874.0,False
2024-01-10,ASML,701.5769990056018,705.0336510102532,693.3222371803299,702.8695678710938,506400,0.002570193882395211,0.31905475997880184,680.0217846679687,653.3217346191407,0.019482577935993645,748.1483154296875,-6.052108468972304,824614.0,False
2024-01-11,ASML,705.5132747042277,709.1363753218768,693.899821059156,703.5940551757812,603900,0.0010307563989175872,0.3204143841131728,682.5903515625,653.710599975586,0.019030784627424382,748.1483154296875,-5.955271078611892,821758.0,False
2024-01-12,ASML,697.7972254380863,700.6761151373128,694.8693870236351,698.39453125,580500,-0.007389948632357646,0.3106565896411504,684.8609545898438,654.0945529174804,0.018835966215933548,748.1483154296875,-6.650256794484951,812962.0,False
2024-01-16,ASML,693.273166101302,696.5143595064153,687.8972950238162,691.8141479492188,913100,-0.009422157543249265,0.29830737676845365,686.7847180175781,654.3513012695313,0.018310300343733266,748.1483154296875,-7.529812781589181,811108.0,True
2024-01-17,ASML,691.275598551277,698.3454894543481,681.6107686563084,697.4642333984375,835100,0.008167056811381412,0.30891072687315724,688.3686938476562,654.5509851074219,0.017424358768291848,748.1483154296875,-6.774603509217336,797262.0,True
2024-01-18,ASML,709.6162909659771,732.7159591369664,709.6162909659771,729.0537109375,2230400,0.04529189602331418,0.36819377541849696,690.3686401367188,654.8890365600586,0.02031741733068443,748.1483154296875,-2.5522485446245784,823732.0,True
2024-01-19,ASML,732.9411329248429,743.6830738136883,729.2984882466925,742.0772094726562,1796100,0.01786356524872379,0.39263459419858293,692.7263891601563,655.3248541259766,0.020417677090213027,748.1483154296875,-0.8114842781600603,846628.0,True
2024-01-22,ASML,750.4690154468484,760.3884498788714,749.6171047497703,750.7431640625,1418600,0.011677968921862014,0.40889773770914384,695.27958984375,655.8298001098633,0.020540933940654687,750.7431640625,0.0,864420.0,True
2024-01-23,ASML,750.12614049997,762.4838043355352,746.689093152458,762.2096557617188,1800700,0.015273521289451475,0.43041656730070454,698.003759765625,656.415302734375,0.020108659046540224,762.2096557617188,0.0,885894.0,True
2024-01-24,ASML,809.6722214332428,846.6179765313656,809.3197190211698,829.6971435546875,7754300,0.08854189563568937,0.5570683617182046,702.1761865234375,657.3711834716797,0.02664976291784641,829.6971435546875,0.0,1016548.0,True
2024-01-25,ASML,850.9362336151671,864.919426188006,845.0511529777087,851.0145874023438,3449500,0.025693042350761308,0.597074185078861,706.2457958984374,658.4116903686523,0.026896898475363026,851.0145874023438,0.0,1060604.0,True
2024-01-26,ASML,845.5996334941758,855.0490657483482,835.4746014385969,849.7123413085938,1614800,-0.0015302276988282681,0.5946302979237696,710.420185546875,659.4547720336914,0.02692148631658058,851.0145874023438,-0.15302276988282956,1080076.0,True
2024-01-29,ASML,849.5459076001855,865.056613096045,847.2153751208367,864.2732543945312,1034500,0.0171362852792194,0.6219563376238779,714.4782409667969,660.5954846191406,0.026995156903323242,864.2732543945312,0.0,1077430.0,False
2024-01-30,ASML,855.881334389976,859.4848319998164,844.6791323515102,849.9865112304688,895600,-0.016530354365843603,0.5951448245970294,718.1998388671875,661.6125354003906,0.02729590983344606,864.2732543945312,-1.6530354365843607,1076972.0,False
2024-01-31,ASML,843.3179881852996,865.6244942243532,841.5946231064842,851.7392578125,1251200,0.002062087525946721,0.5984341528419095,721.9002868652344,662.6345114135743,0.027256761135997412,864.2732543945312,-1.4502353877434253,1084902.0,True
2024-02-01,ASML,863.9794600569687,875.2012656535612,858.4370794763666,872.028564453125,1040200,0.023821030267799914,0.6365105011778418,725.9042883300781,663.8898904418945,0.02375067146033632,872.028564453125,0.0,1093154.0,False
2024-02-02,ASML,860.9635186705334,874.4864523666098,860.8166725309027,872.1461181640625,896400,0.00013480488567618742,0.6367311107888609,729.749658203125,665.1250137329101,0.02291547367067107,872.1461181640625,0.0,1097588.0,False
2024-02-05,ASML,868.7088420443881,884.7175762986973,864.2946709773515,881.4020385742188,950100,0.01061280927287811,0.6541014258986491,733.9738354492188,666.5022747802734,0.022626256890858683,881.4020385742188,0.0,1102482.0,False
2024-02-06,ASML,881.6571101159352,888.4843830822194,873.8587290711727,887.6309814453125,1409500,0.007067084711047222,0.6657911007961388,738.3151525878907,667.8622415161133,0.022586590299052127,887.6309814453125,0.0,1120226.0,True
2024-02-07,ASML,888.0232936376941,910.0941489346745,887.7976996089425,904.6401977539062,1492200,0.01916248606025217,0.6977117995444369,742.8717053222656,669.3028817749023,0.02246257394533461,904.6401977539062,0.0,1143028.0,True
2024-02-08,ASML,900.0887956688648,910.0353495423782,893.536150888836,905.3367309570312,1150800,0.0007699560608231959,0.6990189630340271,747.4970251464844,670.7814514160157,0.022203769290456275,905.3367309570312,0.0,1155134.0,False
2024-02-09,ASML,918.8245396698015,936.1182879521633,913.9395422321887,931.48828125,1588800,0.028885992801069627,0.7480968125691088,752.8880249023438,672.4958190917969,0.022358794298842515,931.48828125,0.0,1174024.0,True
2024-02-12,ASML,921.7378216836049,928.427750886245,909.6626129284444,911.4871826171875,1033600,-0.021472195663022497,0.7105613357717189,757.6514306640624,674.0939535522461,0.02350755365759977,931.48828125,-2.1472195663022466,1178786.0,False
2024-02-13,ASML,873.8587521457692,898.4212013667454,872.0538800799967,886.0909423828125,1297200,-0.02786242167602815,0.6629009545317373,761.9823107910156,675.4672570800781,0.024771076862802176,931.48828125,-4.873634996917735,1189658.0,True
2024-02-14,ASML,897.3324379411707,908.0931784907261,895.9787538792037,906.8081665039062,1206400,0.023380471608684505,0.7017803630872208,766.5622448730469,676.9071252441406,0.02440521044589174,931.48828125,-2.649535720725821,1196634.0,True
2024-02-15,ASML,911.3595275242994,916.9213659569639,901.8053096584416,912.1050415039062,884300,0.005841229926745628,0.7117208534728339,771.2849365234375,678.3725134277344,0.024434667009616058,931.48828125,-2.080889275395138,1199350.0,False
2024-02-16,ASML,914.9399203691996,930.4287943037651,908.073432128556,911.2222290039062,1161300,-0.0009678846841416622,0.7100641050752317,775.9075219726562,679.8390911865234,0.023456256342202473,931.48828125,-2.175663682950252,1210376.0,False
2024-02-20,ASML,901.079418382839,902.4331022824897,881.3726306647669,892.2216796875,1044100,-0.020851718397142838,0.6744063299151408,780.1980773925782,681.2073040771485,0.02438715077906101,931.48828125,-4.2154691962207655,1218116.0,False
2024-02-21,ASML,880.3329116504383,891.3388833963455,875.604836521807,890.8876953125,867500,-0.0014951266096416838,0.6719028804559322,784.3136999511719,682.5673364257813,0.02448641568096935,931.48828125,-4.358679197017542,1219854.0,False
2024-02-22,ASML,928.8592890031125,941.1601507209818,923.2484158392631,933.6952514648438,1780800,0.04805045167598587,0.7522385690202216,789.34853515625,684.0670001220703,0.02594366257350101,933.6952514648438,0.0,1237058.0,True
2024-02-23,ASML,934.1171417807626,936.3536240868759,914.9988252930193,915.4500732421875,879000,-0.01954082790292866,0.7179983766981235,793.7480090332032,685.4526824951172,0.01951109036899352,933.6952514648438,-1.9540827902928701,1222938.0,False
2024-02-26,ASML,923.5524882562863,933.5677135125477,918.3437688512798,929.5165405273438,671300,0.015365630192521573,0.7443965044258192,798.2267016601562,686.9668774414063,0.019085634203533115,933.6952514648438,-0.44754548456192295,1218762.0,False
2024-02-27,ASML,934.8232841046913,939.4925054703492,922.4243544039739,923.4151000976562,807500,-0.006564100974713161,0.7329461096308314,802.2948889160157,688.3819085693359,0.019194912227422905,933.6952514648438,-1.101017848281793,1214168.0,False
2024-02-28,ASML,921.1296236304534,925.5045793907892,917.2647690439856,921.5808715820312,519700,-0.0019863531746784346,0.7295038666244196,805.9656494140625,689.821633605957,0.019000300531569134,933.6952514648438,-1.2974661554513263,1195630.0,False
2024-02-29,ASML,921.5808209808351,934.2838362884112,920.5214031667516,933.5285034179688,777600,0.012964279320845318,0.7519256378378205,809.8900524902343,691.3341558837891,0.018551197497465963,933.6952514648438,-0.01785893701541209,1181042.0,False
2024-03-01,ASML,933.4304643117121,972.5400162001145,932.1454524289437,972.0397338867188,1698200,0.041253406112129465,0.8241985376537955,814.7981469726562,692.9993756103515,0.02017910566674171,972.0397338867188,0.0,1198828.0,True
2024-03-04,ASML,973.668088374037,988.460483874398,968.9106165086635,979.0043334960938,1433000,0.007164933043968258,0.8372687980349898,819.7934399414063,694.7171551513671,0.019787936824433267,979.0043334960938,0.0,1216068.0,True
2024-03-05,ASML,970.8332071975454,973.1187238225999,940.4048348659919,950.3612670898438,1259500,-0.029257343840311312,0.7835151930838047,824.5117907714844,696.201817932129,0.021191686255405025,979.0043334960938,-2.925734384031129,1221106.0,True
2024-03-06,ASML,968.1159831744785,990.3732166106088,962.7502819756195,984.7819213867188,1304500,0.036218494470293905,0.8481114282421955,829.4160229492187,697.7346710205078,0.02228107967022561,984.7819213867188,0.0,1229832.0,True
2024-03-07,ASML,996.298170523637,1036.192457300251,995.4644064708363,1027.4132080078125,1580300,0.04329007843793731,0.9281163169328486,835.2265393066406,699.490085144043,0.023759126864067323,1027.4132080078125,0.0,1249492.0,True
2024-03-08,ASML,1019.0653960133459,1020.3699857515066,974.2860567355791,975.3651123046875,1638500,-0.05065936012643635,0.8304391780676894,839.7973132324219,700.9626495361329,0.026711442234683573,1027.4132080078125,-5.065936012643632,1272082.0,True
2024-03-11,ASML,960.8178536093304,962.3187004342236,939.2374628187176,944.308837890625,1432100,-0.031840665636153176,0.7721567762315211,843.7205236816407,702.3636938476562,0.027828878419896803,1027.4132080078125,-8.088699801546213,1290986.0,True
2024-03-12,ASML,948.36019815555,966.2032624269534,932.3514625584097,965.5166015625,1165200,0.022458503850550038,0.811956766014295,848.1889221191407,703.9422113037109,0.02755676168690963,1027.4132080078125,-6.02450951213018,1304930.0,False
2024-03-13,ASML,964.4081654491874,964.4081654491874,940.7678486369941,950.302490234375,851100,-0.015757482888956953,0.7834048882782949,852.3712512207031,705.2415155029297,0.027340007974281058,1027.4132080078125,-7.505326695474129,1311594.0,False
2024-03-14,ASML,950.1160237559129,952.941038180291,932.4298827996984,941.4740600585938,876600,-0.009290126319256409,0.7668368315878102,857.1603820800781,706.3629217529297,0.02660456304363429,1027.4132080078125,-8.364613894331526,1301752.0,False
2024-03-15,ASML,936.5694565113648,936.5694565113648,914.017895772783,922.27734375,1727400,-0.020390063967773098,0.7308109155711173,861.8309460449219,707.4257180786133,0.02666127052613834,1027.4132080078125,-10.233065278737689,1317260.0,True
2024-03-18,ASML,931.2527966644053,939.93403611113,921.8261030259196,923.3858032226562,821400,0.0012018721701969604,0.7328911290424154,866.5839965820312,708.5200280761719,0.026639607159394087,1027.4132080078125,-10.125176898092322,1318646.0,False
2024-03-19,ASML,920.6391618060052,938.344941221614,910.3002132649503,933.754150390625,817600,0.011228618776444987,0.7523491029115159,871.4846838378907,709.6474685668945,0.026729140675021638,1027.4132080078125,-9.116006771880562,1323414.0,False
2024-03-20,ASML,937.8349296537438,955.7172105741006,928.8300265406252,952.4016723632812,838600,0.019970483627682167,0.787344361981194,876.415595703125,710.8784768676758,0.026505564032825023,1027.4132080078125,-7.301009473100025,1323480.0,False
2024-03-21,ASML,985.8413283876042,986.4788949338455,969.2342435756062,971.8925170898438,1112400,0.020464941727998065,0.8239222601970049,881.8320922851562,712.2188772583008,0.026733054207759583,1027.4132080078125,-5.403930033722768,1333988.0,False
2024-03-22,ASML,955.1383717956808,972.177067588005,954.0201007390413,961.2691650390625,692800,-0.01093058323217777,0.8039857261228998,887.0000842285157,713.5333020019531,0.024968040416725255,1027.4132080078125,-6.437920249926068,1337716.0,False
2024-03-25,ASML,960.4549253743969,973.3541375875816,957.8358674107592,960.2587280273438,860900,-0.0010511488857314344,0.8020894685370104,892.1333776855469,714.8739569091797,0.02450384514504764,1027.4132080078125,-6.536267925802069,1342856.0,False
2024-03-26,ASML,967.919681807579,970.519161724302,952.313163073131,952.774169921875,706000,-0.007794314060382668,0.7880434172543247,897.2209704589844,716.1292419433594,0.024419931929714915,1027.4132080078125,-7.264753606843834,1345366.0,False
2024-03-27,ASML,960.1116576481564,960.5236301812942,945.6822014297317,955.4326171875,572100,0.002790217608274359,0.7930324474815067,902.49333984375,717.4182360839844,0.024351434883449947,1027.4132080078125,-7.006002089449989,1338546.0,False
2024-03-28,ASML,951.0575860624217,953.3333434686399,943.3083001094333,951.9600219726562,685700,-0.0036345788832978787,0.7865155296108226,907.5832556152344,718.6201391601562,0.024367262226982225,1027.4132080078125,-7.343996110529124,1335558.0,False
2024-04-01,ASML,961.0730451112979,1003.1547774016284,961.0730451112979,974.011474609375,1108500,0.023164263338520952,0.8278988457970848,912.4824108886719,719.8977026367188,0.02469971933129915,1027.4132080078125,-5.197688036538404,1313120.0,False
2024-04-02,ASML,949.66481112361,955.2659255512438,938.8647958448696,948.2719116210938,964000,-0.02642634471899219,0.779594160786603,916.6063049316406,721.0322427368164,0.023762545121044858,1027.4132080078125,-7.702966612642277,1296478.0,False
2024-04-03,ASML,947.457689569416,967.6549411387693,943.7497571078092,961.5732421875,892100,0.014026916123316635,0.8045563788135008,920.8229064941406,722.2406964111328,0.023925734930819117,1027.4132080078125,-6.408323866886851,1285948.0,False
2024-04-04,ASML,973.0695758954969,977.7878314529884,935.2058250081412,935.2254028320312,1269700,-0.027400761792757078,0.7551101593360319,924.2832214355469,723.399320678711,0.02381766315925511,1027.4132080078125,-8.972807090395147,1275328.0,False
2024-04-05,ASML,957.875128256078,967.7824661052979,948.4778316881011,960.866943359375,878400,0.027417497909804966,0.803230888461105,926.9066174316406,724.693316040039,0.0232090375080594,1027.4132080078125,-6.477069219060641,1137810.0,False
2024-04-08,ASML,970.9705086973003,977.1994306958892,961.4359275679232,963.9667358398438,929000,0.0032260371760020057,0.8090481783441956,929.1656604003906,726.0666915893555,0.020928467596865927,1027.4132080078125,-6.175360767552669,1087400.0,False
2024-04-09,ASML,974.7862031659174,981.1230119418316,950.8712026361729,970.9508056640625,717500,0.007245135713250583,0.8221549779081081,931.5904296875,727.4257235717773,0.017906825311171413,1027.4132080078125,-5.495588523066822,1069454.0,False
2024-04-10,ASML,944.4462534197531,964.7219962633554,944.4462534197531,956.0211791992188,722800,-0.015376295459822886,0.7941369845942059,933.4253881835938,728.8052230834961,0.01677029257303781,1027.4132080078125,-6.948716276192829,1063220.0,False
2024-04-11,ASML,962.828905527445,973.2659834003571,944.9564439421956,973.2561645507812,964700,0.018027827967157517,0.826481377501985,935.89078125,730.2594464111328,0.016508978512482095,1027.4132080078125,-5.271203741096877,1064602.0,False
2024-04-12,ASML,951.3225284394903,953.608104868598,938.2565750143078,943.4947509765625,1031000,-0.03057921918013795,0.7706290031309115,937.7258911132812,731.4438247680664,0.017524807880370766,1027.4132080078125,-8.167936364568508,1060198.0,False
2024-04-15,ASML,966.6249191866589,969.8619658155237,932.9595025302127,936.6085815429688,1077500,-0.007298577365127068,0.7577059303666227,939.0174914550781,732.5981091308594,0.017478459911346483,1027.4132080078125,-8.838179785610977,1060944.0,True
2024-04-16,ASML,940.0223147965502,959.9449394044367,938.9433190648544,958.2871704101562,1506500,0.023145836259021113,0.7983895040223989,940.7403125,733.8648794555664,0.017533442954689966,1027.4132080078125,-6.728163221854416,1073146.0,True
2024-04-17,ASML,924.8277754112554,924.8474131098359,878.7536633112686,890.2991333007812,3774100,-0.07094745626227628,0.670798343343233,940.9182543945312,734.7848876953125,0.023682529737095743,1027.4132080078125,-13.345562782174067,1129626.0,True
2024-04-18,ASML,883.9328592346245,886.3655388316444,869.493643745048,872.073486328125,1653700,-0.0204713744975632,0.6365948047467456,940.6071044921875,735.5692800903321,0.023842826857964888,1027.4132080078125,-15.119498218335762,1134510.0,True
2024-04-19,ASML,870.5137580907468,879.1165060395376,839.271260720629,843.1458740234375,2486800,-0.0331710718857966,0.5823072008305701,939.3772180175781,736.2977664184571,0.024104624231018282,1027.4132080078125,-17.93507544463783,1154402.0,True
2024-04-22,ASML,853.4064091779295,863.2156782489401,846.0102418519572,855.4172973632812,1143900,0.014554330060687182,0.6053366220888603,938.3788293457031,737.1673266601563,0.023819058999191282,1027.4132080078125,-16.740675446253693,1154264.0,False
2024-04-23,ASML,862.5290064759363,890.7404735449242,858.3110328032228,884.374267578125,991300,0.03385127972522883,0.6596793211363443,937.4365490722656,738.1941946411133,0.025294275453000177,1027.4132080078125,-13.922240761051208,1142314.0,False
2024-04-24,ASML,895.6353161954354,897.5481356718925,865.1480906264301,875.3007202148438,860600,-0.010259850038524254,0.6426512601894456,936.7128198242187,739.1119116210938,0.025326724985707566,1027.4132080078125,-14.805385662495013,1138854.0,False
2024-04-25,ASML,858.3111360569117,893.6833617377414,854.3874280063658,885.2964477539062,1114200,0.011419763868820931,0.6614099496996302,936.6969299316406,740.1031423950195,0.025532477633724265,1027.4132080078125,-13.832483283865432,1135194.0,False
2024-04-26,ASML,896.731247298589,910.6107353473046,896.0234799216721,903.3170776367188,865100,0.020355475195379835,0.6952287387200982,936.6271081542968,741.0877047729492,0.02602075255036668,1027.4132080078125,-12.07850253470268,1128368.0,False
2024-04-29,ASML,896.3183316384849,897.6945092780788,885.7318190656996,894.2738037109375,650800,-0.010011184499512105,0.678257491047896,936.2704833984375,741.9009448242188,0.026073771806613997,1027.4132080078125,-12.958700867301154,1123698.0,False
2024-04-30,ASML,880.8365815873557,891.7278712238339,856.3803612459552,857.6090698242188,1093000,-0.040999449759762996,0.609449857359732,935.1982202148438,742.514878540039,0.026651414589915573,1027.4132080078125,-16.527346238116746,1122332.0,False
2024-05-01,ASML,856.2722401538207,865.5908067089096,834.6764872105383,838.3134765625,1458200,-0.022499287776508337,0.5732383818571352,934.1200561523438,743.0300448608399,0.02651211766567328,1027.4132080078125,-18.4054214965742,1130614.0,True
2024-05-02,ASML,860.0960570089717,863.0449577758595,847.6615014437118,855.4564819335938,876800,0.020449397332115593,0.6054101586258662,933.4114318847656,743.6185494995117,0.026784420598767632,1027.4132080078125,-16.736861540611145,1130800.0,False
2024-05-03,ASML,879.3523349225135,889.5456962899403,873.5331280122228,886.2723999023438,1038000,0.03602277686773325,0.663241490551238,932.4629748535157,744.5621322631836,0.02771618126067219,1027.4132080078125,-13.737492082581394,1115944.0,False
2024-05-06,ASML,893.7135262088595,902.7174767027728,889.6145709945719,901.302001953125,642000,0.01695821967652078,0.6914471051231097,932.1800134277344,745.7740658569336,0.027247629563621256,1027.4132080078125,-12.274633523470193,1111204.0,False
2024-05-07,ASML,909.0773091668495,910.6008958866096,892.1801054913259,892.7501831054688,655000,-0.009488294521841079,0.6753981568215861,931.4446862792969,746.8592840576172,0.02725100552752668,1027.4132080078125,-13.106997637635953,1110878.0,False
2024-05-08,ASML,889.0345980116812,901.1152397851744,887.9336798677512,895.94482421875,555700,0.0035784267242249257,0.6813934463596736,930.8952807617187,748.0037445068359,0.027191817058881775,1027.4132080078125,-12.796057395834337,1105842.0,False
2024-05-09,ASML,899.1198284152626,902.5306947337968,891.9245035639273,897.9795532226562,756000,0.002271042757215014,0.6852119627680575,930.4232543945312,749.1446380615234,0.02707770987310665,1027.4132080078125,-12.598013513582554,1110568.0,False
2024-05-10,ASML,909.2443408030418,923.0058767719527,909.2443408030418,914.4442138671875,814100,0.018335228887387478,0.7161107098291735,930.0415686035157,750.382472229004,0.02708951259033775,1027.4132080078125,-10.995478086141752,1111298.0,False
2024-05-13,ASML,911.8786925661741,913.1762160252222,898.6872940591561,901.6165161132812,745700,-0.014027862563269822,0.6920373446483343,928.6331042480468,751.4401007080078,0.026468696694868076,1027.4132080078125,-12.244021287058896,1092248.0,False
2024-05-14,ASML,897.3504896111358,900.7711951582457,890.4500429083437,899.4442138671875,592000,-0.002409341673839549,0.6879606485601804,927.0419018554687,752.4369226074218,0.026439589798777093,1027.4132080078125,-12.455455423700561,1075428.0,False
2024-05-15,ASML,903.0026316166146,921.452880859375,895.1388958511467,921.452880859375,883000,0.0244691851399661,0.7292636701787767,926.4637341308594,753.5533389282226,0.02650298892830418,1027.4132080078125,-10.313311754469073,1067898.0,False
2024-05-16,ASML,920.5485209391929,922.8191721254574,903.2876242170794,903.8773803710938,811100,-0.01907368336825843,0.6962802424735541,924.8456433105468,754.6117007446289,0.021689266112500823,1027.4132080078125,-12.023967248412031,1058030.0,False
2024-05-17,ASML,905.1160101901671,915.1127678762809,900.6042252148566,909.2149658203125,703700,0.005905209672386391,0.7062971329684868,922.4816784667969,755.8220135498046,0.02114388354889099,1027.4132080078125,-11.504450328869163,1040498.0,False
2024-05-20,ASML,910.0111142372662,930.5943832732565,910.0111142372662,923.4384155273438,669300,0.015643659906322105,0.7329898650157782,921.44314453125,757.1134548950196,0.019694268458145228,1027.4132080078125,-10.120056046590957,1021114.0,False
2024-05-21,ASML,905.2536238220945,917.6783409972944,899.7490326662687,909.5098876953125,746400,-0.015083331598325533,0.7068506042252078,920.7471655273438,758.3497579956055,0.01999926478206672,1027.4132080078125,-11.47574504527914,1007400.0,False
2024-05-22,ASML,915.3485622511619,917.5995346907363,897.9303588470356,906.6198120117188,668600,-0.003177618762251311,0.7014268837208619,919.5692297363281,759.4965017700196,0.018746960786638775,1027.4132080078125,-11.757041378737583,997468.0,False
2024-05-23,ASML,951.0991575557192,952.9765979912723,911.6133328378081,918.3368530273438,1357200,0.012923874881606512,0.723415911886272,918.9299169921875,760.7704440307617,0.018711599773423335,1027.4132080078125,-10.616600422333613,1007590.0,True
2024-05-24,ASML,922.2785693681926,942.2426254904294,917.8257003386775,939.9326171875,684900,0.023516168483236566,0.7639440508368802,918.8990881347656,762.1859643554687,0.01918164367841425,1027.4132080078125,-8.514645338260756,1003756.0,False
2024-05-28,ASML,956.23018117069,975.9681731738501,948.8087931302911,974.9556884765625,1184000,0.037261257507862355,0.829670824344575,919.9526550292969,763.750619506836,0.020269015927693767,1027.4132080078125,-5.10578598001157,992888.0,True
2024-05-29,ASML,945.171802748604,949.0545339700645,939.6573728849003,941.5643310546875,902000,-0.03424910261721881,0.7670062405258662,920.3162255859374,765.2266012573242,0.021734114833015808,1027.4132080078125,-8.355827653762478,994500.0,False
2024-05-30,ASML,940.699347902035,952.6424200475965,936.5708748149557,949.6640014648438,846500,0.008602354765375964,0.782206655079503,920.6344226074219,766.7197872924804,0.019309630184974672,1027.4132080078125,-7.567471971060892,995078.0,False
2024-05-31,ASML,955.2571326917936,963.3076346094226,917.0393719394824,943.9923095703125,1040400,-0.005972314298302028,0.7715627567908427,920.4662353515625,768.2571350097656,0.018448508602682805,1027.4132080078125,-8.119508079836333,999114.0,True
2024-06-03,ASML,952.829148855495,955.6993953674257,932.2359805691366,949.0348510742188,752800,0.005341718839003695,0.7810259469432697,920.00908203125,769.8453829956055,0.01814197991415982,1027.4132080078125,-7.628708325209477,991922.0,False
2024-06-04,ASML,945.8500504447335,947.2950429704235,926.9377770842102,934.61474609375,765400,-0.015194494663864577,0.7539641576962357,919.4759936523437,771.3717858886719,0.017196758426446256,1027.4132080078125,-9.032243423656363,993374.0,False
2024-06-05,ASML,1001.98734929554,1023.819127128114,991.7153925331374,1023.602783203125,2586500,0.09521360269705048,0.9209654041519919,920.7428747558594,773.2894586181641,0.026441133892643714,1027.4132080078125,-0.37087559075437987,1027886.0,True
2024-06-06,ASML,1030.1492015348288,1036.4794501012216,1015.3948603372252,1034.6806640625,1370700,0.010822441127709137,0.9417549391467928,922.3810046386719,775.2274081420899,0.02620131190119226,1034.6806640625,0.0,1041180.0,True
2024-06-07,ASML,1022.5312869110392,1025.9618316893736,1009.0351709793166,1010.90283203125,936200,-0.022980841197795643,0.897131777245225,923.4904089355468,777.0220501708984,0.0270214693377365,1034.6806640625,-2.298084119779559,1048462.0,False
2024-06-10,ASML,998.8319002705463,1028.3012257867113,996.6496827731124,1023.96630859375,1039500,0.012922583801898258,0.9216476216199205,924.9305346679688,778.8351278686523,0.027045926231897673,1034.6806640625,-1.0355229242114066,1055538.0,False
2024-06-11,ASML,1009.9885073208403,1021.2140309244654,1002.3213785867255,1018.3634033203125,789500,-0.00547176721188436,0.9111328131711451,925.8175732421874,780.7632800292969,0.02702877459507938,1034.6806640625,-1.5770335050159838,1049158.0,False
2024-06-12,ASML,1041.1094819293212,1058.8716421387815,1037.6494190240796,1050.654052734375,978400,0.031708375722046656,0.9717317304659079,927.8652160644531,782.837306213379,0.027220656317017172,1050.654052734375,0.0,1049446.0,False
2024-06-13,ASML,1035.7816981765986,1042.9278867784503,1021.047033861833,1034.779052734375,1106300,-0.015109635715661707,0.9419395822895567,929.3293322753906,784.7929867553711,0.027593925609853902,1050.654052734375,-1.5109635715661678,1053730.0,True
2024-06-14,ASML,1004.0614142521107,1013.4388970943371,999.2841494121653,1010.3917236328125,1047200,-0.023567667935603942,0.896172595063151,930.8326586914062,786.5851229858398,0.02806463730190789,1050.654052734375,-3.8321204774090916,1049280.0,False
2024-06-17,ASML,1026.4040965123334,1036.420591099495,1015.0804192037926,1034.5430908203125,844400,0.023902974086787765,0.9414967594670225,932.306181640625,788.4880041503907,0.027805439383419898,1050.654052734375,-1.5334221451992678,1048600.0,False
2024-06-18,ASML,1024.448034052375,1051.2044837116907,1024.25148867286,1043.3013916015625,1025300,0.008465863683169816,0.9579332063739863,933.8928747558593,790.4787756347656,0.027806899328684447,1050.654052734375,-0.699817519732291,1050526.0,False
2024-06-20,ASML,1040.2050639947497,1045.0413044353427,1027.220109385664,1032.8426513671875,1150300,-0.010024658568048017,0.9383055944810437,935.1307116699219,792.4075350952148,0.027968376864205235,1050.654052734375,-1.695267944841836,1059182.0,True
2024-06-21,ASML,1020.4966459673674,1021.3026260426643,1005.7816000325756,1018.9434814453125,1626000,-0.013457199800450237,0.9122214288217818,936.3891577148438,794.2617196655274,0.02791012755624124,1050.654052734375,-3.0181743654378237,1077246.0,True
2024-06-24,ASML,1015.5719706537577,1017.085658108755,984.9426879882812,984.9426879882812,1027000,-0.03336867458909798,0.8484131342211279,936.6228881835938,795.9337899780273,0.029145115564236997,1050.654052734375,-6.254329346094171,1078492.0,False
2024-06-25,ASML,988.0389719512218,1006.0567718290263,985.5619361874009,1005.9093627929688,621600,0.021287202860007293,0.887760679578395,937.8711804199219,797.8486535644531,0.029324762483402666,1050.654052734375,-4.2587462376370375,1070304.0,False
2024-06-26,ASML,996.7284287307365,1006.1648868980194,986.8004871173338,999.2841186523438,885100,-0.006586323167556141,0.8753272776796863,939.1246911621093,799.7788845825195,0.02909616355557437,1050.654052734375,-4.889329075382964,1066456.0,False
2024-06-27,ASML,1011.9053923726851,1023.9664154870877,1007.1872232266644,1010.4998168945312,784300,0.011223733103367328,0.8963754505258275,940.1689440917969,801.7659265136718,0.02811536858507904,1050.654052734375,-3.821832289642868,1052012.0,False
2024-06-28,ASML,1010.4899470101229,1030.9455452646716,998.1537247339608,1005.3096923828125,837600,-0.00513619540047916,0.8866352956592551,942.4691552734375,803.7705303955078,0.02692755572898077,1050.654052734375,-4.31582215226332,993282.0,False
2024-07-01,ASML,1017.9113217507593,1020.4276543733295,998.4976673786655,1015.8863525390625,791000,0.010520797955484662,0.9064842044205723,945.3454125976563,805.8365637207031,0.026949126200169676,1050.654052734375,-3.309148249590622,976028.0,False
2024-07-02,ASML,1009.2810024173859,1030.1395324631842,1008.3864688883212,1030.041259765625,748700,0.013933553877541804,0.9330483047995488,949.0833203125,807.9496856689453,0.02694754432572922,1050.654052734375,-1.9619010572608815,941266.0,False
2024-07-03,ASML,1040.3622751657444,1056.0013109919116,1037.4330532177767,1053.1605224609375,779800,0.022444987010105777,0.9764355488906817,953.0381848144531,810.3016656494141,0.027231302133161595,1053.1605224609375,0.0,933984.0,False
2024-07-05,ASML,1061.3584772566671,1064.3467349368484,1051.1257585485005,1056.17822265625,771100,0.002865375344929255,0.9820987785833148,956.4742639160156,812.6635089111328,0.026833580024380348,1056.17822265625,0.0,929580.0,False
2024-07-08,ASML,1064.7007178136005,1069.2616990401204,1057.505332261274,1059.038818359375,881900,0.002708440338724971,0.9874671748705675,960.1490258789063,815.0589932250977,0.017431140276276146,1059.038818359375,0.0,930006.0,False
2024-07-09,ASML,1061.3095718658356,1063.0986392536392,1041.3062145875933,1041.9156494140625,925400,-0.01616859424646877,0.9553326245419096,963.2814099121093,817.3878591918946,0.01772269304131181,1059.038818359375,-1.6168594246468795,926230.0,False
2024-07-10,ASML,1050.978221502167,1081.833563935291,1046.8596481815582,1080.2313232421875,925400,0.03677425696568859,1.0272385289302082,966.8196948242188,819.9461999511718,0.01854524604149867,1080.2313232421875,0.0,927436.0,False
2024-07-11,ASML,1091.0735935220157,1091.1817054833805,1043.4784124486587,1044.40234375,1151400,-0.0331678768438699,0.959999331069503,969.822265625,822.3010763549805,0.020021447379205446,1080.2313232421875,-3.3167876843869912,937448.0,True
2024-07-12,ASML,1054.4874513958196,1081.8728914587023,1048.1375244008814,1066.7745361328125,1053800,0.021421047661080106,1.001984570156028,974.0055749511719,824.7725503540039,0.020433735439333238,1080.2313232421875,-1.2457319853479192,936664.0,True
2024-07-15,ASML,1078.747109154904,1080.0151748201517,1042.3085799132837,1045.5130615234375,1365600,-0.01993061691034581,0.9620837826278248,978.1495666503906,827.2032543945312,0.019830245798812346,1080.2313232421875,-3.2139654694095716,934812.0,True
2024-07-16,ASML,1056.2174958413466,1058.7044306213206,1042.6721846586709,1049.9952392578125,1197600,0.004287060486689587,0.970495354483903,982.040341796875,829.6474807739257,0.01954318985004158,1080.2313232421875,-2.7990378851101028,941228.0,True
2024-07-17,ASML,961.9117192026272,963.2976760664501,912.8813278061754,916.18408203125,5188400,-0.12743977517569194,0.7193758695237291,982.6385754394531,831.3927642822266,0.033906268206221536,1080.2313232421875,-15.186306643892621,1024236.0,True
2024-07-18,ASML,937.2589287070559,940.9057574638168,895.4828359225254,908.4088745117188,2242200,-0.008486512341813524,0.7047843649867995,982.780712890625,833.060054321289,0.03330153219189255,1080.2313232421875,-15.906079099314011,1056240.0,True
2024-07-19,ASML,899.640725682968,904.663731853796,876.4721899640521,880.1190185546875,2133600,-0.03114220561994996,0.6516936197547047,982.5280895996094,834.6175408935546,0.03358482458724437,1080.2313232421875,-18.524949275390977,1085812.0,True
2024-07-22,ASML,912.3800326444057,926.5151012078439,906.3053045128371,925.2274169921875,1926800,0.05125261184740215,0.7363472317388233,983.1137414550781,836.4571203613282,0.03593407989102871,1080.2313232421875,-14.349140125355186,1113234.0,True
2024-07-23,ASML,919.4475577446852,924.3918499143152,913.3531511377615,916.9213256835938,1056200,-0.008977351033971681,0.720759433122639,983.4925769042969,838.1562286376953,0.0358920129441727,1080.2313232421875,-15.11805796081139,1119238.0,False
2024-07-24,ASML,902.5208376821433,904.005127259604,855.9282439009947,857.8843383789062,1912000,-0.06438609905890624,0.6099664458050573,982.3613793945312,839.6049346923828,0.03773604274535582,1080.2313232421875,-20.583275089258926,1141196.0,True
2024-07-25,ASML,858.1301298420118,871.2723928957336,835.6988173012013,847.936767578125,2075900,-0.011595468474897896,0.5912981306370815,981.2877844238282,840.9273770141601,0.037232871228183105,1080.2313232421875,-21.504149219341063,1167800.0,True
2024-07-26,ASML,878.6937100550009,880.315629356272,867.2028251747334,873.2579345703125,1681600,0.02986209344891333,0.6388176241192471,980.7640588378906,842.4056777954102,0.038112279495413626,1080.2313232421875,-19.160098787977066,1189592.0,True
2024-07-29,ASML,873.4972937907232,884.3398217118576,855.8006783255017,857.307373046875,1231500,-0.018265578693294038,0.6088836718419399,979.4811486816407,843.7515811157226,0.038001690401131584,1080.2313232421875,-20.636686365123392,1196562.0,True
2024-07-30,ASML,878.9235144498024,880.3416119362081,842.9787432706228,847.1542358398438,1682100,-0.011843053642414114,0.5898295762119117,978.3466857910156,845.026989440918,0.03801274143905709,1080.2313232421875,-21.57659034574097,1213982.0,True
2024-07-31,ASML,911.4411257669117,927.9067543852578,903.0900815844368,922.4510498046875,2406800,0.08888206040803981,0.7311369046432672,978.6114074707032,846.6272625732422,0.043333327540194255,1080.2313232421875,-14.60615611144667,1248044.0,True
2024-08-01,ASML,908.9988252391237,913.6470565263083,858.5481479427417,870.2671508789062,1808500,-0.05657091391118285,0.6332049078422213,977.5479821777344,848.0496853637695,0.04461396583750433,1080.2313232421875,-19.43696390261101,1270828.0,True
2024-08-02,ASML,811.662471360772,815.9857061170045,783.783118967783,797.038330078125,3624100,-0.08414521992106161,0.4957785216956805,975.2985510253907,849.0861856079101,0.04708855536882513,1080.2313232421875,-26.215958292534232,1328382.0,True
2024-08-05,ASML,763.2108510816544,826.1191257832178,755.7362822350804,807.8709716796875,2815600,0.01359111750685904,0.5161078233482823,973.32357421875,850.15326171875,0.0473165929777562,1080.2313232421875,-25.213150711557077,1371322.0,True
2024-08-06,ASML,827.5765057777312,846.927615809742,822.820022574731,830.1862182617188,1995700,0.027622290395747706,0.5579861939160735,971.5605615234375,851.4558584594727,0.04800035590250199,1080.2313232421875,-23.14736664272868,1384092.0,True
2024-08-07,ASML,863.6592267045802,865.0280966890472,821.9337566722119,823.6275634765625,1521600,-0.00790022122854439,0.5456777583131187,969.2344604492188,852.7037838745117,0.0479845918357606,1080.2313232421875,-23.75451944824734,1400826.0,True
2024-08-08,ASML,847.8729838179756,865.2643753691011,836.3411536051731,863.3145141601562,1447700,0.04818555430087068,0.6201570978679636,967.0016369628906,854.1874053955078,0.048601502004588265,1080.2313232421875,-20.080588704924878,1406100.0,True
2024-08-09,ASML,842.2203922245918,852.1372166016554,835.6321567687951,847.45947265625,950500,-0.01836531327094648,0.590402405217471,965.1195397949218,855.5541976928711,0.04834720765567377,1080.2313232421875,-21.548333729788553,1407070.0,False
2024-08-12,ASML,848.6411947199429,853.7817600508429,839.8470436863306,839.8864135742188,1151200,-0.008936190256148224,0.576190266740612,962.9239880371093,856.8198333740235,0.04785099063762233,1080.2313232421875,-22.249392745491004,1413164.0,False
2024-08-13,ASML,847.705676843613,859.395108056019,843.2938449089438,856.2634887695312,1526600,0.01949915480310982,0.6069246447509422,961.1694116210938,858.2523770141602,0.048222427018596775,1080.2313232421875,-20.733321618599533,1422888.0,True
2024-08-14,ASML,874.0881752188725,876.8455701270397,857.2187487308864,866.2000122070312,887700,0.011604516095599315,0.6255722276553697,959.51271484375,859.710869140625,0.048344417387147204,1080.2313232421875,-19.813470173477878,1425586.0,False
2024-08-15,ASML,886.6933948816538,916.6506328341206,882.6655850007893,914.1295776367188,1459000,0.0553331387141931,0.715520241218164,959.1030114746094,861.4002185058594,0.0417674315307273,1080.2313232421875,-15.376497795577142,1439458.0,True
2024-08-16,ASML,902.2234545130354,908.4276677333559,899.1411230060479,904.6854248046875,804200,-0.010331306483318259,0.6977966758278031,956.7246643066406,863.0478170776368,0.041789707745349916,1080.2313232421875,-16.250769132542796,1403812.0,False
2024-08-19,ASML,903.1887303411892,919.5066792234458,895.6157061241215,918.9552001953125,1024600,0.015773190326024977,0.7245763459305277,954.4101550292969,864.7182711791992,0.04125650422896882,1080.2313232421875,-14.929776574412196,1396890.0,False
2024-08-20,ASML,921.7420378018118,922.1359771234667,903.3954288750468,912.0911254882812,921300,-0.007469433445256524,0.7116947376933358,952.4339208984375,866.3005969238282,0.03977682249816388,1080.2313232421875,-15.565202946462724,1396592.0,False
2024-08-21,ASML,919.5164116958272,930.6740788613482,917.4976079018038,929.2559814453125,646500,0.018819233602171304,0.743907520817594,950.5397143554687,867.855549621582,0.03992276405710693,1080.2313232421875,-13.976204776560285,1388732.0,False
2024-08-22,ASML,928.6552528082956,929.6301834884454,890.8295652993936,893.902099609375,1092600,-0.038045363755367045,0.6775599248323683,948.05048828125,869.179778137207,0.03812592254505052,1080.2313232421875,-17.249011357453252,1394794.0,False
2024-08-23,ASML,899.0229404276588,908.1027185964023,889.3917433955418,893.4589233398438,1395900,-0.0004957771882680984,0.6767282288896836,944.9065856933594,870.5261239624024,0.037995235054382404,1080.2313232421875,-17.290037409928857,1403144.0,False
2024-08-26,ASML,889.7955377196945,890.8788408391807,869.0263875615075,869.873291015625,1251500,-0.026398116027598895,0.6324657625567034,941.6084704589844,871.7600747680664,0.038003350318150365,1080.2313232421875,-19.473424599019918,1406048.0,False
2024-08-27,ASML,866.6136709476142,882.1339435807489,861.177620504797,876.3433837890625,661600,0.0074379715301791105,0.6446079964225924,938.9275036621094,873.0117858886719,0.03778194904672653,1080.2313232421875,-18.8744702237646,1398336.0,False
2024-08-28,ASML,877.1507857142545,883.8079629861638,867.0271350447365,874.619873046875,727300,-0.001966707085452657,0.6413735342232361,935.7290393066406,874.2795062255859,0.03766588923438483,1080.2313232421875,-19.03402037798662,1395994.0,False
2024-08-29,ASML,892.2771371013275,900.6183238780919,869.5580675655053,874.206298828125,1173800,-0.0004728616756777271,0.6405973915834302,932.3471374511719,875.4128671264648,0.0320053857639695,1080.2313232421875,-19.072306086783577,1398964.0,False
2024-08-30,ASML,886.3586461323529,893.1339940530469,875.4176631777192,890.1205444335938,991200,0.018204222077559784,0.6704631908396803,929.4926953125,876.6585055541992,0.02971500904261907,1080.2313232421875,-17.599080374562604,1395782.0,False
2024-09-03,ASML,879.0219660850141,879.149993365785,828.8470529368957,832.5301513671875,1870800,-0.06469954370399622,0.5623849846180315,925.7644287109375,877.514303894043,0.027100575160324415,1080.2313232421875,-22.930382275118074,1400678.0,True
2024-09-04,ASML,792.754456315651,810.2048733848251,787.0722094877917,799.1358642578125,2350900,-0.04011180502536116,0.49971490274048125,922.0482922363282,878.1904501342774,0.028492558445464253,1080.2313232421875,-26.021783754677653,1427156.0,True
2024-09-05,ASML,783.5860939048384,795.758061144134,778.4750409471037,783.4974365234375,1672000,-0.01956917269493219,0.47036672281558944,917.6000537109375,878.7743530273438,0.028051947397249307,1080.2313232421875,-27.469476244045403,1448164.0,True
2024-09-06,ASML,780.7400694026529,780.8779541756368,739.4479075764712,741.3386840820312,3286800,-0.053808411458848626,0.39124862519892933,912.4411450195313,879.1219039916992,0.030209776797937293,1080.2313232421875,-31.3722285096316,1496198.0,True
2024-09-09,ASML,752.4569062444974,752.6538758853043,726.921358093306,738.413818359375,2539900,-0.003945383918927625,0.38575961524583935,906.9994250488281,879.4145849609375,0.027695868032450388,1080.2313232421875,-31.64299141566154,1531310.0,True
2024-09-10,ASML,738.5024644231229,740.5606981294997,723.0807082467887,739.9501342773438,1524000,0.0020805622535371437,0.3886427743937959,901.6922338867188,879.7633697509766,0.027637329931880592,1080.2313232421875,-31.500770403836253,1545038.0,False
2024-09-11,ASML,758.316427807574,789.406135981499,747.1882739234724,787.9683837890625,2559100,0.06489389931473522,0.47875721877944155,897.1338745117188,880.3503860473633,0.03165812038418382,1080.2313232421875,-27.055588295285876,1580400.0,True
2024-09-12,ASML,789.199458743051,796.3884008433205,781.6460896973541,787.9979858398438,1318700,3.756756158024288e-05,0.4788127720823203,892.2930090332031,880.9063131713867,0.031262603401527346,1080.2313232421875,-27.052847951607227,1591800.0,False
2024-09-13,ASML,791.8879130115674,806.1673424603953,791.6417159521048,803.9417114257812,1069200,0.020233206013775318,0.5087338955556642,887.3086328125,881.5556680297851,0.03152639865631162,1080.2313232421875,-25.57689319609391,1597588.0,False
2024-09-16,ASML,796.6542690975797,796.9201210340794,780.090124668766,790.8242797851562,1150100,-0.016316396393168064,0.48411679526396934,882.0015539550782,882.2000979614257,0.028634023515044668,1080.2313232421875,-26.79121010751753,1605168.0,False
2024-09-17,ASML,796.3982431464747,799.4215501856104,784.4231847674414,793.4340209960938,734600,0.003300026665400857,0.48901442026290964,876.6894580078125,882.80068359375,0.028696868812023837,1080.2313232421875,-26.549619148730596,1602222.0,False
2024-09-18,ASML,787.9191847352641,798.5745397238317,774.4078599356596,775.8555297851562,1249000,-0.02215495018586311,0.45602537995595305,871.3682556152344,883.3322265625,0.028461542341089288,1080.2313232421875,-28.176908677623146,1608694.0,False
2024-09-19,ASML,820.0035379949389,826.8774002044912,809.712489731247,815.5621337890625,1644300,0.05117783205708615,0.5305416023221938,866.0748718261718,884.0209799194336,0.03122254852551198,1080.2313232421875,-24.501158572105787,1623072.0,True
2024-09-20,ASML,797.245179140165,797.8656005507729,777.6478687780819,783.1824340820312,2748600,-0.03970230883157455,0.4697755669472252,860.8504736328125,884.5570397949218,0.03161375971183005,1080.2313232421875,-27.498636890902116,1655016.0,True
2024-09-23,ASML,795.3247476071675,795.3247476071675,785.870805359788,791.2772827148438,965600,0.010335840387304396,0.4849669326123516,855.3405285644532,885.1129614257812,0.031044509122886962,1080.2313232421875,-26.749274373944477,1653252.0,False
2024-09-24,ASML,797.2352951257112,804.0795853073532,788.8153678275444,801.6176147460938,881200,0.013067899530456284,0.5043723312937796,850.4626196289063,885.7325799560547,0.031290251364824405,1080.2313232421875,-25.792041250930165,1643564.0,False
2024-09-25,ASML,803.9317686399503,814.6266134495189,801.6175405691924,805.7339477539062,878200,0.005135033128128352,0.5120973330520129,845.5773937988281,886.3357168579101,0.030950925361850522,1080.2313232421875,-25.410980924382898,1637176.0,False
2024-09-26,ASML,847.2428325286074,848.8874119608829,826.9266475475041,839.4728393554688,1566400,0.041873489004173425,0.5754141241008064,844.0431689453125,887.1233135986328,0.03241913976160368,1080.2313232421875,-22.28767845428796,1564736.0,True
2024-09-27,ASML,839.4827204769589,841.1568724529882,825.4494885038314,828.7386474609375,1038400,-0.01278682452999047,0.5552695801338607,842.4497644042968,887.7896249389648,0.032512056539468225,1080.2313232421875,-23.281372273711177,1540660.0,False
2024-09-30,ASML,823.824557106715,829.3492044859101,807.2308999709752,820.5747680664062,994700,-0.009850969807602805,0.539948666457279,841.2588793945313,888.3645892333984,0.032553568987615286,1080.2313232421875,-24.037125159123566,1517882.0,False
2024-10-01,ASML,826.9069730123535,828.4728127435994,799.5495872629626,809.840576171875,1244100,-0.013081308751212495,0.5198041224903334,838.951142578125,888.8137634277343,0.03227310891451148,1080.2313232421875,-25.030818978546783,1504228.0,False
2024-10-02,ASML,808.3141319129047,826.5032009832838,804.079554729911,819.5308837890625,898400,0.011965697820420118,0.5379896393662815,837.0033337402343,889.2212036132812,0.02925821739385628,1080.2313232421875,-24.133760412599706,1501072.0,False
2024-10-03,ASML,813.3463138683667,824.7698919014335,811.2585679032485,819.7474365234375,651900,0.0002642398702215054,0.5383960375489898,836.240595703125,889.6333990478515,0.027804799142205117,1080.2313232421875,-24.11371352729693,1475870.0,False
2024-10-04,ASML,823.3320829089181,826.57207424165,813.3956045922952,820.3284912109375,862500,0.0007088215974961898,0.539486485885907,835.6884301757813,890.1018664550782,0.02738255513475394,1080.2313232421875,-24.059923688491292,1451602.0,False
2024-10-07,ASML,799.3722079160492,810.4806470943905,798.673046798143,804.818115234375,898200,-0.018907518320699368,0.5103786169495501,834.3196337890626,890.479758605957,0.024721088763308155,1080.2313232421875,-25.495762072626455,1435934.0,False
2024-10-08,ASML,809.9882598071957,818.1915619917145,807.5952317964963,811.7214965820312,1265900,0.00857756705146473,0.5233339908095334,833.4079162597657,890.9661474609375,0.02466560295264844,1080.2313232421875,-24.856696976186132,1436622.0,False
2024-10-09,ASML,817.2067953079817,833.2489731820098,813.7994065539743,833.0323486328125,1004900,0.0262538963678014,0.5633274435377962,833.125478515625,891.4334576416015,0.025092597680318823,1080.2313232421875,-22.883892485864628,1423078.0,False
2024-10-10,ASML,812.4502315028275,822.9185344457575,809.0034729449367,821.2837524414062,876300,-0.014103409322204885,0.5412791966969466,831.1021325683594,891.855439453125,0.02147547113067957,1080.2313232421875,-23.971492515471642,1392468.0,False
2024-10-11,ASML,817.2954229613509,832.1460461533491,815.8083831316258,827.901611328125,964700,0.008057944488790936,0.5536987389056589,830.2548217773438,892.2608154296875,0.021506540002154288,1080.2313232421875,-23.358859022595688,1375592.0,False
2024-10-14,ASML,839.5515941394419,859.9662327992918,839.2068822306143,859.0011596679688,1769200,0.0375643046399603,0.6120623516526331,831.4940783691407,892.8150796508789,0.022526435748028817,1080.2313232421875,-20.47988785496632,1338494.0,True
2024-10-15,ASML,854.0280057579051,860.3602468653324,706.5855432670434,719.31884765625,9350700,-0.16261015534101309,0.3499246422309996,829.7230358886719,892.7011904907226,0.04260282342321386,1080.2313232421875,-33.41066564360503,1469196.0,True
2024-10-16,ASML,700.1547605126749,706.5657406049545,666.9674499168447,673.1223754882812,10296200,-0.06422252429293396,0.26322907410168916,826.5817590332031,892.3608721923828,0.04456163600404399,1080.2313232421875,-37.687200786958904,1635206.0,True
2024-10-17,ASML,682.1037509168107,693.1727612786029,666.819817975193,689.942626953125,7209100,0.02498840044151307,0.29479514805470397,823.9080603027344,892.3004977416992,0.044934427143068056,1080.2313232421875,-36.13010360759182,1748956.0,True
2024-10-18,ASML,706.7529419970898,715.4092688821853,702.3312525252592,712.2579345703125,4537800,0.032343714890808783,0.3366736331653879,820.8869287109375,892.4180416870117,0.043943814847806545,1080.2313232421875,-34.06431388857028,1810758.0,True
2024-10-21,ASML,712.9866710701555,713.823717014228,698.0080206099509,703.2372436523438,2184800,-0.01266492162479127,0.3197447663634232,818.0024841308593,892.5055615234374,0.04328069575553783,1080.2313232421875,-34.899384185448376,1835444.0,True
2024-10-22,ASML,712.001837209832,713.0949376380319,706.7233871161525,709.943603515625,2067000,0.009536411678725987,0.33233039576630885,815.4036279296874,892.6116806030274,0.04326766972606078,1080.2313232421875,-34.27855791250224,1853760.0,True
2024-10-23,ASML,703.187968629873,705.4135994727297,689.4501618741527,697.840576171875,1681400,-0.01704787152643683,0.30961699834851797,812.2351696777343,892.5716030883789,0.04316619759095161,1080.2313232421875,-35.39896861374206,1856856.0,False
2024-10-24,ASML,709.0376013049078,709.0474588033517,695.7035915652671,699.9972534179688,1854700,0.003090501354800157,0.3136643714561833,808.9111145019531,892.5662509155273,0.043143028441489636,1080.2313232421875,-35.19931903872134,1876196.0,False
2024-10-25,ASML,705.0984990686238,712.2480710721236,700.4108975838664,700.873779296875,1380100,0.0012521847401918418,0.3153093219358545,804.6459985351562,892.5562719726563,0.04179209393777398,1080.2313232421875,-35.11817661486758,1874618.0,False
2024-10-28,ASML,697.6141236749598,700.6768005348941,693.2810315755632,697.8701782226562,1182800,-0.004285509264210119,0.3096725516513965,800.5096936035156,892.5276525878907,0.04178103114459404,1080.2313232421875,-35.39622827006341,1882190.0,False
2024-10-29,ASML,698.5916860273783,706.6857042151282,694.594048703333,705.8960571289062,1445500,0.011500532845077904,0.32473448384796044,796.2485107421875,892.5651602172852,0.04197382408398224,1080.2313232421875,-34.653250471367365,1890608.0,False
2024-10-30,ASML,684.5851133908845,686.6283636593761,673.7964025452219,674.9907836914062,3085200,-0.043781620715096725,0.26673546112791957,791.50650390625,892.481043395996,0.04275182611502261,1080.2313232421875,-37.51423707419438,1933886.0,True
2024-10-31,ASML,674.1518033459917,674.1715641054286,658.5955069565213,663.8566284179688,2398300,-0.016495270072498958,0.24584031758620295,786.1985168457031,892.3130053710937,0.04254815324669087,1080.2313232421875,-38.54495660934169,1968922.0,True
2024-11-01,ASML,669.7789913923474,673.9345942533198,664.7548189147398,666.0083618164062,1801700,0.003241262203806272,0.249878412719573,781.6406420898437,891.9977786254883,0.04258566963044908,1080.2313232421875,-38.34576469996627,1983104.0,False
2024-11-04,ASML,667.3113644156266,669.6606053509756,662.1489866839707,662.4845581054688,1232500,-0.005290930133860505,0.24326539336205322,777.0211547851562,891.5998153686523,0.04253804646678039,1080.2313232421875,-38.67197295139535,1979836.0,False
2024-11-05,ASML,664.8041842577168,676.6589520108226,664.7646627422265,667.716064453125,1282000,0.007896797417613843,0.2530832083097634,772.9780102539063,891.1846798706055,0.042633939953055935,1080.2313232421875,-38.187677945770574,1980446.0,False
2024-11-06,ASML,659.9082717041184,664.3402240631577,646.3064241149079,652.8803100585938,3208600,-0.022218657277149778,0.22524138196457755,768.5087487792969,890.6380331420899,0.042567905825765744,1080.2313232421875,-39.56106474499831,2031386.0,True
2024-11-07,ASML,665.3963337674608,671.0523078546064,661.1519282923007,668.456298828125,1758300,0.0238573418887964,0.25447238451040777,764.3854772949219,889.8318289184571,0.04247069669167621,1080.2313232421875,-38.1191524032249,2052006.0,False
2024-11-08,ASML,661.3394622247005,662.5634241273355,653.3343079693981,660.8162841796875,1726800,-0.011429340499642615,0.24013459248043967,760.1176770019531,888.8808374023438,0.04246019570204359,1080.2313232421875,-38.82640968081494,2063066.0,False
2024-11-11,ASML,663.0867051127971,663.3038324696539,653.3837510454881,662.6326293945312,1520100,0.0027486387038697657,0.2435432744193391,755.5679187011718,887.9454388427735,0.04236695458176208,1080.2313232421875,-38.65826558280895,2073644.0,False
2024-11-12,ASML,663.9454489886747,667.7950013201705,654.2622557623208,660.5301513671875,1711000,-0.003172916536369308,0.23959761540024305,752.1279187011719,886.9267233276368,0.04100934786128609,1080.2313232421875,-38.85289778631083,2070448.0,False
2024-11-13,ASML,656.0290257372187,664.9719125224678,648.2904003923616,664.7053833007812,2453700,0.006321031560711843,0.24743315104977115,749.4393090820313,886.0003176879883,0.022113386292567004,1080.2313232421875,-38.46638502337203,2072504.0,True
2024-11-14,ASML,696.5583597383302,702.7966745282956,682.5912990537902,684.0028076171875,3925300,0.029031545104358125,0.28364806283914423,747.4494165039063,885.1616354370117,0.018357502833567074,1080.2313232421875,-36.67996910474385,2117570.0,True
2024-11-15,ASML,669.5914657363386,671.0918374089839,649.020878495279,650.1165161132812,3063200,-0.04954115849605001,0.22005465070488262,745.6249731445313,884.0520751953125,0.020546545507466894,1080.2313232421875,-39.816916791300514,2113098.0,True
2024-11-18,ASML,642.6541646153465,660.2141863320198,639.6238407329467,656.631103515625,2010600,0.010020645900970404,0.23228038633942827,743.9893188476562,882.9745001220704,0.019178918288599647,1080.2313232421875,-39.21384342523749,2102512.0,False
2024-11-19,ASML,654.2523325929553,662.7312636945088,645.0231554383981,653.600830078125,1640700,-0.004614879528666571,0.22659356081093307,742.2623327636719,881.8354940795898,0.01907064950561129,1080.2313232421875,-39.49436421484068,2104846.0,False
2024-11-20,ASML,648.0436631013913,649.9684090290743,637.1068673087932,649.9190673828125,1677800,-0.005633044705393719,0.21968410444753705,739.5013464355469,880.6469345092773,0.01884593849132618,1080.2313232421875,-39.835195166146754,2087220.0,False
2024-11-21,ASML,645.4673395511991,664.3599482142919,640.6307136508779,663.4715576171875,2859000,0.02085258136670798,0.24511766647720967,737.0108178710938,879.4410913085937,0.019344737709091963,1080.2313232421875,-38.58060367793673,2118026.0,True
2024-11-22,ASML,659.1679595695191,666.0774770917283,657.608365888424,664.1823120117188,1275600,0.0010712658084151006,0.2464515184607603,734.2156298828126,878.2353192138672,0.01932201926415702,1080.2313232421875,-38.514807178683405,2122154.0,False
2024-11-25,ASML,676.1456146032817,677.8335326437003,669.2360973737591,675.6224365234375,1511300,0.017224373947972493,0.2679208655227465,731.9115930175781,876.9559899902343,0.019778530865966842,1080.2313232421875,-37.455763225265855,2129378.0,False
2024-11-26,ASML,670.805678319363,673.0364150594586,658.2106038362995,663.2841186523438,1424100,-0.018262149396019556,0.2447659052542397,729.3085949707031,875.7149746704101,0.020107362198642235,1080.2313232421875,-38.59795542110607,2143168.0,False
2024-11-27,ASML,661.1026901322492,663.9948097150601,651.0838649602404,661.8133544921875,1231800,-0.002217396917544967,0.24200576517286376,727.0277514648437,874.593586730957,0.019860558607090996,1080.2313232421875,-38.73410812548627,2142824.0,False
2024-11-29,ASML,670.0949201764225,690.606346772246,669.7691688881548,677.73486328125,1706500,0.024057400294194897,0.2718851950333252,724.2712060546875,873.4482202148438,0.018332755129988405,1080.2313232421875,-37.26021004028023,2144068.0,False
2024-12-02,ASML,672.9376301609269,704.454892503862,671.9012146169616,702.2734375,2325900,0.03620674624874187,0.31793601954742834,722.6530261230469,872.3990621948242,0.019482032419338158,1080.2313232421875,-34.98860638550929,2135614.0,True
2024-12-03,ASML,693.5675372044349,712.0060714177401,691.5637481615745,708.7783203125,1647200,0.009262606935065865,0.3301435428620614,721.003046875,871.3868426513671,0.01953210450257255,1080.2313232421875,-34.38643140015741,2149246.0,False
2024-12-04,ASML,714.4342905242685,715.5694497573179,707.6629771371892,710.6143188476562,1529800,0.002590370617355786,0.3335891076123567,719.1829809570313,870.478805847168,0.019437274459769456,1080.2313232421875,-34.21646793995653,2162218.0,False
2024-12-05,ASML,719.7249795338132,719.7940216921871,698.8483418339335,702.3031005859375,1801100,-0.011695821546625074,0.3179916873931996,717.1143640136719,869.5358828735351,0.019685634379877172,1080.2313232421875,-34.98586039163749,2180676.0,False
2024-12-06,ASML,702.5400075852306,707.9393334508998,697.940269460037,699.815673828125,1215400,-0.003541813720795539,0.31332360635089596,714.321220703125,868.3664849853516,0.018915443337001188,1080.2313232421875,-35.216128363348105,2173656.0,False
2024-12-09,ASML,704.030500666746,713.8617789787837,696.528762683118,697.3875122070312,1267500,-0.0034697159722234527,0.3087667464572421,711.6941979980469,867.2761721801758,0.018375973241847948,1080.2313232421875,-35.440909997508264,2178238.0,False
2024-12-10,ASML,707.35695212,709.0152291801178,691.5144267590643,696.1536865234375,1214700,-0.001769211036901197,0.30645126188468064,709.2057763671875,866.1093579101563,0.018137584733891376,1080.2313232421875,-35.55512865207297,2182638.0,False
2024-12-11,ASML,702.6880444433169,708.71905143867,697.3578213507263,705.1951904296875,1217600,0.012987798644582105,0.32341918781299905,707.1128686523438,865.0182583618164,0.018277696734562934,1080.2313232421875,-34.71813163933009,2182108.0,False
2024-12-12,ASML,704.1193336005136,710.5747753211677,701.4443416000773,703.8823852539062,868700,-0.0018616195822057646,0.3209554847374996,704.7998986816406,863.9297659301758,0.018257319493632247,1080.2313232421875,-34.83966164383329,2181514.0,False
2024-12-13,ASML,709.2916259765625,715.6088631989376,706.9620856342145,709.2916259765625,1455700,0.007684864454599261,0.33110684858826667,702.5907824707032,862.8085815429688,0.01827142897724201,1080.2313232421875,-34.33891327575033,2197590.0,False
2024-12-16,ASML,710.7425813103475,721.5510530461222,704.1094733250138,713.04248046875,1542800,0.0052881697101996306,0.33814596750601034,700.4450622558594,861.5135952758789,0.01730581534635751,1080.2313232421875,-33.991686305796364,2211196.0,False
2024-12-17,ASML,730.4346514377785,735.4884647469488,723.2092636021194,725.6868286132812,1753300,0.017732952090342424,0.36187524583767927,698.8624365234375,860.2470077514648,0.012939146749558338,1080.2313232421875,-32.82116404149276,2228298.0,False
2024-12-18,ASML,738.8347243488761,747.40251891714,706.231643197786,710.1898193359375,2257000,-0.02135495459791803,0.3327924617947873,696.8318029785156,859.0461505126954,0.014127260943967638,1080.2313232421875,-34.25576503332766,2248120.0,True
2024-12-19,ASML,708.4723369411098,711.5125416160804,699.618312411209,701.0791625976562,1620800,-0.01282848118943769,0.3156947587692285,694.1927392578125,857.62763671875,0.014482146589866777,1080.2313232421875,-35.0991637149116,2260438.0,False
2024-12-20,ASML,691.0998013445513,711.0880474192966,687.2798302477411,696.5582885742188,2701800,-0.006448450138906825,0.30721056671928415,691.6982299804688,855.973362121582,0.01450876913541193,1080.2313232421875,-35.51767352166934,2296948.0,True
2024-12-23,ASML,697.9599143076766,712.716680817634,697.9402137975588,711.7197265625,1232600,0.021766215745296913,0.335663593939028,689.3745922851563,854.6551351928711,0.014564964199574577,1080.2313232421875,-34.11413729178332,2302306.0,False
2024-12-24,ASML,707.1299505787226,710.8907000730266,705.7579032727092,710.4070434570312,586800,-0.0018443820741189665,0.33320011994931353,686.4027099609375,853.4856262207031,0.014602608470109555,1080.2313232421875,-34.235655995900224,2278658.0,False
2024-12-26,ASML,704.9781146021435,711.1867881213951,701.9181491786676,706.6067504882812,734000,-0.005349458460119916,0.3260682212886179,686.1484680175781,852.1910769653321,0.014355885408132952,1080.2313232421875,-34.587459622307186,2106324.0,False
2024-12-27,ASML,708.2155795501174,708.2254599276275,699.4306587733022,704.3660278320312,942300,-0.003171102815960336,0.32186312261793404,686.7733410644531,850.9613946533203,0.013638326319065874,1080.2313232421875,-34.79488951329801,1919246.0,False
2024-12-30,ASML,690.9517608793201,693.72543625243,685.4932130501915,687.1515502929688,1202600,-0.024439676047476322,0.2895572161220463,686.71751953125,849.6897821044922,0.014866428101999852,1080.2313232421875,-36.3884812902329,1799116.0,False
2024-12-31,ASML,692.3237359963673,693.8931496661313,678.5441634834265,684.1211547851562,965000,-0.00441008320001679,0.2838701615077661,686.1547839355469,848.499001159668,0.014018248070874177,1080.2313232421875,-36.6690133802224,1727660.0,False
2025-01-02,ASML,696.2227188522545,702.7571431352839,687.3390539089714,691.3662719726562,1115100,0.010590400745282169,0.29746686102304354,685.9173645019531,847.338903503418,0.011678740413046859,1080.2313232421875,-35.99831285232485,1706266.0,False
2025-01-03,ASML,694.0708588739712,708.2946275489314,693.4983993877096,705.1260986328125,1062900,0.019902369001738807,0.32328952525865184,685.8210144042969,846.1957632446289,0.01234351803882492,1080.2313232421875,-34.72452765797799,1686184.0,False
2025-01-06,ASML,741.3517799348684,770.9936404295058,739.9600321334192,758.5762329101562,2761100,0.0758022350626073,0.4235978289081943,687.0357275390625,845.2266360473633,0.020684138900865408,1080.2313232421875,-29.776500959685308,1707778.0,True
2025-01-07,ASML,764.982223928072,768.3284186956984,743.7502560477851,747.7874145507812,1490200,-0.014222457666496435,0.40335076905243117,687.9915307617188,844.106110534668,0.02078291958876917,1080.2313232421875,-30.775251701979435,1700488.0,False
2025-01-08,ASML,743.2665842888655,743.5923355174514,727.4734032149985,734.3631591796875,1185400,-0.017951967510924316,0.3781578616399712,688.661318359375,842.9715805053711,0.021249053802546897,1080.2313232421875,-32.017972134377416,1696594.0,False
2025-01-10,ASML,741.2925884171874,741.5886985737031,725.8942578161959,729.4575805664062,1515800,-0.006680044541941599,0.3689517057383893,689.29306640625,841.8175747680664,0.021305670005258782,1080.2313232421875,-32.47209510857129,1703254.0,False
2025-01-13,ASML,711.8776950106061,719.5768592329931,708.3143727593655,718.0073852539062,1321800,-0.0156968624599243,0.347463459099135,689.53529296875,840.6437408447266,0.0216543444829378,1080.2313232421875,-33.53207134385889,1700780.0,False
2025-01-14,ASML,728.0064253197692,729.960872509329,718.648984504676,726.7725830078125,1022600,0.012207670748131116,0.3639128493529551,690.5709289550781,839.5004406738282,0.02163465422486304,1080.2313232421875,-32.72065275551444,1659528.0,False
2025-01-15,ASML,729.9017312343993,734.8469211609752,715.8161665640847,716.9118041992188,1864400,-0.013567901485474376,0.34540741417816156,691.6320324707032,838.325199584961,0.0218791745644754,1080.2313232421875,-33.63349231093465,1648850.0,True
2025-01-16,ASML,748.9916769588008,761.586749792373,738.7853663841548,740.5818481445312,2407600,0.03301667486386517,0.3898282933315156,693.1235021972657,837.1580514526368,0.022933536059007806,1080.2313232421875,-31.442290904714575,1660968.0,True
2025-01-17,ASML,757.9839227501669,759.2572866903312,741.7860659032477,746.5536499023438,1933600,0.008063662068918287,0.4010353990227624,694.8048840332032,836.149460144043,0.022959588995562063,1080.2313232421875,-30.88946470635099,1674990.0,True
2025-01-21,ASML,753.137451171875,757.8062918459603,745.7245158990589,753.137451171875,1332000,0.008818925833920188,0.41339102629744096,696.5133117675781,835.1072811889649,0.022743990501498064,1080.2313232421875,-30.279984021253764,1675990.0,False
2025-01-22,ASML,767.6967743695816,774.6753945143223,755.990091632886,756.7994995117188,1699900,0.004862390436361386,0.42026348530654856,698.5916955566406,834.2151516723633,0.022108013637105448,1080.2313232421875,-29.940978082335747,1645816.0,True
2025-01-23,ASML,730.4446642686086,738.0846076390786,726.4864877597618,736.5941162109375,1751100,-0.026698462821153512,0.38234463344784975,699.9544519042969,833.0937875366211,0.02280870619071793,1080.2313232421875,-31.811446274290887,1645672.0,True
2025-01-24,ASML,739.6737332203642,740.3054750181376,719.8730318583943,722.784912109375,1505700,-0.018747372260584205,0.356429304012182,701.1938244628906,831.8878784179688,0.023207019916477202,1080.2313232421875,-33.0898024748976,1641250.0,False
2025-01-27,ASML,664.0934165330704,681.6731999921091,663.2544278303998,681.2290649414062,4947800,-0.05749407115692573,0.27844266108796645,701.5657531738282,830.4392697143554,0.026098752480308626,1080.2313232421875,-36.9367421325298,1709804.0,True
2025-01-28,ASML,670.025793295985,684.4864509364673,657.9834789114273,674.5169677734375,2811900,-0.00985292247996794,0.26584626465318273,701.8454895019531,829.0317486572266,0.02615845370045436,1080.2313232421875,-37.558099523632215,1731822.0,True
2025-01-29,ASML,717.7606862493446,719.0439306157768,695.492299749169,703.4382934570312,4971500,0.04287709140818552,0.3201220706514274,702.6201477050781,827.6826593017578,0.02792054620883219,1080.2313232421875,-34.88077244920618,1782178.0,True
2025-01-30,ASML,730.5333472891721,735.9524334437751,721.1364450116124,727.4635620117188,2745600,0.0341540527124502,0.36520958943932524,703.4893627929688,826.6025033569335,0.028870256885591746,1080.2313232421875,-32.65668691884232,1758584.0,True
2025-01-31,ASML,738.4201388162894,744.8459392850455,728.2335289600308,729.7536010742188,2125700,0.0031479776886242927,0.36950723876717606,705.0821044921875,825.5682284545899,0.02823092884974411,1080.2313232421875,-32.444691671784796,1739834.0,True
2025-02-03,ASML,709.8344453139256,725.9434982916189,708.6400642285222,721.6102294921875,1647200,-0.01115907008892314,0.3542248115024855,706.3816870117188,824.38484375,0.028360535598672226,1080.2313232421875,-33.198546092298166,1732566.0,False
2025-02-04,ASML,727.3748362410283,733.0899728673666,719.8533373715869,721.9557495117188,1497000,0.0004788180729844438,0.35487323881711696,707.7487854003906,823.5431268310547,0.02830963221798809,1080.2313232421875,-33.166560348865524,1729692.0,False
2025-02-05,ASML,719.8136786998676,733.6031308305088,713.06212773553,732.9911499023438,1249700,0.015285424900471467,0.37558305195871444,709.4102270507813,822.8477151489258,0.02818489861413281,1080.2313232421875,-32.144982826237914,1721130.0,False
2025-02-06,ASML,728.1545998419012,732.8135600653353,725.5092488300205,729.5759887695312,1120200,-0.00465921196083674,0.36917391894990415,710.7323156738281,822.2798657226563,0.02259717119428756,1080.2313232421875,-32.46113373385669,1686354.0,False
2025-02-07,ASML,729.4970280141254,732.7247792745221,714.3948078558459,718.2937622070312,1312400,-0.015464086998707383,0.34800089435090165,711.8145446777344,821.594248046875,0.022633415828126092,1080.2313232421875,-33.5055606375904,1687090.0,False
2025-02-10,ASML,727.1970653005328,735.9228252121848,726.3679569503125,734.4619750976562,985700,0.0225091929532375,0.3783433065829829,712.9913354492187,820.8446865844727,0.022898648925469462,1080.2313232421875,-32.00882447166457,1676578.0,False
2025-02-11,ASML,736.59855538758,745.322963249621,735.8171398785845,744.8184814453125,1096700,0.014100806711306202,0.39777905913093226,714.6220227050782,820.192275390625,0.023032495751595522,1080.2313232421875,-31.05009404746501,1670030.0,False
2025-02-12,ASML,730.3470202054767,748.5871519600355,725.6089606201913,747.973876953125,1077800,0.004236462421943976,0.40370069758912064,716.3452331542969,819.5056625366211,0.022707759580648218,1080.2313232421875,-30.75799036190052,1666950.0,False
2025-02-13,ASML,746.5891076750879,768.5682373046875,744.5909830274518,768.5682373046875,1674100,0.027533528892016657,0.44234953130193455,718.1619006347656,818.831918334961,0.023284564408272222,1080.2313232421875,-28.851513488988623,1666302.0,True
2025-02-14,ASML,769.7849637899259,769.9234608410619,740.5651650541149,743.404052734375,2047300,-0.032741640037794784,0.3951246421393646,718.9845129394531,818.0775695800781,0.02431669877526151,1080.2313232421875,-31.181031623566053,1660730.0,True
2025-02-18,ASML,749.2301213556736,750.703961607735,730.5943012751796,736.1533813476562,1715400,-0.009753338524385868,0.38151751922086663,719.5320141601562,817.4702911376953,0.023362499541348905,1080.2313232421875,-31.852246319040418,1662094.0,True
2025-02-19,ASML,735.8963723057567,744.7097718443723,733.6509571103533,736.7272338867188,1457900,0.000779528497188986,0.3825944514964652,720.0542724609375,816.9623599243164,0.02329038210668666,1080.2313232421875,-31.799123203026696,1660656.0,False
2025-02-20,ASML,743.2061867764663,747.3211308637862,732.3946629300361,735.0357666015625,1185900,-0.0022959206709824986,0.3794201243156887,720.70892578125,816.3602563476562,0.023197209990036136,1080.2313232421875,-31.955707005843998,1648352.0,False
2025-02-21,ASML,736.0842629287745,737.6273518428578,725.2529367176114,729.219482421875,1472300,-0.007912926749917282,0.36850487391461684,721.297001953125,815.5749917602539,0.023206048974082884,1080.2313232421875,-32.49413651205666,1653490.0,False
2025-02-24,ASML,738.042721931748,742.7412368101658,726.7366186375662,727.9829711914062,1471200,-0.001695664008265485,0.36618434945478384,721.9089111328125,814.7083966064453,0.022479035559075412,1080.2313232421875,-32.60860377512005,1657564.0,False
2025-02-25,ASML,724.2538960063573,730.9702783985011,718.338731721004,722.2755737304688,1691200,-0.007840015064633832,0.35547344357399147,722.4313488769532,813.8560235595703,0.02215559708387239,1080.2313232421875,-33.13695333674982,1667094.0,True
2025-02-26,ASML,735.7578298587367,745.5999950551917,730.9010149613063,738.8341064453125,1401400,0.022925505606289365,0.38654835760382333,723.1041271972656,813.0704699707031,0.01829894096023909,1080.2313232421875,-31.604084185617886,1670770.0,False
2025-02-27,ASML,735.3621107614807,736.7271578772626,689.356219422775,690.1376953125,2342800,-0.06590980398441704,0.29516122713923987,722.8292333984375,812.0312606811524,0.023713239501733173,1080.2313232421875,-36.112045590278505,1700252.0,True
2025-02-28,ASML,699.1588953080562,705.7664845832179,689.9498073635475,701.3944091796875,1773400,0.016310823106235883,0.3162863728091634,722.6712890625,810.9660116577148,0.022037125195038785,1080.2313232421875,-35.06998046728228,1706606.0,True
2025-03-03,ASML,714.223779819689,724.4121273551232,684.9742780435668,692.2742919921875,2284100,-0.01300283701742988,0.299170915635262,722.2559252929688,809.9193005371094,0.02075872980798132,1080.2313232421875,-35.91425492880474,1721432.0,True
2025-03-04,ASML,690.7015355626163,713.4818841346569,685.1819997603947,700.5436401367188,2044700,0.011945190281057894,0.31468975943014144,721.7530615234375,808.924797668457,0.020958766744435347,1080.2313232421875,-35.14873850962596,1727260.0,True
2025-03-05,ASML,723.6900489124022,732.5232504097019,711.5035767512129,731.73193359375,1754300,0.04452012932548288,0.3732199175428592,722.1839038085938,807.9761929321289,0.023117021658968305,1080.2313232421875,-32.26155196115379,1717206.0,True
2025-03-06,ASML,711.058404083494,723.2448755918438,703.2935139091828,707.0919189453125,1427900,-0.033673553821032765,0.32697872274136563,722.3041589355469,806.992265625,0.024319753781210252,1080.2313232421875,-34.54254623694311,1713348.0,False
2025-03-07,ASML,718.2891339475318,726.0441828464046,707.7447041234367,724.283447265625,1426400,0.024313003528530164,0.3592415611096609,722.858662109375,806.0676080322265,0.024693452820142126,1080.2313232421875,-32.95107893263331,1687840.0,False
2025-03-10,ASML,690.4146309695719,691.423594590243,668.6728897610934,675.705810546875,2321500,-0.06706992532018274,0.26807733111394727,722.1383837890625,804.8289450073243,0.028681172558461754,1080.2313232421875,-37.44804506142042,1709618.0,True
2025-03-11,ASML,691.2454823371986,694.3910070044385,673.875817967245,682.7288208007812,1616800,0.010393591625654786,0.2812572090432959,721.5848193359375,803.6950396728515,0.02868550077350641,1080.2313232421875,-36.79790558640247,1730218.0,False
2025-03-12,ASML,696.5079502644744,700.622834105438,689.1881335670536,695.7462768554688,1306300,0.019066803184636605,0.30568668807702126,721.3676098632812,802.6406719970703,0.02854785190976001,1080.2313232421875,-35.59284369136159,1741664.0,False
2025-03-13,ASML,690.2761747847562,697.6552775902875,680.7999950062072,687.0614013671875,1399500,-0.012482819926157407,0.28938803626977494,721.0215173339843,801.4842947387696,0.028378736068809217,1080.2313232421875,-36.396826625518194,1750808.0,False
2025-03-14,ASML,700.0094812771393,712.2256564104757,697.7146204072637,706.260986328125,1367500,0.027944496551155495,0.3254193358024169,721.4037060546875,800.3159365844726,0.02916042147598233,1080.2313232421875,-34.61946796651244,1754106.0,False
2025-03-17,ASML,710.2671348859277,726.5882934749545,709.4362733487955,722.4140625,1423300,0.022871256496632242,0.35573334139714996,722.1695642089844,799.0532284545899,0.02893870044742679,1080.2313232421875,-33.12413304848826,1763272.0,False
2025-03-18,ASML,721.9886396662652,726.2321186312734,712.1860203250992,723.1854858398438,1007300,0.0010678409791389232,0.3571810490158789,722.8059484863281,797.9613342285156,0.02810276680013435,1080.2313232421875,-33.052720257241994,1761116.0,False
2025-03-19,ASML,721.2071532484334,738.6559675610312,717.201063322989,726.9442749023438,1080500,0.005197544939850252,0.3642350585096521,723.2423120117187,796.8477355957032,0.02805736681112525,1080.2313232421875,-32.70475876217829,1761468.0,False
2025-03-20,ASML,717.1516810016807,727.4290790656988,716.3801063834692,726.1035766601562,1282400,-0.001156482375902157,0.3626573447078978,722.5928588867188,795.7582919311524,0.028057110888227745,1080.2313232421875,-32.78258452265191,1731894.0,False
2025-03-21,ASML,704.0749935630662,713.5412730179576,703.5013235647857,708.4569702148438,1967200,-0.024303153176136738,0.32954047453287405,721.80625,794.5554025268555,0.028541854495744475,1080.2313232421875,-34.41617966710192,1741434.0,True
2025-03-24,ASML,720.1389317796869,724.0164261026079,718.4672472283852,719.9509887695312,1104400,0.01622401788382688,0.35111096296896704,721.5180065917968,793.4820837402344,0.028749873819272905,1080.2313232421875,-33.35214659313129,1739814.0,False
2025-03-25,ASML,724.1252592398869,727.033395235774,717.5572151660518,718.8629150390625,1244300,-0.0015113163915898564,0.3490690068237754,721.30611328125,791.9583843994141,0.028749424793125353,1080.2313232421875,-33.45287258644937,1734384.0,False
2025-03-26,ASML,708.1404596631565,712.1860947759269,694.628485151163,698.1103515625,1266500,-0.028868596560492787,0.31012327793351524,720.9081726074219,790.2755328369141,0.02938801676764732,1080.2313232421875,-35.373994760010866,1733278.0,False
2025-03-27,ASML,690.9191400467884,694.8658832500868,681.5320106913817,683.1443481445312,1285500,-0.02143787638225403,0.2820370170556632,720.0356079101563,788.6367404174805,0.02916070125054533,1080.2313232421875,-36.75943907142465,1738536.0,False
2025-03-28,ASML,677.7039480584541,679.9889077804154,664.7657039890306,667.268310546875,1393000,-0.02323965299687647,0.25224292165013895,719.0427380371094,786.853250427246,0.025883289526439673,1080.2313232421875,-38.22912776273257,1729108.0,False
2025-03-31,ASML,653.103507998564,657.9503610935503,645.8034943573891,655.4478149414062,1685000,-0.017714756445995405,0.23005974328188494,717.3400573730469,785.0386724853515,0.02579184938955505,1080.2313232421875,-39.32338371987246,1714656.0,False
2025-04-01,ASML,657.3667551066487,663.3709698232611,649.2358200191262,660.1067504882812,1212600,0.007108019037780355,0.2388030313547398,715.6111193847656,783.0859359741211,0.02577135659299912,1080.2313232421875,-38.89209317620523,1700236.0,False
2025-04-02,ASML,657.1886869967016,669.058618919344,653.6672762745948,661.7586059570312,1119000,0.002502406569131699,0.24190302019826215,713.7835424804688,781.2208337402344,0.025598718036214003,1080.2313232421875,-38.739176348743484,1695976.0,False
2025-04-03,ASML,642.4899165252691,643.9142507241119,616.0693985914379,616.4650268554688,2877100,-0.06844426153863037,0.15690188507819736,710.9768530273437,779.2512002563476,0.027074151026429467,1080.2313232421875,-42.932128184801996,1719520.0,True
2025-04-04,ASML,615.208715251743,619.5906913738606,591.2116589819913,598.9864501953125,4017000,-0.028352908759987305,0.12410035148631793,708.2246997070313,777.0734170532227,0.026843555136644204,1080.2313232421875,-44.55016834750496,1764838.0,True
2025-04-07,ASML,580.1429657590053,645.7737784008865,572.2395784939484,609.1649780273438,4179100,0.016992918335151597,0.14320209695964015,705.9523010253906,774.9027349853516,0.026454243025414565,1080.2313232421875,-43.60791388653621,1818306.0,True
2025-04-08,ASML,625.1695856877113,630.9858574873863,576.5720985065249,588.9168090820312,2585200,-0.033239220368318056,0.10520295053327544,704.1060559082031,772.6831057739258,0.023538076336909585,1080.2313232421875,-45.4823428638908,1771054.0,True
2025-04-09,ASML,611.3212937914277,684.7862393964331,600.2921246137356,679.810791015625,3866700,0.15434095364890998,0.27578102789417036,704.2119323730469,770.9874423217774,0.04219500614079314,1080.2313232421875,-37.068035670799404,1792150.0,True
2025-04-10,ASML,649.057700878524,654.4881846436688,620.827070090758,642.5094604492188,2989900,-0.054870165433353546,0.20577871183688345,702.9933557128907,769.275276184082,0.04363698228922921,1080.2313232421875,-40.52112296458855,1752518.0,True
2025-04-11,ASML,648.9489877886401,664.7162171399086,644.3296226485403,661.560791015625,2163600,0.029651439767262255,0.2415317866835618,701.6753002929687,767.5535333251953,0.04414116299899916,1080.2313232421875,-38.75748862474864,1740878.0,True
2025-04-14,ASML,669.1080943739632,672.6592090616581,655.5466748203587,665.5767822265625,1574000,0.006070479486506741,0.2490684799264704,700.3917639160156,765.8849966430664,0.04368176995322912,1080.2313232421875,-38.38571721574302,1729844.0,False
2025-04-15,ASML,672.0162515786062,680.0779384366955,669.3554058892737,675.7552490234375,2105600,0.015292701110794171,0.2681701108568999,699.4746643066406,764.2112738037109,0.04349730160665119,1080.2313232421875,-37.443468404967426,1739012.0,True
2025-04-16,ASML,639.9872160987544,646.0507783238286,617.4046518316508,628.0480346679688,4028300,-0.07059836297892241,0.17863937705160415,697.5965100097657,762.3249655151367,0.045959978816488674,1080.2313232421875,-41.85985712921596,1789638.0,True
2025-04-17,ASML,637.3758019761949,640.6400213781919,630.026342593146,633.2213134765625,1439900,0.0082370750691525,0.1883479180798373,695.60111328125,760.4116403198242,0.04600088513769623,1080.2313232421875,-41.38095240785806,1793442.0,False
2025-04-21,ASML,625.149771063206,626.791751808894,607.4042197671325,617.9190063476562,1555100,-0.024165811862668196,0.15963052586412663,693.3679736328126,758.3510290527344,0.046163829452511435,1080.2313232421875,-42.79752928353856,1802140.0,False
2025-04-22,ASML,631.886028491862,638.6123122017503,624.1606823659534,631.767333984375,1967000,0.02241123431139025,0.18561927729390826,691.6374450683594,756.2440631103516,0.046397196278112784,1080.2313232421875,-41.5155513091215,1815232.0,True
2025-04-23,ASML,657.0502034072382,659.265914418343,647.6927184823294,650.84814453125,1849700,0.0302022746673809,0.22142767635768057,689.9651684570313,754.2174127197266,0.04680719627001027,1080.2313232421875,-39.74918792598925,1832512.0,True
2025-04-24,ASML,659.3055506174211,670.9677377859199,655.3785498130652,667.6837158203125,1770700,0.02586712650335321,0.2530225005767215,688.4224731445313,752.2606372070312,0.047253065614090956,1080.2313232421875,-38.19067254814106,1845992.0,False
2025-04-25,ASML,659.6714826018791,674.3604990252687,657.3865231499386,669.9290771484375,1280900,0.0033629116225581956,0.2572363045072379,686.8615771484375,750.4007043457032,0.04687530955945427,1080.2313232421875,-37.98281324247069,1850054.0,False
2025-04-28,ASML,666.9434915919164,669.1958604727745,655.9397563554638,667.5289306640625,1007600,-0.003582687431020748,0.2527320198012568,684.840791015625,748.3371923828125,0.046646551059239136,1080.2313232421875,-38.205001437974154,1836724.0,False
2025-04-29,ASML,660.4344908104713,668.3921501484897,657.8447995729344,660.9306030273438,1104000,-0.009884706615119532,0.24034913131815538,683.1913220214843,746.4198336791992,0.04640576754909164,1080.2313232421875,-38.81582686904152,1817858.0,False
2025-04-30,ASML,652.4768903479929,664.294256676725,646.394549739998,662.8853149414062,1042100,0.0029575146091118665,0.24401748199442808,681.7259606933594,744.4003875732421,0.046218213790762505,1080.2313232421875,-38.63487378316028,1804392.0,False
2025-05-01,ASML,669.9003326819264,669.9003326819264,657.3090025333269,661.5358276367188,1066300,-0.0020357779457020886,0.241484938640516,680.2221325683594,742.4805014038086,0.04620597837718739,1080.2313232421875,-38.75979955374774,1796560.0,False
2025-05-02,ASML,680.9834507788717,689.5959512189127,680.2690177263999,684.9622802734375,1215500,0.0354122205601588,0.2854486771097693,679.2206628417969,740.6553366088867,0.04681070533546436,1080.2313232421875,-36.59114806839672,1797152.0,False
2025-05-05,ASML,679.6737714772105,685.0516112230323,677.4214025193542,678.0465087890625,903700,-0.010096572736259635,0.2724700510426017,678.1972033691407,739.4646487426758,0.044028937184734045,1080.2313232421875,-37.23136015404687,1785780.0,False
2025-05-06,ASML,671.0513190252158,681.0330946243557,670.2476196387455,674.7026977539062,765100,-0.00493153639435151,0.2661948186751628,677.1315979003906,738.2961178588868,0.043422936752778654,1080.2313232421875,-37.54090598587113,1771658.0,False
2025-05-07,ASML,680.4476474649339,696.5018302668498,678.145679693308,694.9440307617188,1041400,0.030000373609289088,0.3041811362975637,676.5849670410156,737.3702429199219,0.043671518519250954,1080.2313232421875,-35.66710983014955,1758662.0,False
2025-05-08,ASML,705.5906589308769,711.2364185769526,700.2128192705801,702.5247192382812,1040500,0.010908343896778971,0.3184075926359895,675.858779296875,736.2567294311524,0.04268079161650785,1080.2313232421875,-34.965344540303114,1751444.0,False
2025-05-09,ASML,703.6955455113648,704.9854252237055,698.4268359431253,700.7188720703125,884000,-0.0025705105009354856,0.3150186120746057,676.0704028320313,735.1757171630859,0.026789334904863966,1080.2313232421875,-35.132516805086986,1722268.0,False
2025-05-12,ASML,724.740591892713,744.6843403917577,723.7087002293858,744.3668212890625,2571500,0.06229024357484447,0.3969314417261869,676.9298510742187,734.6081295776368,0.02659802428557045,1080.2313232421875,-31.09190547678872,1738230.0,True
2025-05-13,ASML,739.46524775396,758.9227558537239,738.7508146155091,757.9603271484375,1815600,0.018261837404083048,0.4224419765796419,678.2435717773437,734.1582473754883,0.026234634108739344,1080.2313232421875,-29.833517058780657,1728860.0,True
2025-05-14,ASML,759.0517034652263,767.6840682834162,758.3273989968588,762.9312744140625,1156100,0.0065583211780047,0.4317708079191269,679.4913244628906,733.6066140747071,0.026234144875030833,1080.2313232421875,-29.37334272772115,1711088.0,False
2025-05-15,ASML,757.7320272676933,761.0361516365834,749.3378471961538,752.4633178710938,1511000,-0.013720707085979944,0.41212590004941174,679.9059521484374,733.0823937988281,0.026529723863879993,1080.2313232421875,-30.342390404615983,1706222.0,False
2025-05-16,ASML,747.0259429579205,747.5915181572959,736.4389251156216,742.2830810546875,1095100,-0.013529213417617036,0.39302094737509874,680.609775390625,732.5580380249023,0.02061060375696708,1080.2313232421875,-31.284803070992982,1699566.0,False
2025-05-19,ASML,733.978180595587,744.1683451816585,731.5373471821591,743.3051147460938,977900,0.0013768786026404634,0.3949389681105695,680.9902087402344,731.6623083496094,0.020664087485150844,1080.2313232421875,-31.190190586665206,1690596.0,False
2025-05-20,ASML,739.8322601303583,743.1561875379138,735.5359116612732,742.9379272460938,777200,-0.0004939929683188682,0.39424987806908884,682.3348510742187,731.0256622314453,0.019438970702173777,1080.2313232421875,-31.224182148666753,1659710.0,False
2025-05-21,ASML,743.1860129445907,749.9132629340726,729.7711195795384,731.4380493164062,1058700,-0.015478921600240558,0.37266839351531256,683.3090356445313,730.6976608276367,0.019884177037803284,1080.2313232421875,-32.28875764117996,1648548.0,False
2025-05-22,ASML,730.5947258236785,741.4000647892782,728.4416156901525,734.940673828125,863500,0.004788682397630639,0.37924166648912316,684.0929235839844,730.3330093383789,0.01917390741574557,1080.2313232421875,-31.96451000677458,1639692.0,False
2025-05-23,ASML,718.9657686237035,730.2672189580445,716.9019854965337,726.79443359375,1525200,-0.011084214718914964,0.3639538557084836,684.8875842285156,729.8160504150391,0.01895128241248764,1080.2313232421875,-32.71862998636608,1642206.0,False
2025-05-27,ASML,745.5277386294147,755.2912546298987,744.1187967568608,750.9055786132812,1385100,0.03317464183140473,0.409202536346176,685.7804760742188,729.4524404907227,0.019973300277397788,1080.2313232421875,-30.486594634237573,1642558.0,False
2025-05-28,ASML,746.2917340316775,750.5086880666481,739.0187116449903,740.7055053710938,1244000,-0.013583696183246174,0.39006035723178956,686.1463049316407,728.8393954467773,0.020320273194669943,1080.2313232421875,-31.430843613388927,1638972.0,False
2025-05-29,ASML,751.9375148145998,753.644111896922,739.048528163199,741.2611694335938,1166000,0.0007501821688520316,0.391103155725413,686.5078186035156,728.3084039306641,0.020057453616577604,1080.2313232421875,-31.379404254934457,1642146.0,False
2025-05-30,ASML,739.2171799058425,740.1598052871828,717.378309104947,731.041259765625,1785400,-0.01378719146421481,0.37192375017095336,686.5897583007812,727.7641781616211,0.02049843545664289,1080.2313232421875,-32.32548954686016,1656244.0,True
2025-06-02,ASML,727.5882393131762,741.1420591055777,726.9631330698353,740.725341796875,812600,0.013246970539466885,0.390097583671863,686.8821936035156,727.1864874267578,0.020512395262648902,1080.2313232421875,-31.42900730061457,1646848.0,False
2025-06-03,ASML,726.9631761859326,742.7296380398415,726.5067916742862,741.4397583007812,1085100,0.0009644823304859607,0.39143830822896564,687.5418493652344,726.5626861572266,0.019353327709643577,1080.2313232421875,-31.362871789772136,1629206.0,False
2025-06-04,ASML,745.3391657646558,746.9168293094169,734.6528889056347,737.0045166015625,1160000,-0.005981931302663557,0.3831148198572456,687.882919921875,725.6770608520508,0.019224359191148167,1080.2313232421875,-31.77345437553783,1630318.0,False
2025-06-05,ASML,748.2662659926427,750.5781660313999,738.2150269767291,741.94580078125,1506500,0.006704550743423576,0.3923879833509596,688.3445776367188,724.8633627319336,0.01911689512375007,1080.2313232421875,-31.31602603835012,1635562.0,False
2025-06-06,ASML,750.181196407484,756.1742101331923,746.9465350920146,747.1648559570312,1345100,0.007034280900688028,0.4021824315485927,689.3256677246094,724.0044110107422,0.018233959195506372,1080.2313232421875,-30.832883672128332,1637134.0,False
2025-06-09,ASML,751.1735195524911,776.1180594119048,751.1735195524911,764.2113647460938,1769400,0.02281492317679734,0.4341731160042288,690.9470080566406,723.2650122070313,0.018652528288566908,1080.2313232421875,-29.254841226747335,1646812.0,True
2025-06-10,ASML,773.0519733259216,782.1605864698386,770.4523501231306,778.8663940429688,1715500,0.01917667018959346,0.46167578084462346,693.1789697265625,722.5130642700195,0.018861651487816995,1080.2313232421875,-27.898184649442243,1653262.0,True
2025-06-11,ASML,783.906966522817,791.0509951480287,774.619759590331,777.9933471679688,1365900,-0.0011209199442643314,0.4600373593098266,695.6298803710938,721.9335205078125,0.013612730943366675,1080.2313232421875,-27.979005012286347,1646880.0,False
2025-06-12,ASML,779.3327695567068,783.4306613544258,776.256898005172,780.0968017578125,999600,0.002703692258424484,0.46398485101520315,698.0296813964844,721.3667098999024,0.013108553093324551,1080.2313232421875,-27.78428240569404,1642620.0,False
2025-06-13,ASML,760.9270413933756,766.9200554144729,753.9616062065755,755.0828247070312,1742900,-0.03206522189863692,0.41704185191115783,699.8961657714843,720.7927575683593,0.014938297964005864,1080.2313232421875,-30.09989541492476,1655098.0,True
2025-06-16,ASML,760.4111145975633,773.1314404462644,760.0241324930741,769.2022094726562,1454500,0.01869912055158096,0.4435392883266802,702.9509094238281,720.2570516967774,0.015164836108009637,1080.2313232421875,-28.792824932720322,1626646.0,False
2025-06-17,ASML,760.8179585823311,767.1979550798575,752.3145870437861,753.9517211914062,1422800,-0.0198263708728883,0.4149191430267303,706.05021484375,719.6537109375,0.015527687267100285,1080.2313232421875,-30.204604794414898,1574762.0,False
2025-06-18,ASML,758.7837740680161,762.0283673552794,748.375349417139,755.7178344726562,1372500,0.0023424752959766426,0.41823355616507474,708.9812719726563,719.0612686157226,0.015530730770847863,1080.2313232421875,-30.041110805372885,1518630.0,False
2025-06-20,ASML,762.3954864375983,763.0305246123363,730.5252423398877,750.6475830078125,2303900,-0.006709185933638562,0.4087183635394378,712.2158874511719,718.3639038085937,0.015617674757462197,1080.2313232421875,-30.510478000690455,1513004.0,True
2025-06-23,ASML,755.3407422070933,774.6791857091686,753.9020047420771,773.6571655273438,1302800,0.03065297623064711,0.4518997740526882,714.0928149414062,718.0695388793945,0.016463335266370248,1080.2313232421875,-28.380417334566584,1461726.0,False
2025-06-24,ASML,779.9975879152422,807.1349643528487,779.9975879152422,807.0357055664062,2039600,0.04314383880398864,0.5145403038639649,717.38333984375,718.1090380859375,0.018673642758374534,1080.2313232421875,-25.29047360484018,1442720.0,True
2025-06-25,ASML,810.3993306414396,813.1676150930634,799.9511779707053,808.9010620117188,1400100,0.002311367926408403,0.518040963745569,720.3301452636719,718.2360562133789,0.018335713430252816,1080.2313232421875,-25.11779240173325,1427450.0,False
2025-06-26,ASML,793.5413972079722,794.652683693051,780.3844919514952,791.8843994140625,1705800,-0.021036766295418396,0.4861062907643816,722.8562976074219,718.4887847900391,0.018023973553265592,1080.2313232421875,-26.69307190266299,1430086.0,True
2025-06-27,ASML,796.6967480121452,799.2269083926864,782.3194245965059,789.7611083984375,1201000,-0.0026813143650715743,0.48212157261893185,725.1364147949218,718.7455212402343,0.017685711861541324,1080.2313232421875,-26.889630822029652,1411994.0,False
2025-06-30,ASML,790.286896564243,796.2005759833454,787.8658665266853,795.1587524414062,1080400,0.006834527536959456,0.4922511733201176,728.4786291503906,719.0215643310547,0.01769329572309952,1080.2313232421875,-26.389955990645543,1353036.0,False
2025-07-01,ASML,781.9224422584158,789.3145263013221,776.455276013199,784.3236083984375,1065800,-0.013626390968723201,0.47191717540892175,731.5006750488282,719.0033404541016,0.017685475013047073,1080.2313232421875,-27.39299522954192,1345554.0,False
2025-07-02,ASML,770.2043246695829,794.2757003692154,766.8506010649018,793.372802734375,1383000,0.01153757739667638,0.4888995337416995,735.0097509765625,719.0302145385742,0.017642270139227763,1080.2313232421875,-26.55528629246191,1342112.0,True
2025-07-03,ASML,780.8508474718219,792.32102026849,780.4936612038455,788.3223266601562,910700,-0.006365829603450224,0.47942145301324324,738.1408508300781,718.952117614746,0.017765422369752412,1080.2313232421875,-27.02282282519828,1320986.0,False
2025-07-07,ASML,779.3526528764896,787.3201838675226,777.7055263447587,778.9855346679688,1363700,-0.011843876135976261,0.46189936857084835,740.7035986328125,718.8929238891601,0.0179598090345513,1080.2313232421875,-27.887155472409823,1311266.0,True
2025-07-08,ASML,776.5744250138226,792.1821580722293,772.6749898731173,787.9254760742188,1327800,0.011476389494267769,0.47867669512599154,743.1084338378906,718.8653811645507,0.01804175601332505,1080.2313232421875,-27.05956038107163,1302408.0,True
2025-07-09,ASML,786.7446640633102,794.6725883104557,786.3080828817439,793.6109008789062,1334300,0.007215688510307849,0.4893463655654722,745.5820703125,718.9541580200196,0.018043816714453837,1080.2313232421875,-26.533244888976533,1303476.0,True
2025-07-10,ASML,802.6401138160854,804.7932239068926,791.7951078888368,795.8533325195312,1498900,0.002825605895964367,0.49355467143714704,748.1485583496094,718.8556140136719,0.01746591561597109,1080.2313232421875,-26.325656792577455,1313302.0,True
2025-07-11,ASML,790.8723835786598,796.944792628485,790.3266722198488,795.694580078125,932400,-0.00019947449475854473,0.4932567453736678,750.843837890625,718.9181747436523,0.017023689155771553,1080.2313232421875,-26.340352944965424,1309870.0,False
2025-07-14,ASML,791.4180641145248,806.4502888160928,783.7283245964145,800.4572143554688,1456900,0.005985505489903176,0.5021946418209369,753.5952758789062,718.9640744018554,0.017046788936721728,1080.2313232421875,-25.899462723133187,1318166.0,True
2025-07-15,ASML,816.5808777310459,820.133058302743,807.879110280608,816.62060546875,2099600,0.020192698402120124,0.5325280051645078,756.6969714355469,719.0390893554687,0.017529222250222853,1080.2313232421875,-24.403172922466354,1338832.0,True
2025-07-16,ASML,748.4944133881985,754.9835999790547,724.9191510241282,748.583740234375,10789600,-0.08331514632222758,0.40484521017131536,757.9694006347656,718.7533383178711,0.02466995445687566,1080.2313232421875,-30.70153363192721,1530314.0,True
2025-07-17,ASML,741.0130414244577,750.965020769034,736.2305124991755,739.1178588867188,4078500,-0.012645053370639037,0.3870808675112125,759.1908276367187,718.2515634155274,0.024421778511501544,1080.2313232421875,-31.57781643765492,1593810.0,True
2025-07-18,ASML,746.2321522975013,746.242084231307,728.6201689948014,728.8682250976562,2567200,-0.01386738754290262,0.3678456795680889,760.2741381835938,717.752211303711,0.024233382755217223,1080.2313232421875,-32.52665337364557,1629852.0,True
2025-07-21,ASML,725.316156820527,727.201407717754,713.7269811717041,714.0841674804688,2650300,-0.020283580910948174,0.34010087105287856,760.6569409179688,717.2197583007812,0.024563032065440058,1080.2313232421875,-33.89525445927369,1662030.0,True
2025-07-22,ASML,712.7247638724796,713.4689322325486,695.7378856181501,699.9945068359375,3425100,-0.0197310923364179,0.3136592170260202,760.6063366699219,716.6705279541015,0.024840064905191833,1080.2313232421875,-35.199573297413174,1709722.0,True
2025-07-23,ASML,709.6488717624876,714.3718092807675,702.6239056888735,711.35546875,3379400,0.01623007295502288,0.33498000195639066,760.8190686035156,716.1296508789062,0.024049290125962474,1080.2313232421875,-34.14785764451358,1759630.0,True
2025-07-24,ASML,717.3881658822114,720.9800133290588,712.7742982446207,719.4420776367188,2037100,0.01136788742332806,0.35015590433102517,760.3205737304687,715.6281240844727,0.021853546577080836,1080.2313232421875,-33.39925790363144,1748942.0,True
2025-07-25,ASML,703.6260863968379,707.6049162746,701.1057974441294,705.7196655273438,2312100,-0.019073685757234893,0.32440345488853994,759.2757604980469,715.0550799560547,0.02198292379042056,1080.2313232421875,-34.66957952957622,1758872.0,True
2025-07-28,ASML,729.4338772609309,729.6918047642401,722.8256280695474,724.31396484375,2253900,0.026347996555419417,0.35929883255592876,758.5034143066406,714.6525592041015,0.022804526011803203,1080.2313232421875,-32.94825383605738,1780828.0,True
2025-07-29,ASML,718.9294247326433,723.0973935816384,711.9364243384874,714.7117309570312,2292900,-0.013257005045857695,0.3412786010739064,757.7483825683594,714.1675103759766,0.022890979931812612,1080.2313232421875,-33.83715917328634,1796466.0,True
2025-07-30,ASML,713.1201099992725,720.2126203738521,711.7374050114223,717.6561279296875,1407000,0.004119698677274464,0.34680426475260706,757.2558435058594,713.5906292724609,0.022831442068857465,1080.2313232421875,-33.564588205447805,1802704.0,False
2025-07-31,ASML,702.6852911281102,703.8192500875333,687.5751680832676,691.0567626953125,2892200,-0.03706422087011163,0.296886014015008,756.2108764648438,712.9394943237305,0.023844386700715092,1080.2313232421875,-36.0269649817979,1840990.0,True
2025-08-01,ASML,686.3714899941258,689.7834453325968,679.8857573557855,686.1924438476562,1627100,-0.007038957015171987,0.28775728910877874,755.075966796875,712.2309484863281,0.023514013323589267,1080.2313232421875,-36.47726842542112,1857988.0,False
2025-08-04,ASML,691.9221604880988,695.7718044065165,689.2562611281992,695.6822509765625,1025600,0.013829658449303839,0.30556653258275457,754.3608508300781,711.4143539428711,0.023933964870221053,1080.2313232421875,-35.59877074397788,1857326.0,False
2025-08-05,ASML,691.0666169672794,691.9718655111564,680.6417480217498,686.00341796875,1261200,-0.013912720921406052,0.287402549770603,753.3821057128906,711.2477767944335,0.02396495640003538,1080.2313232421875,-36.49476707361241,1865280.0,False
2025-08-06,ASML,684.0339464877637,688.7887787978997,681.8355461414992,687.3265380859375,1218700,0.0019287369166545165,0.2898856105949408,752.5927478027344,711.3187976074219,0.023710982181900746,1080.2313232421875,-36.37228218646654,1859150.0,False
2025-08-07,ASML,710.2651644546523,713.1300241025148,702.9040549428026,709.369873046875,1723800,0.032071124479382984,0.33125369257649595,751.7620336914063,711.4159338378906,0.024999835800770392,1080.2313232421875,-34.331669728129654,1865924.0,False
2025-08-08,ASML,708.6636250955381,719.6953328622245,706.7139709983563,718.5215454101562,1042900,0.012901129172533166,0.34842836842583713,751.3183544921875,711.4472518920899,0.02525339736863144,1080.2313232421875,-33.484474116747684,1861902.0,False
2025-08-11,ASML,720.192702232529,728.0113542903326,715.7362806306809,717.516845703125,1179700,-0.0013982875161492325,0.3465428778718458,750.8434680175782,711.5186499023438,0.025244439888034022,1080.2313232421875,-33.57748194622033,1862176.0,False
2025-08-12,ASML,721.7147168929212,739.4409542252636,719.6754485651294,737.88916015625,1461800,0.028392803005428124,0.3847750045416234,750.9804260253907,711.6583776855468,0.026170809192513553,1080.2313232421875,-31.691560475994873,1855704.0,False
2025-08-13,ASML,746.6827159491323,752.2234326399786,743.6089384158755,751.5967407226562,2011900,0.018576747439281505,0.410499620061223,751.1978540039063,711.9271585083007,0.026099838119851098,1080.2313232421875,-30.42261184698599,1879690.0,True
2025-08-14,ASML,743.3502953348344,753.0191514657981,740.644567472852,751.2385864257812,1577400,-0.0004765245476325841,0.4098274823678374,751.3938305664062,712.1833651733399,0.018647057576765,1080.2313232421875,-30.45576718040106,1889536.0,False
2025-08-15,ASML,734.6164755781649,743.2210124078517,732.7861248083158,738.2572021484375,1635100,-0.017279975379201673,0.3854656981835993,751.4188842773438,712.3702822875977,0.018834847922678918,1080.2313232421875,-31.657489811289196,1899038.0,False
2025-08-18,ASML,735.7802692663857,744.0664811703009,735.5514981993795,743.6188354492188,1086400,0.00726255468308068,0.39552771857819025,751.4523449707032,712.5990255737305,0.018613725019757693,1080.2313232421875,-31.16114859386468,1890636.0,False
2025-08-19,ASML,747.5878147268214,751.7160151865168,737.8095519854651,739.6995239257812,1121300,-0.005270592051463963,0.3881724612770543,751.3030383300782,712.7680429077149,0.018029724967996295,1080.2313232421875,-31.523970096917765,1886160.0,False
2025-08-20,ASML,746.8516925482761,749.4778239289301,734.2980632642257,745.548583984375,1368400,0.007907345982259395,0.3991492212114165,750.9297827148438,713.1208319091797,0.01737361031425638,1080.2313232421875,-30.982506436982547,1878140.0,False
2025-08-21,ASML,735.4719739313427,737.6007350611189,728.2600989088302,731.5328369140625,952700,-0.018799240413561402,0.3728462786274158,749.9831115722657,713.4592129516601,0.017732938929735438,1080.2313232421875,-32.279982891215134,1862884.0,False
2025-08-22,ASML,737.7797334185819,757.5651528042047,736.4766247206226,750.9202880859375,1456000,0.026502502954836693,0.4092301411832755,749.441650390625,713.8837725830078,0.018447915633314594,1080.2313232421875,-30.48523293768797,1864686.0,False
2025-08-25,ASML,750.7810068349245,754.2725585617695,748.1350216535994,750.4925537109375,731100,-0.0005696135552419879,0.408427424592402,748.8495654296875,714.3238125610352,0.01781177465678263,1080.2313232421875,-30.524829491296163,1859316.0,False
2025-08-26,ASML,754.7799484095973,759.4850557837487,751.9349418744811,759.1866455078125,860100,0.011584514401756119,0.4247433723764209,748.9316418457031,714.7811654663086,0.017125807063772265,1080.2313232421875,-29.719993377973626,1841660.0,False
2025-08-27,ASML,756.0033926034903,766.5277726215492,753.804992459995,765.9508056640625,1140700,0.008909745971263039,0.4374374738985354,748.8666137695312,715.3465179443359,0.01679363871463605,1080.2313232421875,-29.09381637211268,1835384.0,False
2025-08-28,ASML,765.9507764662017,769.104089286226,756.8687838309672,759.4451904296875,985400,-0.008493515753580039,0.42522857606919184,748.9764831542968,715.8014624023438,0.01699238153365033,1080.2313232421875,-29.69605915978238,1826636.0,False
2025-08-29,ASML,749.0402023130272,749.6370228100703,735.8996478230431,738.7147827148438,1317800,-0.027296779248960235,0.38632442624892116,748.6364221191407,716.1909548950196,0.015947143404798702,1080.2313232421875,-31.615130313229756,1825542.0,False
2025-09-02,ASML,713.4384401682114,723.3758961877257,712.4337417261006,722.032958984375,1867400,-0.022582225401204914,0.3550181355761719,748.0641296386718,716.4879565429687,0.0167895267343712,1080.2313232421875,-33.15941285452843,1816812.0,True
2025-09-03,ASML,728.3694659632006,734.4175102367324,725.7234807452637,732.9453125,1330300,0.015113373122155771,0.37549703024642245,747.249892578125,716.8500323486328,0.016834880922394276,1080.2313232421875,-32.14922612129495,1817362.0,False
2025-09-04,ASML,733.1740289146732,752.9196792296136,731.5625529407747,749.4678955078125,1532700,0.02254272280077174,0.4065044785125522,746.0985363769531,717.273844909668,0.01692392570216374,1080.2313232421875,-30.619684933929463,1807224.0,False
2025-09-05,ASML,770.8051514113896,778.9818958395513,762.2105719186685,777.5892944335938,1887300,0.03752181927249487,0.45927908536125495,745.4723010253906,717.74177734375,0.018387450633129878,1080.2313232421875,-28.01640929095161,1816968.0,True
2025-09-08,ASML,785.497475978793,794.4998724192802,782.6127019813334,792.062744140625,1284500,0.01861323170295681,0.4864409850963629,745.4758679199218,718.4515084838868,0.01765526467328698,1080.2313232421875,-26.67656203827328,1808542.0,False
2025-09-09,ASML,791.018283436309,801.6023452996695,788.949204559713,800.8960571289062,1324100,0.011152289453868036,0.5030182052182504,745.6985668945313,719.1728332519531,0.017622268955228348,1080.2313232421875,-25.858837834371368,1811004.0,False
2025-09-10,ASML,802.5771696842795,805.3425188811863,786.8602695469341,788.9691162109375,1634300,-0.014891996048432388,0.48063526404541834,745.5747741699219,719.8496746826172,0.01811884939805109,1080.2313232421875,-26.962947728368093,1822082.0,False
2025-09-11,ASML,795.4847484866823,804.8950239391984,794.3109609264474,799.9312133789062,1297800,0.013894203135117245,0.5012075111730834,745.8869262695313,720.5997354125976,0.01743364678697901,1080.2313232421875,-25.94815608771586,1826722.0,False
2025-09-12,ASML,804.2683069149515,811.4901389306516,802.0599495158607,809.5901489257812,1019700,0.012074707656519301,0.5193341530022693,746.2112731933594,721.3303283691406,0.017218155826184873,1080.2313232421875,-25.054001721048834,1819456.0,False
2025-09-15,ASML,830.5393640317703,864.1516514183313,829.534665583078,862.7391357421875,2702300,0.06564925090421103,0.6190773020200522,747.699609375,722.323112487793,0.02184389698716378,1080.2313232421875,-20.133853075767394,1855288.0,True
2025-09-16,ASML,875.3126854247781,876.8247116698689,863.0077400709183,873.8006591796875,1832400,0.012821399863800265,0.6398361395196541,749.5959118652344,723.3140036010742,0.02115921507423504,1080.2313232421875,-19.10985727047079,1864662.0,False
2025-09-17,ASML,863.6642505797543,873.0148434222401,856.6513363049863,867.6830444335938,1553300,-0.007001156020913113,0.6283553908581452,751.1910632324219,724.3359982299804,0.021420457092506024,1080.2313232421875,-19.676181780274156,1869172.0,False
2025-09-18,ASML,923.7863795404029,933.7437495972807,911.2128957400749,922.9209594726562,3176100,0.06366139731947928,0.7320187703728815,753.7772644042968,725.6415362548828,0.024422439912001735,1080.2313232421875,-14.562655274370554,1906008.0,True
2025-09-19,ASML,921.200124568274,933.71398768724,921.0011641564529,927.2481689453125,2410200,0.004688602450992896,0.7401395178248176,756.4051611328125,726.8891027832032,0.024452059131287836,1080.2313232421875,-14.16207353048364,1924234.0,True
2025-09-22,ASML,955.8668327568698,959.4677915555224,948.575422438789,952.7632446289062,1885000,0.02751698686298365,0.7880229140765618,759.5465344238281,728.1415518188477,0.02373475755829832,1080.2313232421875,-11.800072435476206,1943286.0,False
2025-09-23,ASML,959.3384069891529,972.33968274833,950.9726595747106,958.4431762695312,1664800,0.005961535221520098,0.7986822756557141,762.7062536621094,729.3898760986328,0.02356989300834104,1080.2313232421875,-11.274265460764777,1947444.0,False
2025-09-24,ASML,944.7256763854742,948.5852774788157,936.0018364877402,941.9603271484375,1400700,-0.01719752357698301,0.7677493948126235,765.2130480957031,730.5466061401368,0.02427997380863706,1080.2313232421875,-12.80012837238841,1933466.0,False
2025-09-25,ASML,933.2663505418556,947.650271664786,932.1920128794735,944.556640625,1272600,0.002756287501430421,0.7726218203752067,769.1325061035157,731.7578738403321,0.024348485270199588,1080.2313232421875,-12.55978045609489,1743126.0,False
2025-09-26,ASML,941.2640329846797,950.1967907621708,937.7923954329088,946.5162963867188,955200,0.0020746831660853893,0.7762994490257746,773.2804748535157,732.991376953125,0.024419670479146,1080.2313232421875,-12.378369704568351,1680660.0,False
2025-09-29,ASML,958.6620180016125,966.9581871957705,957.3091843988358,957.5479125976562,1213800,0.011654967012242778,0.7970021605080351,777.8540686035157,734.2921789550782,0.024032624273154286,1080.2313232421875,-11.357142493916154,1653592.0,False
2025-09-30,ASML,962.9493598707529,970.5094302866358,958.0055246823517,962.9991455078125,1303600,0.005692908770870808,0.8072323298688651,782.8323681640625,735.62640625,0.022401738834860963,1080.2313232421875,-10.852506792944718,1626658.0,False
2025-10-01,ASML,960.5320898793971,1000.0730548154679,959.7462661440646,997.9940795898438,1963800,0.03633952765718984,0.8729062991031022,788.7923596191406,737.0904006958008,0.02139774682876776,1080.2313232421875,-7.612928997977796,1597432.0,True
2025-10-02,ASML,1033.5362074843292,1034.7597198509816,1016.5161984656899,1024.752685546875,1689100,0.026812389476326803,0.9231233922473205,795.0603039550781,738.6947521972656,0.02153235764014296,1080.2313232421875,-5.135810867694513,1563626.0,True
2025-10-03,ASML,1025.5783148331363,1034.3817513488882,1020.0674089884918,1026.7918701171875,1352300,0.001989928495990556,0.9269502702868595,801.2072998046875,740.2822534179687,0.021700938687042655,1080.2313232421875,-4.947037914491107,1549930.0,False
2025-10-06,ASML,1034.9685317900507,1053.4309877456997,1034.6303537637132,1037.8135986328125,1385400,0.010734140809244064,0.9476344258205296,807.8491784667968,741.906109008789,0.021110093098414422,1080.2313232421875,-3.926726035129511,1531396.0,False
2025-10-07,ASML,1037.3460073927254,1039.355404210904,995.7360232809268,997.0291748046875,1667800,-0.03929840954276698,0.8710954905150425,813.3034826660156,743.2628207397461,0.02406029867271973,1080.2313232421875,-7.702252901515438,1519674.0,True
2025-10-08,ASML,972.8072826706141,986.3755687998695,972.2800406300264,982.6154174804688,1947000,-0.014456705669663394,0.8440456137288321,818.6615563964843,744.6249487304688,0.02470788772582623,1080.2313232421875,-9.036574265291259,1512756.0,True
2025-10-09,ASML,980.1683091496377,982.336898597701,966.4011236491583,975.3836059570312,1496000,-0.007359757840947223,0.8304738845641271,823.8161059570313,745.9964709472656,0.024379892093097492,1080.2313232421875,-9.706043051081702,1514536.0,False
2025-10-10,ASML,965.5854833078719,971.066517859779,930.4909793425905,931.2669067382812,2933900,-0.045230101212807794,0.7476813654978902,828.6203088378907,747.1700140380859,0.027209420812980733,1080.2313232421875,-13.790047862786189,1515370.0,True
2025-10-13,ASML,966.619935977474,979.9992184939867,961.884957714602,979.48193359375,2223900,0.051773585538800626,0.8381650961690632,834.4860986328125,748.5088250732422,0.028863652612722286,1080.2313232421875,-9.326649531514235,1527306.0,True
2025-10-14,ASML,962.3724611868238,988.2555890982037,960.9201169996737,978.009765625,2422100,-0.0015030067612871179,0.835402321601159,840.1326489257813,749.8468386840821,0.025900134056012755,1080.2313232421875,-9.462932190336927,1555236.0,True
2025-10-15,ASML,1024.7128450260905,1027.5677476576072,988.3152346847494,1004.4996948242188,2900300,0.027085546719761266,0.8851151969324456,846.5025744628906,751.3363034057617,0.026264026197078058,1080.2313232421875,-7.0106862103081,1588018.0,True
2025-10-16,ASML,1031.7158398952668,1043.8615918645412,1005.7828671580231,1014.228271484375,1938400,0.009684997128703632,0.9033725322020119,853.0406091308594,752.8856146240234,0.026071424202387172,1080.2313232421875,-6.110084973254811,1602412.0,True
2025-10-17,ASML,1015.2230744692856,1027.3390165086362,1009.6624437544623,1023.857421875,1663700,0.009494066238690202,0.9214432770996412,859.3303601074218,754.5691439819336,0.022732005885382683,1080.2313232421875,-5.21868790084589,1601210.0,True
2025-10-20,ASML,1026.3243438523195,1046.6370050625044,1026.0657013981395,1036.669677734375,1271700,0.012513710977366088,0.9454876629286693,865.6933227539063,756.3318865966797,0.022787259522166026,1080.2313232421875,-4.032621955181538,1605786.0,False
2025-10-21,ASML,1030.8604290303358,1032.0241986531369,1018.7643406564506,1019.6297607421875,1072200,-0.01643717122066113,0.9135093491054269,871.7355810546875,757.9732040405273,0.022689339806351936,1080.2313232421875,-5.610054179702133,1603636.0,False
2025-10-22,ASML,1021.0521213905338,1027.7468320940027,992.4234993971954,1006.2504272460938,1328600,-0.013121756554413389,0.8884007452618714,877.1028063964844,759.4788256835938,0.022965465128465007,1080.2313232421875,-6.848616069940351,1600972.0,False
2025-10-23,ASML,999.2375250346631,1035.0282966821671,999.2176107806217,1030.9598388671875,1318200,0.02455592658849204,0.9347721753321756,882.690068359375,760.8407437133789,0.02297578354028323,1080.2313232421875,-4.561197524537376,1587098.0,False
2025-10-24,ASML,1032.471914631551,1037.913120524609,1026.7521520252888,1027.667236328125,1032700,-0.003193725317836238,0.9285930444515722,888.2186413574219,762.2401428222656,0.023035745286960455,1080.2313232421875,-4.866002844307233,1576204.0,False
2025-10-27,ASML,1044.4883419823477,1055.1519397782447,1043.84173583938,1054.4058837890625,1265600,0.026018779733092634,0.9787726820699323,894.5416149902344,763.8403564453125,0.023509030957370225,1080.2313232421875,-2.3907323271846046,1568814.0,False
2025-10-28,ASML,1051.2427855221708,1055.0625585906255,1046.1993785022646,1046.9454345703125,856900,-0.007075500367980214,0.9647718752297973,900.6081469726563,765.4277957153321,0.023615590278042855,1080.2313232421875,-3.081366736521888,1564224.0,False
2025-10-29,ASML,1066.9193298224743,1073.9944992993178,1061.1195957936768,1067.0986328125,1530000,0.01924952110847955,1.0025927929153804,907.1561291503906,767.173251953125,0.023833406541519504,1080.2313232421875,-1.2157294597115802,1572398.0,False
2025-10-30,ASML,1068.9322849907144,1082.315294646034,1066.8694491117226,1071.6925048828125,1283100,0.004305011672824044,1.0112139782647942,913.6790075683593,768.8978515625,0.022738717210423094,1080.2313232421875,-0.7904620219442202,1570692.0,False
2025-10-31,ASML,1067.935749182207,1069.5301346707909,1047.72657555282,1055.5291748046875,1179400,-0.015082059456870467,0.9808807294641155,920.1589343261719,770.5909384155274,0.02244032933970684,1080.2313232421875,-2.2867461724179043,1575226.0,False
2025-11-03,ASML,1059.306000933798,1069.6497397722576,1059.2760765543894,1063.0926513671875,868100,0.007165577932888079,0.9950748847068469,926.4023815917968,772.2034924316406,0.022472649539448764,1080.2313232421875,-1.5865742370402933,1563468.0,False
2025-11-04,ASML,1046.2816177774732,1059.5451734570925,1025.2354120664297,1026.5408935546875,1735100,-0.03438247622678292,0.926479269912762,931.9233483886719,773.6034286499023,0.023708136057547794,1080.2313232421875,-4.970271508731526,1583548.0,True
2025-11-05,ASML,1027.4974446317535,1046.96921330609,1027.1985657795317,1040.103271484375,1169400,0.01321172689255845,0.9519313878910247,937.5416809082031,775.0382577514648,0.022098499041331116,1080.2313232421875,-3.714764689230901,1589734.0,False
2025-11-06,ASML,1036.2468656493704,1037.891125197865,1022.8537591502354,1025.6041259765625,1073000,-0.013940101820005046,0.92472126559816,942.7347473144531,776.382280883789,0.022079252178372578,1080.2313232421875,-5.0569906732261645,1588380.0,False
2025-11-07,ASML,1027.4974721951867,1031.7824973196452,993.3372728257399,1013.4069213867188,1841900,-0.011892702340905448,0.9018311284971903,947.8139819335937,777.766344909668,0.022199961811684005,1080.2313232421875,-6.1861196224992945,1605510.0,True
2025-11-10,ASML,1033.1476826801509,1039.1466690621185,1017.5025242321104,1035.16064453125,992900,0.02146593109386319,0.942655704453675,953.7428991699219,779.3282235717774,0.019730126652191555,1080.2313232421875,-4.172317330667949,1599012.0,False
2025-11-11,ASML,1028.1652087032203,1033.3569670148972,1014.2240968693865,1018.8478393554688,1026000,-0.0157587184771385,0.9120419401091824,959.6791967773438,781.0163174438477,0.01709244076434105,1080.2313232421875,-5.682438804170521,1582184.0,False
2025-11-12,ASML,1026.560817179961,1035.0708970464643,1021.6479883006392,1033.7056884765625,961900,0.014582991244789678,0.9399252309814652,965.694404296875,782.8122610473633,0.017286139482653565,1080.2313232421875,-4.307006635021819,1574816.0,False
2025-11-13,ASML,1037.3529328565705,1038.2198883459141,1005.9829385512718,1016.2967529296875,1406300,-0.016841288328916515,0.9072543908299664,971.0309814453125,784.3765533447265,0.0168506003652296,1080.2313232421875,-5.918599927338516,1572288.0,False
2025-11-14,ASML,985.8435097432505,1014.5130107844299,977.5725209657202,1003.4617309570312,1307800,-0.012629206907978974,0.8831672805020234,975.5484301757813,785.7565441894532,0.01695833847860087,1080.2313232421875,-7.10677339504851,1560698.0,False
2025-11-17,ASML,1001.2096360360291,1021.418810077742,1000.7612569232782,1016.436279296875,1691500,0.01292978888937757,0.9075162358822979,980.0359008789062,787.1899575805664,0.017074446374135327,1080.2313232421875,-5.90568358579338,1568838.0,True
2025-11-18,ASML,1007.5474334028333,1014.1641878712197,990.5171169056545,1000.5519409179688,1414000,-0.015627480740744826,0.8777065626433893,984.0290185546875,788.5846661376953,0.0171303457316722,1080.2313232421875,-7.376140703369945,1570636.0,False
2025-11-19,ASML,1002.2560461225027,1041.0798882017332,1001.488716896297,1035.69873046875,1587800,0.0351274013006615,0.9436655145942494,988.9636108398438,790.1533810424804,0.018527956791307046,1080.2313232421875,-4.122505227841214,1569706.0,True
2025-11-20,ASML,1038.5885791136777,1047.2780834958087,973.5865027963351,977.6123657226562,2055100,-0.05608422897245835,0.8346565328278743,992.5172338867187,791.376487121582,0.022168771139172132,1080.2313232421875,-9.499720597948642,1584852.0,True
2025-11-21,ASML,959.9841507803837,975.1210812455514,942.8043949242191,963.1929321289062,2481800,-0.014749643211694696,0.8075960035526584,995.5892895507812,792.5445718383789,0.021541391679374695,1080.2313232421875,-10.834567429687583,1614094.0,True
2025-11-24,ASML,974.2043384743301,991.6631457028512,974.1744749171926,984.3687133789062,1628100,0.021984984050076095,0.8473359728597449,998.0218811035156,793.8749465942383,0.02222063752828714,1080.2313232421875,-8.874266816811133,1592610.0,True
2025-11-25,ASML,990.3576974775409,1003.3620902212813,970.3378627002569,999.71484375,1193000,0.01558981930502168,0.8761356068722947,1000.5401647949219,795.2012109375,0.02167747282217098,1080.2313232421875,-7.453633102447607,1579822.0,False
2025-11-26,ASML,1037.0341289451346,1051.3140186964108,1033.6759079881322,1037.3330078125,1572400,0.03762889417685522,0.9467325150847223,1003.9331640625,796.6637835693359,0.023318708486418482,1080.2313232421875,-3.971215656007201,1580204.0,False
2025-11-28,ASML,1036.7651325797979,1056.575681805442,1031.8223788345758,1056.296630859375,939700,0.018281133352600953,0.9823209917948303,1006.6006774902344,798.2053973388672,0.023279292213860135,1080.2313232421875,-2.215700643726506,1535476.0,False
2025-12-01,ASML,1052.3404229489468,1087.4872144617277,1050.7858149597544,1084.188720703125,2103100,0.026405546537678237,1.0346652609962854,1009.7394885253906,799.7834997558593,0.02398321640841008,1084.188720703125,0.0,1529334.0,True
2025-12-02,ASML,1085.803061074047,1109.320582092557,1084.8763784669172,1104.9061279296875,1426000,0.019108672531777282,1.0735450131804467,1012.7823461914063,801.5910101318359,0.024009671279198022,1104.9061279296875,0.0,1520154.0,False
2025-12-03,ASML,1106.3609757541626,1137.7309698225404,1101.7571222172783,1136.933837890625,2059500,0.028986815396661036,1.1336504796941753,1016.3521594238281,803.5949124145508,0.02468634689483581,1136.933837890625,0.0,1528048.0,True
2025-12-04,ASML,1118.6081130309876,1125.5936310942916,1098.3192617744064,1106.2015380859375,1511800,-0.027030860354816832,1.0759760715315743,1019.6369836425781,805.4422839355469,0.024169054360109396,1136.933837890625,-2.7030860354816886,1530270.0,False
2025-12-05,ASML,1118.0102744793592,1125.43419714457,1094.42292851184,1095.628662109375,1054400,-0.009557820715795362,1.0561342644295943,1022.6584240722656,807.245248413086,0.024238487267343886,1136.933837890625,-3.633032495354723,1525906.0,False
2025-12-08,ASML,1114.9108766091856,1130.217317013055,1110.137695213593,1115.77783203125,1118800,0.018390510050259712,1.0939476222842703,1026.0436547851561,809.1780401611328,0.024151261562046517,1136.933837890625,-1.860794810947499,1529178.0,False
2025-12-09,ASML,1104.0290918786432,1111.8416653547895,1101.7470540676272,1107.556640625,904700,-0.0073681257775873865,1.0785191528315998,1029.0438293457032,811.0759085083008,0.024019399308308684,1136.933837890625,-2.5838968184928928,1522996.0,False
2025-12-10,ASML,1105.523916802798,1120.0329826938794,1095.0406529294519,1115.4091796875,1093600,0.007089966124051994,1.093255783213369,1032.092030029297,813.0415765380859,0.0237150937556791,1136.933837890625,-1.8932199469988604,1518796.0,False
2025-12-11,ASML,1110.855169865535,1123.8097491059493,1091.6425031513904,1118.9168701171875,1403600,0.003144756644974267,1.09983856324726,1034.5104858398438,814.9419903564453,0.023289264017137695,1136.933837890625,-1.5846979985101615,1507592.0,False
2025-12-12,ASML,1105.5140570960477,1110.66603807828,1073.4264836198781,1077.07373046875,1623000,-0.037396111155295286,1.02131276692789,1035.5569067382812,816.8766705322265,0.024896613470115025,1136.933837890625,-5.265047571539835,1506270.0,True
2025-12-15,ASML,1085.5439707422804,1093.8747477168713,1075.8180608024916,1084.019287109375,1283400,0.006448543348654745,1.0343472899266137,1036.701455078125,818.789794921875,0.024519229406020665,1136.933837890625,-4.6541451241721665,1504892.0,False
2025-12-16,ASML,1077.7513617659674,1084.258576338321,1062.21574278265,1072.29052734375,956300,-0.010819696572835658,1.012336269525837,1037.3909936523437,820.6898760986328,0.024463325423505117,1136.933837890625,-5.685758343406241,1496310.0,False
2025-12-17,ASML,1057.0638801520079,1061.3986577067783,1006.4812167174624,1011.8822631835938,2140900,-0.0563357248989208,0.8989698470417089,1037.688055419922,822.2465692138671,0.027591037193282722,1136.933837890625,-10.999019515422447,1505772.0,True
2025-12-18,ASML,1044.3085050041582,1048.1351761457488,1031.5333498779269,1032.6893310546875,1645400,0.020562736029812845,0.9380178627350015,1038.6895336914063,823.7513562011719,0.027686149285711448,1136.933837890625,-9.168915847323563,1499740.0,True
2025-12-19,ASML,1038.9175104784988,1058.9672093574131,1038.9175104784988,1052.3304443359375,2319600,0.019019382393725692,0.9748777655522296,1040.2284704589845,825.477548828125,0.02693172778526532,1136.933837890625,-7.441364724587121,1516212.0,True
2025-12-22,ASML,1062.2756148094766,1063.4315960678514,1046.3315155252817,1053.287109375,703700,0.0009090918581817764,0.9766731108497972,1042.6688745117187,827.1225671386719,0.0235378402450975,1136.933837890625,-7.357220422853837,1471608.0,False
2025-12-23,ASML,1054.2437283796976,1061.029994103644,1052.0015893923924,1058.130126953125,543600,0.004598003274718376,0.9857618602865323,1044.2418383789063,829.0346887207031,0.023149959536893337,1136.933837890625,-6.931248618979098,1438002.0,False
2025-12-24,ASML,1056.1170832295627,1063.0727982639987,1053.7453937518271,1061.7972412109375,229800,0.003465655276607471,0.9926438263557202,1045.917587890625,830.9300308227539,0.02281062537769742,1136.933837890625,-6.608704409668189,1394156.0,False
2025-12-26,ASML,1062.5246632668668,1072.3302495456803,1059.3656950365882,1069.001953125,363800,0.006785393325985378,1.00616469847614,1047.2076330566406,832.7963092041016,0.022664754404607277,1136.933837890625,-5.975007735864412,1343426.0,False
2025-12-29,ASML,1060.860552135792,1069.8989317078583,1057.3628055581064,1062.275634765625,424300,-0.006292147867187792,0.993541613547396,1048.1685803222656,834.6723803710937,0.02134024044749965,1136.933837890625,-6.566626890401538,1313144.0,False
2025-12-30,ASML,1080.7906436988237,1082.2655750462116,1066.680203580531,1068.3941650390625,807300,0.005759833016208971,1.005024080352293,1049.059315185547,836.4830462646485,0.021016052510310506,1136.933837890625,-6.02846626314909,1296016.0,False
2025-12-31,ASML,1076.4558343702645,1076.7648096702223,1065.185412907116,1066.1220703125,561300,-0.0021266446419421214,1.0007601066348468,1049.6483630371094,838.2015863037109,0.02018059633713833,1136.933837890625,-6.228310321865643,1281808.0,False
2023-01-03,GOOGL,88.85559860680175,90.30363718067711,87.79437004023141,88.38945770263672,28131200,,,,,,88.38945770263672,0.0,,False
2023-01-04,GOOGL,89.60937532240884,89.90691916874918,86.55462109181812,87.35798645019531,34854800,-0.011669618518438285,-0.011669618518438285,,,,88.38945770263672,-1.1669618518438276,,False
2023-01-05,GOOGL,86.75298665837843,86.85216541875592,85.19585666320351,85.49339294433594,27194400,-0.021344282092884748,-0.032764820981749154,,,,88.38945770263672,-3.2764820981749154,,False
2023-01-06,GOOGL,86.07855936732152,86.97118333274179,84.16437980636358,86.6240463256836,41381500,0.013225038127610889,-0.01997309886086629,,,,88.38945770263672,-1.9973098860866316,,False
2023-01-09,GOOGL,87.63567873433844,89.31182755724797,87.13977743211463,87.2984619140625,29003900,0.007785547050564778,-0.012343053311228314,,,,88.38945770263672,-1.234305331122847,,False
2023-01-10,GOOGL,85.2752044746708,87.94314874861813,85.12643254757823,87.69519805908203,30467800,0.004544594902600618,-0.007854552585788377,,,,88.38945770263672,-0.785455258578849,,False
2023-01-11,GOOGL,88.44897568545483,90.84913669096524,88.28037102229985,90.76979064941406,26862000,0.03505998798543808,0.026930054880361043,,,,90.76979064941406,0.0,,False
2023-01-12,GOOGL,90.73012501545803,91.1169275086837,89.0143028128799,90.38298797607422,30258100,-0.004261359099458684,0.0225539371464889,,,,90.76979064941406,-0.4261359099458721,,False
2023-01-13,GOOGL,90.1052744877532,91.4342940509324,89.3911753274604,91.3648681640625,26329200,0.010863550873624561,0.03366250386370484,,,,91.3648681640625,0.0,,False
2023-01-17,GOOGL,91.30535652243567,91.49380146174484,89.3118384915669,90.54167175292969,32602400,-0.009009988496394561,0.024349216594738543,,,,91.3648681640625,-0.9009988496394603,,False
2023-01-18,GOOGL,91.38471295870488,92.03930646438202,89.89700870055337,90.37307739257812,29116700,-0.0018620637004762575,0.022441813101906183,,,,91.3648681640625,-1.0855275024349966,,False
2023-01-19,GOOGL,89.97635197425116,92.84266148471706,89.88708578674498,92.2872543334961,37000400,0.021180831682900747,0.04409798105077756,,,,92.2872543334961,0.0,,False
2023-01-20,GOOGL,94.32044460307483,97.49421809768434,94.24109856316726,97.21650695800781,63191100,0.053412062804458316,0.09986540798866983,,,,97.21650695800781,0.0,,False
2023-01-23,GOOGL,97.14708656455124,99.21995846507203,96.70077830680043,98.97200775146484,40005100,0.01805764111865593,0.11972638280495329,,,,98.97200775146484,0.0,,False
2023-01-24,GOOGL,97.29585441335684,98.79347877926642,96.40323036854797,96.89913177490234,33078500,-0.020944063110933664,0.09627476277650882,,,,98.97200775146484,-2.094406311093371,,False
2023-01-25,GOOGL,94.78659786716852,95.37176548216979,92.99143713393819,94.43946838378906,42330000,-0.025383750566796648,0.06844719764551566,,,,98.97200775146484,-4.579617480386718,,False
2023-01-26,GOOGL,95.70896843494373,96.77019710869844,94.59814659536165,96.7206039428711,30114000,0.024154472680975037,0.09425497629210855,,,,98.97200775146484,-2.274788457608538,,False
2023-01-27,GOOGL,96.5123239826297,99.49765240364174,96.5123239826297,98.5554428100586,33879800,0.018970506721311065,0.11501354767468608,,,,98.97200775146484,-0.4208916752020569,,False
2023-01-30,GOOGL,96.6809526011061,97.48431055014791,95.60980362447982,96.14537811279297,27226200,-0.024453897507319078,0.0877471206605771,,,,98.97200775146484,-2.855988984046895,,False
2023-01-31,GOOGL,96.07592504101974,98.06944291132294,96.02633188197882,98.02976989746094,29870700,0.019599400633250275,0.10906631226606822,,,,98.97200775146484,-0.9520245930243448,,False
2023-02-01,GOOGL,97.90084104880061,100.36051500989419,96.78010675117609,99.60674285888672,35531100,0.016086674110071808,0.12690750059795164,,,,99.60674285888672,0.0,,False
2023-02-02,GOOGL,104.93274207361436,106.9659333278878,104.74429711518005,106.8568344116211,69883800,0.0727871562169804,0.20893189288606173,,,0.025146002210307952,106.8568344116211,0.0,,False
2023-02-03,GOOGL,102.08625562934304,106.92625024321528,101.73912618609937,103.92108917236328,65309300,-0.027473631007531862,0.17571814414767295,,,0.026028220543295517,106.8568344116211,-2.7473631007531876,,False
2023-02-06,GOOGL,101.56060192669277,103.50453438595648,101.0448602652804,102.05650329589844,31999600,-0.017942324231920326,0.1546230280000238,,,0.025842330907560187,106.8568344116211,-4.49230144440869,,False
2023-02-07,GOOGL,102.37388574345306,107.29322670020932,102.27470697729218,106.75765228271484,49010200,0.046064178518698595,0.20780978928361726,,,0.027088252869803788,106.8568344116211,-0.09281776823388992,,False
2023-02-08,GOOGL,101.2134745048074,102.29453587919534,97.23634332555855,98.5554428100586,94743500,-0.07683017842070206,0.1150135476746863,,,0.03311148562977055,106.8568344116211,-7.768704404610073,,False
2023-02-09,GOOGL,99.18027172399981,99.21002459482034,92.8624856911135,94.2311782836914,119455000,-0.04387646590661809,0.06609069376472054,,,0.03487967394866464,106.8568344116211,-11.815487701324416,,False
2023-02-10,GOOGL,94.6675682304884,95.95691481547425,93.47740797269714,93.79478454589844,54980700,-0.004631097113942162,0.061153524229626166,,,0.03418138319315928,106.8568344116211,-12.223878741725207,,False
2023-02-13,GOOGL,93.96338902898977,94.4196173792314,93.07076505379771,93.83445739746094,50076100,0.0004229750273916366,0.061602365670603954,,,0.03415293390951328,106.8568344116211,-12.18675163443165,,False
2023-02-14,GOOGL,93.65593419962755,94.0724895395363,91.50372404324449,93.90388488769531,54726100,0.0007398933415290188,0.06238783819231508,,,0.03409804762685413,106.8568344116211,-12.121779196667928,,False
2023-02-15,GOOGL,93.7154564028432,96.32390294223067,93.37824703993631,96.14537811279297,50169000,0.023870079792527976,0.08774712066057688,,,0.034328062142121744,106.8568344116211,-10.024119054066992,,False
2023-02-16,GOOGL,94.58823713954602,96.8792992195654,93.96339652364621,94.72708892822266,42462600,-0.014751506649715918,0.07170121177694311,,,0.03454190698667656,106.8568344116211,-11.351398860154967,,False
2023-02-17,GOOGL,94.07248521564689,94.77666422937034,92.44592938203277,93.57658386230469,34284100,-0.0121454705188897,0.05868489630424789,,,0.03442115124664915,106.8568344116211,-12.428077831839765,,False
2023-02-21,GOOGL,92.23765518012942,92.33683394114578,90.96814887866952,91.0375747680664,33629300,-0.027132953453124165,0.029959648291299157,,,0.03276288085365176,106.8568344116211,-14.804162719829067,,False
2023-02-22,GOOGL,90.94831301648848,91.35495579337403,89.86725160509873,90.89872741699219,30884000,-0.0015251653114437547,0.028388789563538408,,,0.03242212752016737,106.8568344116211,-14.934100455528188,,False
2023-02-23,GOOGL,91.1665064831145,91.18634677544837,89.02421648917793,90.14495086669922,41206400,-0.00829248738362487,0.01986088850062151,,,0.03219939148166085,106.8568344116211,-15.639508354277426,,False
2023-02-24,GOOGL,88.70683991186095,89.15314812025682,87.85388894602733,88.39937591552734,36585100,-0.019364090105868703,0.00011221036024422482,,,0.03201587227622953,106.8568344116211,-17.273072515880585,,False
2023-02-27,GOOGL,89.1333236694336,89.42094740013515,88.6076618097586,89.1333236694336,27502300,0.008302635016423698,0.00841577701833418,,,0.03153547577492167,106.8568344116211,-16.5862210309498,,False
2023-02-28,GOOGL,88.59775024323443,90.48217716813194,88.58783009603324,89.32176208496094,30142000,0.0021141185784365746,0.010547687547317164,,,0.03114954095504701,106.8568344116211,-16.409874411133735,,False
2023-03-01,GOOGL,89.24241850559551,90.28380689652273,88.93495449477956,89.61930084228516,31111200,0.003331089203560511,0.013913912038989062,,,0.030835229152893287,106.8568344116211,-16.13142824626039,,False
2023-03-02,GOOGL,88.92503489270483,91.52355315835904,88.85560143860462,91.245849609375,32204400,0.018149536448095027,0.032315979540771256,,,0.03078394216564453,106.8568344116211,-14.609252546366225,,False
2023-03-03,GOOGL,91.7219244117424,92.96167788657921,91.69216397218837,92.88233184814453,35160100,0.01793486767645147,0.050830430034121354,,,0.03084369292452136,106.8568344116211,-13.077780789992016,,False
2023-03-06,GOOGL,93.2492875940104,95.1833074213031,93.22945486919875,94.35018920898438,32639300,0.015803407727097873,0.06743713177199218,,,0.025977728434392677,106.8568344116211,-11.704113519272074,,False
2023-03-07,GOOGL,94.20143621358584,94.8857750214838,92.76331756858707,93.09061431884766,27835500,-0.013349998560647003,0.05318684759925496,,,0.025562141072569766,106.8568344116211,-12.882863476700848,,False
2023-03-08,GOOGL,93.34848534799025,95.17339892826718,93.22946628398542,93.4774169921875,34103300,0.00415511999969187,0.0575629653331271,,,0.02545342964464388,106.8568344116211,-12.520881320417004,,False
2023-03-09,GOOGL,93.27905456209555,94.74691844025844,91.14667706997915,91.563232421875,28813500,-0.0204775081715457,0.035906711068594,,,0.022946371653644323,106.8568344116211,-14.312235688017777,,False
2023-03-10,GOOGL,91.41446217961779,92.02938263914514,89.65897455457669,89.8870849609375,35941000,-0.01830590092336082,0.016943505449927843,,,0.01676644391520234,106.8568344116211,-15.880827411857211,,False
2023-03-13,GOOGL,89.35150848107031,91.81118269560834,88.687002437022,90.36315155029297,37335600,0.005296273536541385,0.022329516426000007,,,0.01418973424711725,106.8568344116211,-15.435309264162866,,False
2023-03-14,GOOGL,91.80125398569051,93.58650184316622,91.6822425064281,93.19969940185547,36050200,0.03139053699320993,0.05442098893062086,,,0.01591513951538691,106.8568344116211,-12.78077821130022,,False
2023-03-15,GOOGL,92.45584959444147,96.13543673086967,91.88060220810499,95.32215881347656,50622100,0.022773243103172858,0.07843357444462584,93.54921737670898,,0.016686296562997176,106.8568344116211,-10.794513670236604,40145884.0,True
2023-03-16,GOOGL,95.41142015117943,100.36052125064333,94.71716126290511,99.49765014648438,65492000,0.043803994632331866,0.12567327295092467,93.77138122558594,,0.019134579586400302,106.8568344116211,-6.886957025873095,40893100.0,True
2023-03-17,GOOGL,99.43815015945079,101.9969956149556,99.27945808045726,100.78700256347656,61028500,0.012958621787489077,0.14026044715138064,94.03996154785156,,0.018680352360660173,106.8568344116211,-5.680340318489177,41416574.0,True
2023-03-20,GOOGL,99.29930009920032,100.9159359560501,99.05134939660562,100.3902816772461,32960400,-0.003936230626370829,0.13577211905726405,94.33789932250977,,0.018329264160991766,106.8568344116211,-6.0516042515964115,41531894.0,False
2023-03-21,GOOGL,100.42002246352078,104.23846131049126,100.39026959348749,104.0599365234375,42110300,0.03655388534509063,0.17728900287543392,94.68661712646484,,0.019377583359883405,106.8568344116211,-2.6174253650540673,41546470.0,True
2023-03-22,GOOGL,103.41526038657393,105.71624226306058,102.48297102840904,102.52264404296875,43427400,-0.014773144514868108,0.15989674230019024,94.99110076904297,,0.0185133596815711,106.8568344116211,-4.0560722133660585,41834940.0,True
2023-03-23,GOOGL,104.19880057571585,105.42864150563719,103.60372040435178,104.734375,40797800,0.021573097120908047,0.1849193073720572,95.33188430786133,,0.018738972831463658,106.8568344116211,-1.986264541063616,42041540.0,False
2023-03-24,GOOGL,104.1293526258324,104.62525392473968,102.98877812497498,104.57566833496094,30393300,-0.0015153254606146138,0.1831237689768226,95.60800186157226,,0.018520694680384656,106.8568344116211,-2.1347872498944915,42112166.0,False
2023-03-27,GOOGL,103.7624149352095,103.90126672624382,101.0944628976051,101.6201171875,31120900,-0.028262321384302957,0.14968594478059183,95.83274444580078,,0.01924774008385411,106.8568344116211,-4.900685344981154,42129422.0,False
2023-03-28,GOOGL,101.60028121184264,101.61019379170308,98.92240911282488,100.20183563232422,32057900,-0.013956700645787468,0.13364012221261978,96.00948379516602,,0.019768693474779504,106.8568344116211,-6.227958011240803,42243996.0,False
2023-03-29,GOOGL,101.44158753942646,101.64986521604924,99.82495172553267,100.55888366699219,28779600,0.003563288361084549,0.13767960886575858,96.20982803344727,,0.019757804058206867,106.8568344116211,-5.893821185427125,42167540.0,False
2023-03-30,GOOGL,100.0828209446528,100.33077163663715,98.96207897409658,100.06298065185547,33086200,-0.004931468976713593,0.13206917716919753,96.40362609863281,,0.019892147118579586,106.8568344116211,-6.357902886768249,42246930.0,False
2023-03-31,GOOGL,100.46962623998861,103.03839184898722,100.21175539436457,102.87970733642578,36863400,0.028149538083124037,0.16393640158465272,96.61547515869141,,0.020326315250574163,106.8568344116211,-3.7219211078957293,42244190.0,False
2023-04-03,GOOGL,101.55069427340956,103.67315178936734,101.09446586563742,103.50454711914062,25035400,0.0060734988356019315,0.1710055679643918,96.74123596191406,,0.020139876494602325,106.8568344116211,-3.1371763078505484,41481076.0,False
2023-04-04,GOOGL,103.47479264955223,104.71454620597783,103.18716891643886,103.8615951538086,24420100,0.0034495879128573215,0.1750450546175304,96.83902770996093,,0.019999550525140165,106.8568344116211,-2.8030394820368705,41169376.0,False
2023-04-05,GOOGL,104.91290680452715,105.23028342154355,102.8102895543644,103.6136474609375,28290500,-0.00238728947407274,0.17223988192708073,96.97331802368164,,0.019642740570216775,106.8568344116211,-3.035076762793269,41073616.0,False
2023-04-06,GOOGL,104.39716471996435,108.27510972849137,103.47478781441008,107.53125762939453,48711500,0.03780978919725775,0.216562024751362,97.23515380859375,,0.020879083916576682,107.53125762939453,0.0,41201246.0,True
2023-04-10,GOOGL,106.10307169779246,106.70806447179427,104.25831780056538,105.56749725341797,27067400,-0.018262228297790783,0.1943448913169301,97.41209167480469,,0.020738984613780823,107.53125762939453,-1.8262228297790808,41140314.0,False
2023-04-11,GOOGL,105.6765952509876,105.85512006422364,103.82192122274951,104.4864273071289,26311800,-0.01024055674725266,0.18211413468160775,97.5307113647461,,0.020317246972789988,107.53125762939453,-2.8315769659828622,40988954.0,False
2023-04-12,GOOGL,105.70634162712136,105.87494628290851,103.48469796190201,103.78224182128906,24370300,-0.006739492429671756,0.1741472854199131,97.68344863891602,,0.020547630768147484,107.53125762939453,-3.486442817423764,40931836.0,False
2023-04-13,GOOGL,104.9723919871335,106.6088679220058,104.9723919871335,106.54936218261719,24843600,0.026662753788774918,0.2054532854028226,97.85384048461914,,0.020289166108557202,107.53125762939453,-0.913125604985889,40831294.0,False
2023-04-14,GOOGL,106.01379677904549,108.04699547084493,105.96420361413152,107.97756958007812,26578000,0.013404185329735752,0.22161140464670082,98.02125701904296,,0.020016668172432275,107.97756958007812,0.0,40652232.0,False
2023-04-17,GOOGL,103.80206696391113,105.28977091000068,103.66320763410415,105.10132598876953,37571200,-0.0266374174052465,0.1890708317541172,97.98614685058594,,0.019278515197977183,107.97756958007812,-2.6637417405246553,40005980.0,False
2023-04-18,GOOGL,105.61707218442865,105.66666534841484,103.2169113578442,103.64338684082031,26596400,-0.013871748374563841,0.17257634037649083,97.98059280395508,,0.019459020772856175,107.97756958007812,-4.0139658228216595,39231722.0,False
2023-04-19,GOOGL,102.7309239306776,104.11944920307992,102.225102442597,103.32600402832031,20905700,-0.0030622582122624697,0.1689856088486683,98.00598281860351,,0.01944771995167408,107.97756958007812,-4.307899844243232,39009844.0,False
2023-04-20,GOOGL,103.05822535639409,105.37904011363008,103.01855233915232,104.42691040039062,27820800,0.01065468835675265,0.18144078620447956,97.95936798095703,,0.0178746758784441,107.97756958007812,-3.28833033888049,38586056.0,False
2023-04-21,GOOGL,104.6054346972307,105.13108893118996,103.92108839505883,104.54592895507812,25800100,0.001139730690405072,0.18278731052741315,98.07917770385743,,0.017536991213517514,107.97756958007812,-3.1781050808474007,37207188.0,False
2023-04-24,GOOGL,104.6252573966053,105.75591179028507,103.84173241030905,105.10132598876953,23542800,0.00531246925865525,0.18907083175411765,98.29658065795898,,0.016935427229627147,107.97756958007812,-2.6637417405246553,35288944.0,False
2023-04-25,GOOGL,104.96248334111876,105.8154342829649,102.98879048643646,102.99871063232422,46664100,-0.020005602561760094,0.1652827532762633,98.4806591796875,,0.017505725275146912,107.97756958007812,-4.61101223811256,35122612.0,True
2023-04-26,GOOGL,104.05995914905576,105.47823760823108,101.78872958481804,102.85987854003906,53347600,-0.0013479012643250465,0.163712067179826,98.66116760253907,,0.016322811847629258,107.97756958007812,-4.739587175319491,35188042.0,True
2023-04-27,GOOGL,103.59378617149903,107.48165840059524,102.69124967380353,106.70804595947266,50089200,0.03741174376300349,0.20724856485107268,98.91725082397461,,0.017798297321201147,107.97756958007812,-1.1757290199646206,35095304.0,True
2023-04-28,GOOGL,106.16256960456029,106.47002604243367,104.22854965938166,106.4601058959961,36139800,-0.0023235367234700766,0.20444347847628475,99.12354537963867,,0.017837774095811283,107.97756958007812,-1.4053508427568864,34814720.0,True
2023-05-01,GOOGL,105.96420132305943,107.1047759897289,105.9443685976354,106.32125091552734,26681700,-0.0013042912112486427,0.2028725334328625,99.35542861938477,,0.017775914835186663,107.97756958007812,-1.5339469771288243,34499102.0,False
2023-05-02,GOOGL,106.2617379751714,106.32124371426752,102.85985449785488,104.45665740966797,30997200,-0.01753735485430663,0.18177733096955162,99.57303009033203,,0.01733984632609738,107.97756958007812,-3.2607810900938867,34433364.0,False
2023-05-03,GOOGL,104.66494043938329,106.60887287386203,104.09961318837087,104.54592895507812,21795400,0.0008546276285679166,0.18278731052741337,99.84319717407226,,0.01729883935795446,107.97756958007812,-3.1781050808474007,34196686.0,False
2023-05-04,GOOGL,104.62527054996112,104.73436945840507,103.117733691147,103.83183288574219,23419500,-0.006830453146030924,0.174708337221136,100.10185928344727,,0.01736005175748068,107.97756958007812,-3.8394424976026005,34047396.0,False
2023-05-05,GOOGL,103.9607682679493,105.01207680519784,103.25658919423994,104.70462036132812,26639300,0.008405779338850339,0.18458267629132474,100.39305267333984,,0.017441421305397102,107.97756958007812,-3.0311380701366146,33756054.0,False
2023-05-08,GOOGL,104.3178158732233,107.07502636899285,104.29798314719713,106.88658142089844,26511400,0.02083920510900583,0.20926843765113468,100.76279678344727,,0.01596378624034964,107.97756958007812,-1.0103840671933173,33554580.0,False
2023-05-09,GOOGL,107.50149217757128,109.24706701792465,106.31133198501676,106.47001647949219,36360100,-0.0038972613387820987,0.20455560252086746,101.10953063964844,,0.015449046157621472,107.97756958007812,-1.396172470309131,33731736.0,True
2023-05-10,GOOGL,107.08494816131481,112.01420922516127,107.04527514179809,110.8339614868164,63153400,0.04098754890457612,0.25392738418747274,101.53977462768555,,0.017564858964983117,110.8339614868164,0.0,34391964.0,True
2023-05-11,GOOGL,114.45404112299883,116.95338077292648,113.4721584998331,115.61444854736328,78900000,0.043131969627518085,0.30801174203736004,102.05967758178711,,0.019457604997267394,115.61444854736328,0.0,35347740.0,True
2023-05-12,GOOGL,115.7235547629223,117.06248707301147,115.15822745124665,116.5467529296875,41102300,0.008063908914829776,0.3185594295846772,102.56569564819335,,0.01885203467207505,116.5467529296875,0.0,35525698.0,True
2023-05-15,GOOGL,115.15821666094425,117.50879187706043,115.05903790038903,115.55493927001953,36266800,-0.008510006797583847,0.30733847987589336,103.01914779663086,,0.018937754689268595,116.5467529296875,-0.8510006797583872,35547832.0,True
2023-05-16,GOOGL,115.535101164742,119.76018303268906,115.47559542065336,118.53034973144531,45035600,0.025748881702694515,0.3410009837395982,103.50275100708008,,0.0182194217969733,118.53034973144531,0.0,35795758.0,True
2023-05-17,GOOGL,118.62953592633984,120.67264731450432,117.91543668511788,119.84944915771484,33323600,0.011128790468080352,0.3559247027051258,104.03792770385742,,0.017671582484596174,119.84944915771484,0.0,35905520.0,False
2023-05-18,GOOGL,119.95852631074288,122.29918114706648,119.83951483669996,121.8231201171875,35234200,0.016467918487263367,0.3782539601841406,104.60484176635742,,0.017624506900817086,121.8231201171875,0.0,35928138.0,False
2023-05-19,GOOGL,122.53723296740392,124.93739380984856,121.1487076020142,121.75370788574219,41353400,-0.0005697788020742056,0.3774686602937529,105.20865127563476,,0.017710557543908226,121.8231201171875,-0.05697788020742003,36178936.0,True
2023-05-22,GOOGL,121.93224352318924,125.39363331471273,121.73387841515391,124.02494812011719,35253000,0.01865438247274076,0.40316448752708633,105.89140853881835,,0.01780897655208689,124.02494812011719,0.0,36165176.0,False
2023-05-23,GOOGL,123.14223409458985,123.60837503480265,121.20821417591823,121.55534362792969,34046300,-0.019912159042354216,0.37522445308886354,106.5152523803711,,0.018842518070895035,124.02494812011719,-1.9912159042354185,36099390.0,False
2023-05-24,GOOGL,120.12715625884692,120.9106813684256,118.87748262878495,119.9089584350586,34182600,-0.013544325931984846,0.35659796486659245,107.04943756103516,,0.018425630142107567,124.02494812011719,-3.3186788202259843,36062038.0,False
2023-05-25,GOOGL,123.49927982509996,124.29272508219533,120.96026710936242,122.46781158447266,42317000,0.02133996644462477,0.3855477199156918,107.59235061645508,,0.01855026121236304,124.02494812011719,-1.2555026704276118,35895936.0,True
2023-05-26,GOOGL,122.16034076709491,124.23321241314245,121.44624158887478,123.58853912353516,35635900,0.00915120083034604,0.3982271453606683,108.0741683959961,,0.017333539321626498,124.02494812011719,-0.35187194447311726,35298814.0,True
2023-05-30,GOOGL,124.610087217516,124.62992750841212,120.99992609351675,122.65623474121094,35076700,-0.007543615200373166,0.3876794578133511,108.51155303955078,,0.01751283173324955,124.02494812011719,-1.1035790779615258,34779778.0,True
2023-05-31,GOOGL,121.74378917189807,123.04304837018027,121.49583848112029,121.86280822753906,37325800,-0.00646870104357844,0.3787029742564416,108.94100357055665,,0.017669518752878238,124.02494812011719,-1.7433104591860902,34867086.0,True
2023-06-01,GOOGL,121.8132170497212,123.40009998321423,121.6148595206051,122.70584106445312,30772700,0.00691788453898079,0.38824068224589703,109.31392166137695,,0.016778079847511965,124.02494812011719,-1.0635820257602668,34640334.0,False
2023-06-02,GOOGL,122.97362980848881,125.11592753657705,122.74551939681675,123.64805603027344,26980100,0.0076786480386488165,0.3989004938377969,109.73642990112305,,0.016702152734584683,124.02494812011719,-0.3038840939314347,34311388.0,False
2023-06-05,GOOGL,122.99346805796284,126.38543183753264,122.82485583017811,124.9770736694336,32305500,0.010748390891279103,0.41393642316356893,110.14128387451171,,0.01635039820401589,124.9770736694336,0.0,34141542.0,False
2023-06-06,GOOGL,124.97706418870804,127.2383656366913,124.3323909005138,126.26640319824219,26638300,0.010316528391590474,0.4285233384170397,110.57509857177735,,0.016352293000552832,126.26640319824219,0.0,34066442.0,False
2023-06-07,GOOGL,125.92920166945693,127.9822255786917,121.11895964321234,121.49584197998047,52539000,-0.03778171467173097,0.3745512772430586,110.97261306762695,,0.019029356418426832,126.26640319824219,-3.778171467173092,34494804.0,True
2023-06-08,GOOGL,121.22806776750527,122.21987063454354,120.2461774810015,121.13880157470703,29389200,-0.0029387047281195233,0.37051187690558174,111.39135238647461,,0.01900483013942605,126.26640319824219,-4.060939009630822,34441430.0,False
2023-06-09,GOOGL,121.24787532634652,122.74549946341146,120.91066605364323,121.22804260253906,23778300,0.0007366840902498506,0.3715215112007966,111.80473556518555,,0.017287548901673708,126.26640319824219,-3.9902622297656976,34341404.0,False
2023-06-12,GOOGL,121.7834720869418,123.03314578873348,120.66273759761951,122.62650299072266,28306400,0.011535782960454322,0.3873430856796032,112.2560060119629,,0.014969392314736022,126.26640319824219,-2.8827147327581466,34245808.0,False
2023-06-13,GOOGL,123.95551612909149,124.13404093411759,122.17026807883049,122.81494140625,22278300,0.0015366858789211957,0.38947499620858594,112.65471069335938,,0.01492483987256291,126.26640319824219,-2.7334759718888044,33954106.0,False
2023-06-14,GOOGL,122.09090752033342,123.03312459969855,120.45443159668147,122.65623474121094,30592300,-0.0012922423218367785,0.3876794578133511,113.03774444580078,,0.01473802850880773,126.26640319824219,-2.8591678907358857,34065244.0,False
2023-06-15,GOOGL,122.13058581448757,124.43156781239826,121.39665392353744,124.0645980834961,35246300,0.011482199378259228,0.4036130700210787,113.44180450439453,,0.013941759473343335,126.26640319824219,-1.7437774886873043,34281768.0,True
2023-06-16,GOOGL,124.89771540429278,125.07624019452584,122.26943671297158,122.51738739013672,45535600,-0.012471008791066218,0.38610859908559036,113.81987930297852,,0.0141415911811039,126.26640319824219,-2.969131703402842,34626670.0,True
2023-06-20,GOOGL,121.92233007746205,123.54888621847863,121.13880488308062,122.09093475341797,26097500,-0.0034807519634807438,0.3812838988577256,114.11107284545898,,0.013724696609882786,126.26640319824219,-3.306872088744465,34174390.0,False
2023-06-21,GOOGL,121.39666224993185,121.65453309243799,119.11551282046045,119.56182861328125,30306300,-0.020714937970166658,0.3526706885736979,114.39095947265625,,0.014464892184362386,126.26640319824219,-5.309864235567514,34239168.0,False
2023-06-22,GOOGL,119.01633037340913,122.22976917477193,117.85592296831348,122.14051055908203,26952200,0.02156776937680882,0.3818447780276246,114.74404113769532,,0.014672923861888666,126.26640319824219,-3.267609225141526,34251976.0,False
2023-06-23,GOOGL,120.3850207964695,121.78346637257002,120.06764420404919,121.33715057373047,34913600,-0.006577342616911341,0.3727559114791472,115.09513931274414,,0.014072804951839964,126.26640319824219,-3.9038513014207257,34462842.0,True
2023-06-26,GOOGL,119.77011027896118,120.99994365310945,117.30051581692196,117.36994171142578,33969900,-0.03269574770419559,0.327872630537982,115.31155090332031,,0.015539202409584684,126.26640319824219,-7.0457867346143415,34645368.0,False
2023-06-27,GOOGL,116.12025493940276,118.1038602199521,115.14828502251798,117.3600082397461,39535900,-8.463386395907158e-05,0.3277602475464141,115.49919967651367,,0.01468573961824706,126.26640319824219,-7.053653808854266,34904526.0,True
2023-06-28,GOOGL,116.1301803056411,119.4031324056984,115.89214976448287,119.19485473632812,27091400,0.01563434192023716,0.34851890524465357,115.78107025146484,,0.014995060010415822,126.26640319824219,-5.600498852265168,34694930.0,False
2023-06-29,GOOGL,118.2625700557701,119.0758480924374,117.33028051954751,118.12371826171875,24090900,-0.008986432149096113,0.3364005316008991,116.07067687988281,,0.015026858815846743,126.26640319824219,-6.448813564237803,34644820.0,False
2023-06-30,GOOGL,119.1849366580173,120.08748080780242,118.708875567441,118.71878814697266,29532200,0.005037683320596509,0.3431328942685812,116.37853256225586,,0.015053377544789517,126.26640319824219,-5.977532312708346,34817350.0,False
2023-07-03,GOOGL,118.26256653867198,119.20478376097655,117.84601116890617,118.91716003417969,14467900,0.0016709392868923256,0.34537718778913185,116.66833755493164,,0.014956267787699904,126.26640319824219,-5.82042647759908,34550292.0,False
2023-07-05,GOOGL,118.26256411758469,121.60494228794853,118.25265153768966,120.75199127197266,27584800,0.015429490893203335,0.36613567285604787,116.99245880126954,,0.01528317751910899,126.26640319824219,-4.36728360560943,34585986.0,False
2023-07-06,GOOGL,118.81797081927608,119.31387218735846,117.42944547527459,119.12542724609375,24745200,-0.013470287394394598,0.3477334327229422,117.27294082641602,,0.015264843121108634,126.26640319824219,-5.655483779748508,34610034.0,False
2023-07-07,GOOGL,119.1155079508008,120.05772509699975,118.42124905726847,118.50059509277344,21709500,-0.005245161908460694,0.34066435265886486,117.582978515625,,0.015003926539143442,126.26640319824219,-6.150336042499119,34110942.0,False
2023-07-10,GOOGL,117.33027117785484,117.34018375745839,115.18797355416356,115.49542999267578,35315200,-0.025359915684346812,0.3066652177144267,117.83568954467773,,0.013753122740050663,126.26640319824219,-8.530355607465625,33750294.0,True
2023-07-11,GOOGL,115.33674061449469,116.74509867791642,114.40444362500358,116.17977142333984,23078800,0.005925268477787071,0.3144075599399707,118.02512405395508,,0.01386866770944924,126.26640319824219,-7.988373406872149,33210086.0,False
2023-07-12,GOOGL,117.82615413802016,119.34361093405977,117.43935172204353,117.95508575439453,30404400,0.015280752486469762,0.3344926965297581,118.25502365112305,,0.014361134369635315,126.26640319824219,-6.582366515025084,33095378.0,False
2023-07-13,GOOGL,119.938710617678,123.80674297722868,119.4626419533475,123.51911926269531,44297900,0.04717078091813853,0.3974417591546193,118.59898101806641,,0.017666592592876475,126.26640319824219,-2.175783792014376,33447702.0,True
2023-07-14,GOOGL,123.77698624657505,125.74075145445121,122.47771949840582,124.39189910888672,33283100,0.007065949396345861,0.40731601190914635,118.99768585205078,,0.01772403180966523,126.26640319824219,-1.4845628305515592,33493420.0,False
2023-07-17,GOOGL,124.90764611490182,126.05813341949313,123.18190380773267,123.62821960449219,25716200,-0.006139302558006987,0.39867607311730824,119.37933166503906,,0.01778350662329585,126.26640319824219,-2.0893789059691277,33571836.0,False
2023-07-18,GOOGL,123.57862461739118,123.65797065567115,121.95206866692536,122.74551391601562,26193600,-0.00714000162180195,0.38868952368687504,119.75760528564453,,0.01767380340907506,126.26640319824219,-2.788460899372145,33627318.0,False
2023-07-19,GOOGL,123.57861868845079,124.1538660880998,120.80157558357863,121.0296859741211,37224000,-0.013978742580103787,0.36927739031156936,120.08410659790039,,0.017728435726360812,126.26640319824219,-4.147355980275517,33839012.0,True
2023-07-20,GOOGL,120.42470399718223,123.07281587345547,117.25093780466625,118.222900390625,37906800,-0.023190885450171672,0.3375226352033438,120.31083297729492,,0.018406638521195513,126.26640319824219,-6.370263667833031,34066920.0,True
2023-07-21,GOOGL,119.6312510365837,119.99821321316037,117.75674443491287,119.03616333007812,72937900,0.006879064350189257,0.3467235394807424,120.56215591430664,,0.017935619142127796,126.26640319824219,-5.726178686512801,34798476.0,True
2023-07-24,GOOGL,120.66272215495184,121.99173416334048,119.98829600487059,120.53378295898438,29686100,0.01258121554836622,0.3636669586150083,120.75615234375,,0.01749566923466785,126.26640319824219,-4.54009941999965,34129130.0,False
2023-07-25,GOOGL,120.36518297759501,122.14051081744289,120.02796610605938,121.20821380615234,52509600,0.005595367793255646,0.37129717679596963,120.86802764892577,,0.01748538870431943,126.26640319824219,-4.005966166746928,33601322.0,True
2023-07-26,GOOGL,129.00380296662527,129.90633205152977,127.26814799253995,128.21035766601562,61682100,0.0577695491087904,0.45051639639363006,121.10129974365235,,0.019970372349196644,128.21035766601562,0.0,34012918.0,True
2023-07-27,GOOGL,130.59066029279523,132.14779780312753,127.73426366088836,128.33926391601562,44952100,0.0010054277388087396,0.4519747858141612,121.35698623657227,,0.019959540772263435,128.33926391601562,0.0,34186624.0,True
2023-07-28,GOOGL,129.7079618698937,132.64370465595107,129.49969176817697,131.4932098388672,36591200,0.02457506632510742,0.4876571624779278,121.6162434387207,,0.020302358459821437,131.4932098388672,0.0,34017736.0,True
2023-07-31,GOOGL,131.64196213896054,132.43540728957092,130.69975264360772,131.63204956054688,28055500,0.0010558698951057544,0.4892279348900266,121.85189544677735,,0.020076432607997532,131.63204956054688,0.0,33912374.0,False
2023-08-01,GOOGL,129.70797201734953,131.5428132938943,129.6087856815379,130.47166442871094,23166800,-0.008815369324642996,0.47609984063539557,122.02486633300781,,0.02031367329908982,131.63204956054688,-0.8815369324643042,33671026.0,False
2023-08-02,GOOGL,128.3888654416219,129.0236186085389,126.51435881324909,127.32764434814453,26273300,-0.02409734017215881,0.44052976064753513,122.13634506225586,,0.02126183563672668,131.63204956054688,-3.2700282543442767,33369424.0,False
2023-08-03,GOOGL,126.92098790971262,128.32934587418347,126.37549341868682,127.39704895019531,20089500,0.0005450866730951631,0.44131497422226107,122.20378707885742,,0.02109066972449575,131.63204956054688,-3.217302035856842,33066154.0,False
2023-08-04,GOOGL,128.2202600170075,130.43197594152576,126.86149507419762,127.05985260009766,26147200,-0.0026468144503840607,0.4375000809209346,122.31387725830078,,0.020804453778632423,131.63204956054688,-3.473467879375488,32908172.0,False
2023-08-07,GOOGL,128.1012301171621,130.53114351104958,127.96237835561729,130.45179748535156,22746300,0.026695646310322507,0.47587507465226,122.52473403930664,,0.02131158444073055,131.63204956054688,-0.8966297183213204,32679446.0,False
2023-08-08,GOOGL,129.54927103822243,130.43197488498015,128.4781222465879,130.3228759765625,23535200,-0.000988269316898771,0.4744165126004054,122.68183532714843,,0.02022291484078148,131.63204956054688,-0.994570538371959,32303810.0,False
2023-08-09,GOOGL,130.58075827957177,130.9576330468754,127.94255923989908,128.59715270996094,24912900,-0.013241905948361055,0.45489242781184025,122.78200759887696,,0.020652508375228064,131.63204956054688,-2.305591123679932,32089350.0,False
2023-08-10,GOOGL,130.243519851709,130.96753148534117,128.38883876777422,128.6268768310547,20857800,0.00023114136252133655,0.4552287136299267,122.90142044067383,,0.02054043716734372,131.63204956054688,-2.283009904901539,31804972.0,False
2023-08-11,GOOGL,127.60535409901688,128.86493278064867,127.11936527043054,128.4979705810547,19591100,-0.0010021719657339334,0.4537703242093958,123.03412368774414,,0.01805656586210724,131.63204956054688,-2.380939132950751,31450278.0,False
2023-08-14,GOOGL,128.32933382192084,130.29309867147586,127.90286598134887,130.25343322753906,24695600,0.01366140366689339,0.4736308674473708,123.18507553100586,,0.01820517506570766,131.63204956054688,-1.0473257368629587,31328736.0,False
2023-08-15,GOOGL,130.0253428626258,130.3427118640274,128.22025464503122,128.71615600585938,19770700,-0.011802201167275372,0.4562387795034504,123.28643753051757,,0.018378329129911053,131.63204956054688,-2.2151851045563755,31184548.0,False
2023-08-16,GOOGL,127.64503479003906,129.21208524439461,126.8218441042689,127.64503479003906,25216100,-0.008321575543100868,0.4441205784910194,123.33979675292969,,0.018409751149175875,131.63204956054688,-3.028908828676942,31042760.0,False
2023-08-17,GOOGL,128.7359842548602,130.90803443349202,128.23015522856085,128.85499572753906,33446300,0.009479106958529604,0.4578095519155494,123.39156860351562,,0.018099245567703846,131.63204956054688,-2.109709483578655,31178920.0,True
2023-08-18,GOOGL,127.45657242122108,128.19051194159474,125.34403518060337,126.4151840209961,30504800,-0.01893455269442479,0.4302065801363686,123.48995544433593,,0.017811162727667675,131.63204956054688,-3.9632183476343856,30738236.0,False
2023-08-21,GOOGL,126.13747078000077,127.6747604625636,125.52255036686307,127.31771087646484,25248700,0.007139386478437926,0.4404173776559672,123.6135336303711,,0.017813836493129804,131.63204956054688,-3.2775746472727842,30655426.0,False
2023-08-22,GOOGL,127.45656155015928,129.21205659443743,127.2681317464859,128.0218963623047,22054900,0.005530931093499669,0.4483842269176619,123.7494107055664,,0.017697343833942954,131.63204956054688,-2.7426095774506822,30620958.0,False
2023-08-23,GOOGL,129.11284687530255,132.3163799629251,128.8053905105283,131.28489685058594,27819700,0.025487831230423863,0.48530039965014726,123.92257858276368,,0.018361945766254696,131.63204956054688,-0.263729624449293,30611224.0,False
2023-08-24,GOOGL,132.85197153912117,133.14951538235977,128.50788590918833,128.71615600585938,28500700,-0.019566156552265235,0.4562387795034504,124.04060287475586,,0.014348619143151616,131.63204956054688,-2.2151851045563755,30735672.0,False
2023-08-25,GOOGL,128.47812893761383,129.6881295726403,126.20690716881097,128.8153533935547,26762900,0.0007706677294714304,0.4573610557372185,124.16378524780274,,0.014348121449870585,131.63204956054688,-2.13982550328413,30659084.0,False
2023-08-28,GOOGL,130.23360950918428,131.45352258706555,129.0732021716326,129.93606567382812,20543300,0.008700145213664578,0.47004030855087175,124.28121459960937,,0.013389981233593336,131.63204956054688,-1.2884277745281534,30365024.0,False
2023-08-29,GOOGL,131.15600145683445,135.45050919179718,131.15600145683445,133.46690368652344,43075600,0.02717365647778336,0.5099866789039278,124.5002049255371,,0.01468981335582662,133.46690368652344,0.0,30315824.0,True
2023-08-30,GOOGL,133.67518514236738,135.16288939766932,132.97101360306888,134.76617431640625,28315800,0.009734777641462689,0.5246860634646282,124.75370971679688,,0.014642774491827855,134.76617431640625,0.0,30360190.0,False
2023-08-31,GOOGL,134.89509514927343,136.8687881952977,134.67689731971456,135.0537872314453,30053800,0.00213416249662024,0.5279399912803939,125.06354888916016,,0.013403380823383354,135.0537872314453,0.0,30355140.0,False
2023-09-01,GOOGL,136.3331908056176,136.3331908056176,133.74458543798855,134.54794311523438,21543700,-0.0037455011560990625,0.5222170902766032,125.3116975402832,,0.013473499690892586,135.0537872314453,-0.3745501156099079,30246970.0,False
2023-09-05,GOOGL,134.32977722585983,135.30173975827023,133.47682618982745,134.65707397460938,19403100,0.0008110927365239107,0.5234517495019391,125.57809600830078,,0.013426062885068821,135.0537872314453,-0.29374463683575147,29936760.0,False
2023-09-06,GOOGL,134.90498232917204,135.41079616369348,132.5742403654151,133.35777282714844,18684500,-0.009648963170742375,0.5087520196785917,125.89785263061523,,0.01251045352733931,135.0537872314453,-1.2558066227275577,29631052.0,False
2023-09-07,GOOGL,132.49492113945962,134.46861399155742,131.8601680068501,134.15122985839844,18844300,0.0059498371518129645,0.5177288484981484,126.23367706298828,,0.01254345322356515,135.0537872314453,-0.6682947524456594,29217220.0,False
2023-09-08,GOOGL,133.80410329196144,135.53975798327252,133.74459755250976,135.26205444335938,23558300,0.008280390616869138,0.5302962362142041,126.55502105712891,,0.012155908381296451,135.26205444335938,0.0,29146558.0,False
2023-09-11,GOOGL,135.42074803161276,136.35304508761172,134.676895929534,135.79763793945312,20763400,0.0039595990043017615,0.5363555956674046,126.90849945068359,,0.012148658238121616,135.79763793945312,0.0,29080008.0,False
2023-09-12,GOOGL,135.14303224154853,135.74803250189984,134.08181120803886,134.23057556152344,18405500,-0.011539688036609097,0.518626531380104,127.21873519897461,,0.01251930832010895,135.79763793945312,-1.1539688036609146,28857474.0,False
2023-09-13,GOOGL,133.98265493971294,135.77781583177648,133.05035775884392,135.58938598632812,20749500,0.010122957598299953,0.5339995233649182,127.55217971801758,,0.012379733844390823,135.79763793945312,-0.1533546211001486,28983106.0,False
2023-09-14,GOOGL,136.47205520158755,137.5630290724014,135.1232029476824,136.96795654296875,24751000,0.010167245368156053,0.5495960729136038,127.8764990234375,,0.012080914940812417,136.96795654296875,0.0,28926430.0,False
2023-09-15,GOOGL,136.84894433199983,137.3845263119322,135.36124015129133,136.27369689941406,38919600,-0.005068774194180836,0.5417415203278153,128.2194644165039,,0.0119481818732456,136.96795654296875,-0.5068774194180874,29209918.0,True
2023-09-18,GOOGL,135.49018160432044,138.019281780227,135.49018160432044,137.0770721435547,21861300,0.005895306742383477,0.5508305595076164,128.59099395751954,,0.011879220349308002,137.0770721435547,0.0,29212954.0,False
2023-09-19,GOOGL,136.2935192027612,137.2754092805613,135.50007405103756,136.90843200683594,20353700,-0.0012302577964471428,0.5489226381208137,129.01925399780274,,0.010824889625758513,137.0770721435547,-0.12302577964471019,28913724.0,False
2023-09-20,GOOGL,136.9481276445737,136.9481276445737,132.52468065263594,132.64370727539062,29927500,-0.03115019775576988,0.5006733916349615,129.34853271484374,,0.013207394571149141,137.0770721435547,-3.234213277856707,29050698.0,True
2023-09-21,GOOGL,130.3625454686309,131.14606291971518,129.00378065244968,129.37074279785156,31503900,-0.024674856763041486,0.4636444906482611,129.5768458557129,,0.014398873576303988,137.0770721435547,-5.62189520478861,29072688.0,True
2023-09-22,GOOGL,129.68812598105728,130.94771974828387,128.5376462586181,129.18231201171875,26397300,-0.0014565177725480716,0.4615126664349398,129.69010971069335,,0.013222539004583825,137.0770721435547,-5.759358591762238,28714676.0,False
2023-09-25,GOOGL,128.76575671410941,130.0947688069164,127.90289313849301,130.03526306152344,20094600,0.006602692245725628,0.4711625847846397,129.8029769897461,,0.012571204041124058,137.0770721435547,-5.137116639503854,28450906.0,False
2023-09-26,GOOGL,128.70623529835885,129.29139523509036,126.1771354911184,127.51607513427734,25718700,-0.019373113630371086,0.4426615848608564,129.88073410034178,,0.013301727087389002,137.0770721435547,-6.974906058151388,28450956.0,False
2023-09-27,GOOGL,127.5161024517244,129.8269898246319,127.5161024517244,129.46994018554688,22746500,0.015322499921771149,0.464766766882029,130.01522262573243,,0.013603284756943678,137.0770721435547,-5.549529063504656,28382014.0,False
2023-09-28,GOOGL,128.77566411264445,132.20730825142687,128.72607094890918,131.2254180908203,22513100,0.01355896127516254,0.4846274827513275,130.21913726806642,,0.01252068361981715,137.0770721435547,-4.268878785655853,28087796.0,False
2023-09-29,GOOGL,132.187484105663,132.95117654608515,129.29142156753832,129.78732299804688,30859800,-0.010958967505656059,0.46835749840985175,130.45042572021484,,0.012470049027381216,137.0770721435547,-5.317993032323877,27946856.0,True
2023-10-02,GOOGL,130.1344474612235,133.31812586216128,130.09476687574428,133.07017517089844,22288000,0.025294089569140477,0.5054982644941495,130.73110595703125,,0.013782661336189602,137.0770721435547,-2.923097867497495,26933858.0,False
2023-10-03,GOOGL,132.84208398165953,133.15945304283952,130.7592918203912,131.34445190429688,22989400,-0.012968520289277863,0.48597417970558454,130.9473193359375,,0.0140321464267894,137.0770721435547,-4.1820416424231,26799924.0,False
2023-10-04,GOOGL,131.70147985901755,134.45870541332442,131.44361659343454,134.13140869140625,26752300,0.02121868679417127,0.5175046004089829,131.2057832336426,,0.014850469299517242,137.0770721435547,-2.1489103947767254,26284778.0,True
2023-10-05,GOOGL,133.9628143310547,134.37936969993646,132.35608346969923,133.9628143310547,19832600,-0.0012569342408044193,0.5155971969161506,131.32083236694336,,0.014692190645612098,137.0770721435547,-2.2719027798015534,25447788.0,False
2023-10-06,GOOGL,132.91148163496393,137.02747214489506,132.91148163496393,136.4522247314453,27597600,0.018582846387794394,0.5437613068122151,131.48309158325196,,0.015184658215769399,137.0770721435547,-0.45583656138715906,25100698.0,True
2023-10-09,GOOGL,135.8174754746164,137.8010810398745,134.49837595767463,137.28533935546875,19278100,0.006105540790288355,0.5531868044414259,131.59893417358398,,0.015139299342599461,137.28533935546875,0.0,24754436.0,False
2023-10-10,GOOGL,137.36467931785276,138.57467986983306,136.20427192955205,136.92828369140625,27786600,-0.0026008287974434996,0.5491472314726253,131.70485885620118,,0.01513889209947674,137.28533935546875,-0.2600828797443452,24749058.0,True
2023-10-11,GOOGL,137.44402038931838,139.95328001705715,137.44402038931838,139.3978729248047,25884300,0.018035640021342392,0.5770870932795249,131.88338302612306,,0.01533680811930547,139.3978729248047,0.0,24803408.0,True
2023-10-12,GOOGL,139.89379277540957,140.06239744116,137.12665439341535,137.83084106445312,24765500,-0.011241433082676,0.5593583742548711,132.09344696044923,,0.015472949092655265,139.3978729248047,-1.1241433082675987,24773252.0,False
2023-10-13,GOOGL,138.23746980650327,138.8523826583463,135.50008457709373,136.23402404785156,23420500,-0.0115853389870475,0.5412926788868371,132.27018646240234,,0.015549135113995373,139.3978729248047,-2.269653625676052,24839872.0,False
2023-10-16,GOOGL,137.03737818636395,138.4854167971643,136.8588609633149,137.9597625732422,28501900,0.012667456147257727,0.5608169363067255,132.48818466186523,,0.015748470519643912,139.3978729248047,-1.0316587487229874,24886966.0,True
2023-10-17,GOOGL,137.49363032645,138.75320901659043,136.05550412475992,138.57469177246094,23515800,0.004457308332147081,0.5677739786418816,132.65064254760742,,0.01572788294785306,139.3978729248047,-0.5905263366448914,24902356.0,False
2023-10-18,GOOGL,138.30689326315832,139.56648701861894,136.25386939858822,136.82911682128906,23375000,-0.012596636000736017,0.5480253005015041,132.78076736450194,114.15104267120361,0.015988723859723143,139.3978729248047,-1.8427512914069268,24899152.0,False
2023-10-19,GOOGL,137.36468644323884,138.51518131196565,136.25387216099756,136.62083435058594,26066000,-0.001522208690239224,0.5456688829363705,132.94124099731445,114.39219955444337,0.014313234381635878,139.3978729248047,-1.9921671084011205,24922214.0,True
2023-10-20,GOOGL,136.2042943979111,136.73986130635555,133.97273786758853,134.4884796142578,26335700,-0.015607829848676258,0.521544346009106,133.0584730529785,114.62785202026367,0.013603158039022642,139.3978729248047,-3.521856688010689,25031772.0,True
2023-10-23,GOOGL,133.9330343496389,136.53156779993722,132.85197300320976,135.38107299804688,26317900,0.0066369505131533835,0.5316427605371368,133.19613510131836,114.87729042053223,0.013616850210313381,139.3978729248047,-2.8815360252480984,25166308.0,True
2023-10-24,GOOGL,136.70017196237376,138.21762892713875,136.2935292113691,137.67213439941406,44814300,0.016923055421493416,0.5575628358596358,133.34450912475586,115.13253086090089,0.013960942083501885,139.3978729248047,-1.2379948769530646,25568682.0,True
2023-10-25,GOOGL,127.10945300008548,127.2582173695509,124.04477835256257,124.58035278320312,84366200,-0.09509391042219983,0.4094480950694521,133.26179306030272,115.31894031524658,0.025217849372033113,139.3978729248047,-10.629660145240932,26860592.0,True
2023-10-26,GOOGL,122.25953160944253,123.31084775543283,120.27592594806735,121.27764892578125,57061100,-0.026510631762050818,0.3720827356333418,133.13444534301757,115.48685256958008,0.025531593437313527,139.3978729248047,-12.99892431557978,27497492.0,True
2023-10-27,GOOGL,121.87272767746805,122.2992031923221,119.22461596672207,121.16854858398438,44566500,-0.0008995914973882746,0.3708484216706529,132.9807164001465,115.63884635925292,0.025262374111802197,139.3978729248047,-13.07718974352912,27719896.0,True
2023-10-30,GOOGL,122.20002763263162,124.37207828472111,121.7437992319236,123.43978118896484,28940100,0.018744407121508377,0.3965441625883248,132.92120834350587,115.80413032531739,0.025650806355842135,139.3978729248047,-11.447873199936206,27688602.0,True
2023-10-31,GOOGL,124.03485157297696,124.34231557609246,121.68428385885795,123.0628890991211,26292300,-0.003053246580750124,0.3922801688990354,132.83611190795898,115.96262042999268,0.02487354624423241,139.3978729248047,-11.71824467830665,27709474.0,False
2023-11-01,GOOGL,123.05297934732572,125.45314042926547,122.70584986305431,125.41346740722656,30082400,0.019100626722749814,0.41887359269866287,132.78394332885742,116.13697940826415,0.025238977220835818,139.3978729248047,-10.032007823477855,27870024.0,True
2023-11-02,GOOGL,127.36730789447058,127.92271501549958,125.88952390924445,126.44493103027344,27124600,0.008224504468069993,0.43054312490143953,132.68714401245117,116.31733867645264,0.02479980926826235,139.3978729248047,-9.29206566983877,27856122.0,False
2023-11-03,GOOGL,126.97056894025539,128.4681853691814,126.81187689735157,128.04171752929688,26393100,0.012628315631261877,0.44860847500682666,132.67365524291992,116.49611099243164,0.025018730651086903,139.3978729248047,-8.146577244857715,27813970.0,False
2023-11-06,GOOGL,127.9921517032279,129.27157062977093,127.61526180428386,129.18231201171875,19052700,0.008907991117511393,0.46151266643493916,132.6809944152832,116.65594001770019,0.024711069680091506,139.3978729248047,-7.3283477708418925,27659766.0,False
2023-11-07,GOOGL,129.63854481279463,130.8287050924927,128.8153467097953,129.8964080810547,29757300,0.005527816139961672,0.46959163974121654,132.68020126342773,116.81056201934814,0.024701564827746547,139.3978729248047,-6.816075915932641,27844046.0,True
2023-11-08,GOOGL,129.89641375169958,131.1262546701782,129.70796879855988,130.75927734375,26425800,0.006642749214103683,0.47935376845116084,132.62604873657227,116.97986274719239,0.02477867074625002,139.3978729248047,-6.197078477456109,27511050.0,False
2023-11-09,GOOGL,130.8782957156304,131.46345569784398,129.0037891497348,129.17239379882812,23747800,-0.012135915532403563,0.4614004560746947,132.5141731262207,117.15352737426758,0.024438154388247212,139.3978729248047,-7.335462809746378,27419690.0,False
2023-11-10,GOOGL,129.0335338225466,131.71139801314916,128.34918755672095,131.50311279296875,26913300,0.018043476052402196,0.4877692002068481,132.44315963745117,117.32743991851807,0.024796634128935555,139.3978729248047,-5.663472452047101,27356880.0,False
2023-11-13,GOOGL,130.69976098599605,131.50311876629735,130.1741067560777,131.00721740722656,18324800,-0.003770978307737094,0.4821588548259488,132.372345123291,117.48969879150391,0.024702930242045135,139.3978729248047,-6.019213451057672,27292502.0,False
2023-11-14,GOOGL,133.0900082716238,134.58762491778677,132.22714475544407,132.52467346191406,32395200,0.01158299584343192,0.49932669468070356,132.3296971130371,117.67159526824952,0.024672823807112342,139.3978729248047,-4.930634391098802,27552344.0,True
2023-11-15,GOOGL,133.76443017621472,133.92312224608222,132.4750987262402,133.5164794921875,23861500,0.007483934910871293,0.5105475580738257,132.3328712463379,117.84902881622314,0.024718823382288525,139.3978729248047,-4.219141446863959,27655884.0,False
2023-11-16,GOOGL,134.0818138246226,136.09517216084916,133.21895029015656,135.8075408935547,28013200,0.017159390436902955,0.5364676333963248,132.365997467041,118.03003280639649,0.024900940866542827,139.3978729248047,-2.575600298568925,27839262.0,True
2023-11-17,GOOGL,134.88518254388185,134.94468829125762,132.55443988026462,134.20083618164062,37240600,-0.011830747404324105,0.5182900729306932,132.34477310180665,118.16675281524658,0.025032734788349807,139.3978729248047,-3.728203762454465,28112908.0,True
2023-11-20,GOOGL,132.5941051889177,135.53976041427174,132.52467173584012,135.13311767578125,27815500,0.0069469127068535474,0.5288375015310249,132.33148269653321,118.32281295776367,0.0248369209535114,139.3978729248047,-3.0594119978602343,28253950.0,False
2023-11-21,GOOGL,135.17279523893023,136.05549911438757,134.84551363674532,135.84722900390625,22635300,0.005284502721518924,0.5369166474686258,132.36381576538085,118.49176658630371,0.024822059443510222,139.3978729248047,-2.5471291967372838,28338546.0,False
2023-11-22,GOOGL,136.34315410675418,138.27716685179698,136.34315410675418,137.35479736328125,17813900,0.011097527497831106,0.5539726222257833,132.39912399291993,118.64475231170654,0.02466103987503741,139.3978729248047,-1.4656432832555002,28279834.0,False
2023-11-24,GOOGL,136.89851567499682,136.99770199138314,134.87524497059664,135.5695037841797,12514300,-0.012997679100932635,0.5337745847504578,132.37115493774414,118.82982261657715,0.01211730564094775,139.3978729248047,-2.746361232276575,28035100.0,False
2023-11-27,GOOGL,134.914934431914,137.28534253189412,134.88518155844346,135.2918243408203,23436500,-0.0020482441523237416,0.53063303992626,132.35151748657228,119.0351258468628,0.010021722681305245,139.3978729248047,-2.945560429174768,27725438.0,False
2023-11-28,GOOGL,134.96453355193609,136.1249410695989,134.30994003929231,136.07534790039062,18730000,0.005791359259052387,0.5394974857542485,132.331483001709,119.24652866363526,0.009921679626950331,139.3978729248047,-2.3834833019341195,27662812.0,False
2023-11-29,GOOGL,136.44230617886066,137.15639020757226,133.7346738823066,133.88345336914062,23967200,-0.016107947288545588,0.5146993414028707,132.27098342895508,119.44677364349366,0.010508364874232512,139.3978729248047,-3.955885007397999,27735082.0,False
2023-11-30,GOOGL,133.94295042197072,134.4388517451667,130.2038502076351,131.443603515625,38988300,-0.01822368479537584,0.4870959380453814,132.24698135375976,119.6344722366333,0.011488036025722622,139.3978729248047,-5.706162685474013,27916298.0,True
2023-12-01,GOOGL,130.77911376953125,131.02706446186437,129.5988660526321,130.77911376953125,31442300,-0.005055322041705557,0.47957818917164974,132.27514877319337,119.80764091491699,0.01101653213867747,139.3978729248047,-6.182848399647138,27915066.0,True
2023-12-04,GOOGL,128.81535800518807,128.9641223780541,126.85158504794954,128.21035766601562,36669900,-0.019641944569547043,0.4505163963936294,132.2557096862793,119.97505725860596,0.011880625930167992,139.3978729248047,-8.025599691054063,28120518.0,True
2023-12-05,GOOGL,127.89297349238338,131.05682698082634,127.1987145294908,129.916259765625,27384800,0.0133054936485959,0.4698162330930291,132.25332962036134,120.15675563812256,0.011915409503510067,139.3978729248047,-6.80183489190997,28266322.0,False
2023-12-06,GOOGL,130.3625665785439,130.75928165761354,128.81535658297804,128.95420837402344,23576200,-0.007405165399135938,0.45893200078064034,132.28209228515624,120.34633880615235,0.011889386280462098,139.3978729248047,-7.491982719431357,28223472.0,False
2023-12-07,GOOGL,133.9330343345262,137.42418419027493,133.59582503757497,135.8075408935547,56767100,0.05314547393175095,0.5364676333963252,132.4088442993164,120.57088287353515,0.016605202944102743,139.3978729248047,-2.575600298568925,28903884.0,True
2023-12-08,GOOGL,133.09992075278979,135.281883689647,132.93131610801126,133.88345336914062,32260100,-0.014167751744523227,0.5146993414028709,132.46200500488283,120.78957538604736,0.01694743490057941,139.3978729248047,-3.955885007397999,29098824.0,True
2023-12-11,GOOGL,131.29487380940387,132.24699612624593,130.28323060576173,132.19740295410156,31138000,-0.012593418922279498,0.49562409805528373,132.5102066040039,121.00856552124023,0.016965800160943203,139.3978729248047,-5.165408782519422,29104388.0,True
2023-12-12,GOOGL,130.72952914922644,131.9097769432704,130.18403456369643,131.4337158203125,29032800,-0.00577686941440303,0.4869840729477841,132.4774774169922,121.22006748199463,0.016577896151102056,139.3978729248047,-5.7132558319511,29239284.0,False
2023-12-13,GOOGL,132.28666474618618,132.40567624159368,130.49150406647652,131.48330688476562,30104800,0.0003773085478380178,0.48754512474900635,132.48025451660158,121.43087520599366,0.01655411587649491,139.3978729248047,-5.677680637428673,29381592.0,True
2023-12-14,GOOGL,132.28665787823815,132.6238671868591,128.62690324736187,130.85845947265625,38722400,-0.004752294621377273,0.48047587205360576,132.41479553222655,121.63707099914551,0.01638036725736225,139.3978729248047,-6.125928088411254,29620994.0,True
2023-12-15,GOOGL,130.54105356016876,132.41555987156252,130.10465799413734,131.51303100585938,50847100,0.005002133876869541,0.487881410567093,132.36579986572266,121.83840690612793,0.016328933833970327,139.3978729248047,-5.656357413142615,30241284.0,True
2023-12-18,GOOGL,131.54280052592037,136.02573795572846,131.34442787355178,134.6868133544922,32258000,0.02413283554001122,0.5237882079513485,132.3304916381836,122.04742931365966,0.016772910796224044,139.3978729248047,-3.379577802348379,30334492.0,True
2023-12-19,GOOGL,135.71829114427823,136.34313174933595,134.96452646649996,135.52984619140625,25476800,0.006259208425216878,0.5333259159408037,132.29538177490235,122.25332759857177,0.0166128633132161,139.3978729248047,-2.7748104416808173,30458466.0,False
2023-12-20,GOOGL,137.83081892143701,140.5384359860807,136.9382025676404,137.2059783935547,49107200,0.012367255252258458,0.5522889489281466,132.3009356689453,122.47390441894531,0.016757900706341818,139.3978729248047,-1.5724017054638793,30884878.0,True
2023-12-21,GOOGL,138.34656689160218,139.5367271291243,138.03909533601887,139.26893615722656,27488300,0.015035480143252844,0.5756283585963466,132.29835693359374,122.7028620147705,0.01701976420107615,139.3978729248047,-0.09249550575831045,30916958.0,False
2023-12-22,GOOGL,139.61607052198642,140.82607102846447,139.5565647812921,140.33016967773438,26532200,0.007620030351274787,0.5876346945111801,132.34834350585936,122.9466967010498,0.016936602106505154,140.33016967773438,0.0,30952292.0,False
2023-12-26,GOOGL,140.4293579031904,141.510419346836,140.032642827964,140.3599395751953,16780300,0.00021214181903506102,0.5879714982232369,132.43086181640626,123.1990609741211,0.01662714169401126,140.3599395751953,0.0,30819488.0,False
2023-12-27,GOOGL,140.42934564037535,140.9153344287429,138.74328401733115,139.21934509277344,19628600,-0.008126210982093096,0.5750673067951244,132.45605346679687,123.4433419418335,0.0167496430833227,140.3599395751953,-0.8126210982093093,30642022.0,False
2023-12-28,GOOGL,139.62599994946305,139.98304957042203,138.60444425438513,139.08050537109375,16045700,-0.0009972731992610173,0.5734965343830254,132.46616973876954,123.67274597167969,0.016728076777527977,140.3599395751953,-0.9115380128930083,30492620.0,False
2023-12-29,GOOGL,138.48543138650385,139.20944320132398,137.64239294340334,138.54493713378906,18733000,-0.0038507786254852183,0.5674373475611483,132.50048614501952,123.88885986328125,0.01630345289272551,140.3599395751953,-1.2931057443451628,30399780.0,False
2024-01-02,GOOGL,137.41427392066478,138.30689034141093,135.36123496575607,137.03738403320312,23711200,-0.010881329421154828,0.5503815454353143,132.50881713867187,124.07655853271484,0.015927970999901023,140.3599395751953,-2.367167976880033,30352684.0,False
2024-01-03,GOOGL,136.12495613317765,138.48545201856635,135.95635144618018,137.78126525878906,24212100,0.005428308711772356,0.5587974950849719,132.5746728515625,124.26152984619141,0.015856452523591573,140.3599395751953,-1.8371868242539187,30310212.0,False
2024-01-04,GOOGL,137.28531548543515,138.01925486510476,135.23229195188463,135.27195739746094,27137700,-0.018212257353095063,0.5304082739431244,132.57249053955078,124.43593822479248,0.01575893039507682,140.3599395751953,-3.624953240314399,30326608.0,False
2024-01-05,GOOGL,135.62901355461221,136.03565627670122,134.04212324747374,134.61737060546875,22513900,-0.004839042803741367,0.5230025627983137,132.5113952636719,124.58872539520263,0.015643789202464353,140.3599395751953,-4.0913162167970905,29880600.0,False
2024-01-08,GOOGL,135.17278901977872,137.87049368814525,135.1430361482217,137.70188903808594,21404000,0.02291322745901181,0.5578994669403694,132.77382598876954,124.76462162017822,0.01614204309603249,140.3599395751953,-1.8937387299781303,28621356.0,False
2024-01-09,GOOGL,137.3646876105234,140.33018342656837,137.01755057751834,139.7946014404297,24759600,0.01519741244628059,0.5815755076893028,133.1441650390625,124.93992275238037,0.01182388742028129,140.3599395751953,-0.40277741389504895,27975326.0,False
2024-01-10,GOOGL,139.84418693539638,141.82779242384171,139.75492832050645,141.1136932373047,21320200,0.009435928020704809,0.5964991403391686,133.5430679321289,125.12261287689209,0.01137902897551544,141.1136932373047,0.0,27510400.0,False
2024-01-11,GOOGL,142.3137898243085,144.02960443815402,139.4871457788245,140.91534423828125,24008700,-0.0014055971073614337,0.5942551057656029,133.89257919311524,125.319089012146,0.010884808575288162,141.1136932373047,-0.14055971073613865,27411772.0,False
2024-01-12,GOOGL,141.50049214729324,142.02614637782855,140.6574689161085,141.48065185546875,18785500,0.0040116824767613135,0.6006507510368901,134.26093444824218,125.52548309326171,0.01069348848913491,141.48065185546875,0.0,27261636.0,False
2024-01-16,GOOGL,140.83598692471,143.16672938152487,140.29049239931624,141.3219757080078,22670500,-0.0011215395559742714,0.5988555579043024,134.5791046142578,125.72929855346679,0.010720816751544106,141.48065185546875,-0.11215395559743038,27113398.0,False
2024-01-17,GOOGL,140.19133701313217,140.67731071751322,137.76140795638582,140.3103485107422,20968600,-0.007158314849459724,0.5874104464220149,134.8564129638672,125.93053539276123,0.010825723269292046,141.48065185546875,-0.8271826072176285,26990278.0,False
2024-01-18,GOOGL,140.88559276545064,143.02789047593322,140.826087018,142.30386352539062,25746400,0.014207897249259638,0.6099642109371803,135.14165588378907,126.12765617370606,0.01107805090177233,142.30386352539062,0.0,26977344.0,False
2024-01-19,GOOGL,143.5535284040744,145.24950254806373,143.19647882633325,145.18008422851562,34271900,0.02021182441481506,0.642504524882779,135.461611328125,126.33603385925294,0.010746664900126306,145.18008422851562,0.0,27281728.0,True
2024-01-22,GOOGL,145.89417546961977,147.17359422579068,144.64449444846355,144.79327392578125,32200400,-0.0026643482457657797,0.6381283208332451,135.75954864501952,126.5406922531128,0.01081387222124993,145.18008422851562,-0.26643482457657885,27330590.0,True
2024-01-23,GOOGL,144.6940887617222,145.9735075280984,144.30728633154266,145.83465576171875,21636100,0.007192197591106897,0.649910063396266,136.06105621337892,126.7517972946167,0.010652491154900022,145.83465576171875,0.0,27234796.0,False
2024-01-24,GOOGL,147.32238701526538,148.62166144639897,146.88600647851376,147.4810791015625,25233500,0.011289657669119935,0.6685369831968457,136.4272299194336,126.95154640197754,0.010470021054267833,147.4810791015625,0.0,27264510.0,False
2024-01-25,GOOGL,148.83984348061125,151.7954113890045,148.31417410884393,150.6250762939453,29149100,0.0213179698137258,0.7041068042377212,136.80966918945313,127.17683429718018,0.01118841640975705,150.6250762939453,0.0,27309226.0,True
2024-01-26,GOOGL,149.86139776851957,151.28958097989496,149.77212402167038,150.9424591064453,26115500,0.0021071047418468325,0.707697535765544,137.2083740234375,127.40911445617675,0.011168737482541713,150.9424591064453,0.0,27465040.0,False
2024-01-29,GOOGL,150.81352174869434,152.51942366682596,150.18868118167268,152.2516326904297,27784300,0.008673328841563022,0.7225089580551654,137.6029132080078,127.65146141052246,0.010890543649703741,152.2516326904297,0.0,27372822.0,True
2024-01-30,GOOGL,151.54745682095233,152.3607271720474,149.95065385559957,150.21844482421875,36331800,-0.013354128492959916,0.6995063520990221,137.93695251464842,127.86980682373047,0.011508842950422789,152.2516326904297,-1.3354128492959936,27622228.0,True
2024-01-31,GOOGL,142.44270331878081,142.81959319917652,138.72344307921892,138.95156860351562,71910000,-0.0750032809478709,0.572037799699848,137.99983306884766,128.02467681884767,0.020676795332749173,152.2516326904297,-8.735580598965942,28500164.0,True
2024-02-01,GOOGL,140.95499074150428,141.88728767351694,139.63589137319994,140.00286865234375,40466500,0.007565945885993575,0.5839317526231136,138.11587371826172,128.19918453216553,0.020567359286176003,152.2516326904297,-8.045078940461094,28564682.0,True
2024-02-02,GOOGL,138.11845552974717,141.45091361668173,135.38108518943704,141.212890625,62499600,0.008642836995440328,0.5976214165729372,138.23746917724608,128.38703205108644,0.0206120943722932,152.2516326904297,-7.250327546814916,29258364.0,True
2024-02-05,GOOGL,141.64926151631406,144.27753248123298,141.60958093549976,142.502197265625,38505400,0.009130233330105986,0.6122080728794226,138.37056854248047,128.58291301727294,0.02017139493017226,152.2516326904297,-6.403501396026423,29575766.0,True
2024-02-06,GOOGL,143.46425685279377,144.1684434401665,142.01623336193828,142.9187774658203,29128200,0.0029233247499953485,0.6169210806410133,138.48184814453126,128.7753723526001,0.020097642811311652,152.2516326904297,-6.129888435144528,29802052.0,False
2024-02-07,GOOGL,143.57336464859975,144.4263156427516,142.7501665270815,144.3469696044922,25208900,0.009993033553715058,0.633079027253568,138.6573974609375,128.97437755584716,0.01965208855780185,152.2516326904297,-5.191841260585953,30055944.0,False
2024-02-08,GOOGL,144.63458219465025,145.13048351940716,143.9105704979432,144.71392822265625,22563800,0.0025421982821636213,0.6372306379512895,138.8458395385742,129.1724405670166,0.019434077955622377,152.2516326904297,-4.95082012230352,30038490.0,False
2024-02-09,GOOGL,145.47762057784595,148.21500586230158,144.9817192012369,147.7786102294922,26829500,0.02117751929254963,0.6719031213728563,139.07990478515626,129.39634006500245,0.019828588405862338,152.2516326904297,-2.937914281702588,30200480.0,False
2024-02-12,GOOGL,147.20338267503428,148.1158395150447,146.1619866169241,146.3206787109375,21564100,-0.009865646430769592,0.6554087163108917,139.32864929199218,129.61364406585693,0.01999489511463943,152.2516326904297,-3.895494501232366,30152418.0,False
2024-02-13,GOOGL,143.73204328748068,145.46769798615009,142.51213022242555,143.9502410888672,27837700,-0.016200291325556337,0.6285906128437899,139.57878204345704,129.79985504150392,0.02037562191943217,152.2516326904297,-5.45241548801093,29929406.0,False
2024-02-14,GOOGL,144.88256517546307,145.31896085998756,142.90887201453117,144.74371337890625,22704200,0.005512128941480565,0.6375676142946698,139.85807403564453,129.99127307891845,0.020392030830032448,152.2516326904297,-4.9312570110753065,29754644.0,False
2024-02-15,GOOGL,141.9666478509511,142.34353774622787,139.30862369230854,141.5996856689453,37590700,-0.021721342064304983,0.6019974479911474,140.12586059570313,130.16766525268554,0.020936026110419264,152.2516326904297,-6.996277697161234,29773060.0,True
2024-02-16,GOOGL,141.8178876690081,142.01624520205476,138.9912436385364,139.36813354492188,31468900,-0.015759583882415718,0.576750634830115,140.31489807128906,130.3422226333618,0.0209870409420205,152.2516326904297,-8.461977660169715,29854742.0,True
2024-02-20,GOOGL,138.51517229621072,140.91533307623592,138.34656764889544,139.96319580078125,25144700,0.004269715326765011,0.5834829111821356,140.5350778198242,130.51930896759032,0.020471927052448147,152.2516326904297,-8.071136363203593,29886112.0,False
2024-02-21,GOOGL,140.29049590728383,141.5203367649503,139.5268035526364,141.38148498535156,23223300,0.010133300947122281,0.5995288200657694,140.64655670166016,130.7070572280884,0.020626519785761518,152.2516326904297,-7.139593522244972,29215236.0,False
2024-02-22,GOOGL,143.7420006533601,143.81143412712078,141.629470567107,142.9088897705078,27191900,0.010803428647778723,0.6168092155434155,140.8270654296875,130.89807857513426,0.02071245462331432,152.2516326904297,-6.1363827466588114,29113872.0,False
2024-02-23,GOOGL,142.4923064572686,143.49402183711422,142.2542683371376,142.77993774414062,19493800,-0.0009023373323679973,0.615350308228914,141.0387161254883,131.07754535675048,0.02052805741284038,152.2516326904297,-6.221079392657599,28880988.0,False
2024-02-26,GOOGL,140.97485281400884,141.27239668798464,136.26378939947426,136.44232177734375,53641800,-0.04438730025330162,0.5436492690832939,141.1388882446289,131.22740688323975,0.0218665432147381,152.2516326904297,-10.383672499086236,29373168.0,True
2024-02-27,GOOGL,136.88864130284716,138.1085546396034,135.96625673087684,137.74159240722656,33099200,0.009522489891391928,0.5583486536439941,141.2640539550781,131.3619450378418,0.0220371517774133,152.2516326904297,-9.530301926355108,29433056.0,True
2024-02-28,GOOGL,136.76958362182845,136.87868252205917,134.30000463233606,135.26205444335938,37328600,-0.018001374316455876,0.5302962362142034,141.3521258544922,131.46018306732176,0.022032259605649744,152.2516326904297,-11.15888082567554,29405180.0,True
2024-02-29,GOOGL,136.15467711991738,137.72172724425474,135.2818858775754,137.32501220703125,42133000,0.015251563139133895,0.5536356458824032,141.46836547851564,131.5640743637085,0.0223958875532325,152.2516326904297,-9.803914887237005,29230898.0,True
2024-03-01,GOOGL,137.29524220433814,137.7316378191588,135.79762555684746,136.0158233642578,31151100,-0.009533506108848622,0.5388240509614584,141.49494567871093,131.6663787841797,0.015522384996301859,152.2516326904297,-10.663799815653755,29208760.0,True
2024-03-04,GOOGL,134.54794328029183,134.54794328029183,130.82868355980855,132.2568817138672,55999400,-0.027636061433264136,0.49629701495410306,141.42948638916016,131.7350114440918,0.016436259530176918,152.2516326904297,-13.132700532162728,29819212.0,True
2024-03-05,GOOGL,130.79895621305897,132.14780860687847,129.59886818360178,131.5824737548828,40194800,-0.005099227732008882,0.4886670557201269,141.31701629638673,131.79367656707763,0.016239630041831477,152.2516326904297,-13.575656674613846,29640964.0,True
2024-03-06,GOOGL,132.0287779261609,132.48501385237356,129.77739656818326,130.3228759765625,35318600,-0.00957268656209298,0.4744165126004043,141.13809509277343,131.83617534637452,0.01603944713461047,152.2516326904297,-14.402969824602478,29797570.0,True
2024-03-07,GOOGL,131.7014646980678,133.83384943472205,130.531144857788,133.2784423828125,37738200,0.022678799743350853,0.5078545094279585,140.997060546875,131.89379901885985,0.01702251083623667,152.2516326904297,-12.461731918629084,30021690.0,True
2024-03-08,GOOGL,133.1098731227402,136.95805806227605,132.90158785607315,134.30003356933594,39370400,0.0076650894792809066,0.5194123491644611,140.8758624267578,131.94517444610597,0.016939809957173108,152.2516326904297,-11.7907432609241,30473492.0,True
2024-03-11,GOOGL,135.01411900561908,137.95977451047298,135.01411900561908,136.54148864746094,32437800,0.01668990705775064,0.5447712000544145,140.82230529785156,132.02010517120362,0.017456859240125938,152.2516326904297,-10.318538964315662,30729676.0,True
2024-03-12,GOOGL,135.90671866415707,138.23746099222168,135.90671866415707,137.3646697998047,27563400,0.006028798722629514,0.5540843146920573,140.78798858642577,132.10738372802734,0.016721924250734158,152.2516326904297,-9.777867486580178,30960030.0,False
2024-03-13,GOOGL,137.86060163883266,139.93346604577192,137.85068905807378,138.6441192626953,23347200,0.009314254274809475,0.5685594511635921,140.7899722290039,132.18826526641845,0.016870765501275118,152.2516326904297,-8.937515603134628,31052314.0,False
2024-03-14,GOOGL,140.03262465964323,142.41294506959082,139.30861293112127,141.92697143554688,42753400,0.02367826482875479,0.6057002172478898,140.88776397705078,132.2799574279785,0.017476299484471696,152.2516326904297,-6.7813139816213,31433158.0,True
2024-03-15,GOOGL,141.33192277612702,142.00634152940316,138.8821682373105,140.02273559570312,49475400,-0.013417011724994876,0.5841565186062481,140.93259338378905,132.36678993225098,0.017636669308170483,152.2516326904297,-8.032030184918506,31938424.0,True
2024-03-18,GOOGL,147.3918211593764,150.90279656609297,145.96362264352206,146.4694366455078,69273700,0.046040387815437844,0.6570916990832336,141.15654296875,132.48982307434082,0.019803868444166657,152.2516326904297,-3.79778918803367,32781144.0,True
2024-03-19,GOOGL,146.9454947247472,147.57032014783982,144.882543249734,145.8247528076172,24070400,-0.004401490527002672,0.6497980256673439,141.38069061279296,132.60541763305665,0.019452347214340887,152.2516326904297,-4.221222307599256,32812274.0,False
2024-03-20,GOOGL,146.7868124427757,147.63976344475103,145.53714637957398,147.520751953125,21311500,0.011630392734114814,0.6689858246378224,141.57706787109376,132.7247811126709,0.019554915458490207,152.2516326904297,-3.1072775074431522,32810424.0,False
2024-03-21,GOOGL,148.24477268139387,149.13738918978584,145.6958321016332,146.39010620117188,24755600,-0.007664316626533885,0.6561941888326013,141.7089779663086,132.83184627532958,0.019601801721766957,152.2516326904297,-3.849894011432995,32810344.0,False
2024-03-22,GOOGL,147.89761979182254,150.3374611918101,147.75876801352786,149.5341033935547,29211800,0.021476842076077807,0.6917640098734767,141.8773861694336,132.94818477630616,0.019980492267998164,152.2516326904297,-1.7848933695184077,32968176.0,False
2024-03-25,GOOGL,148.71091979719523,149.1473154668572,146.60830262559878,148.83985900878906,19229300,-0.004642716069514052,0.6839096299190117,142.03587646484374,133.08490486145018,0.020027555620569595,152.2516326904297,-2.240878223340776,32872588.0,False
2024-03-26,GOOGL,148.9886282589288,151.01189945376663,148.7505901221258,149.4349365234375,22149100,0.003998105874403635,0.6906420789023557,142.1949621582031,133.22638553619385,0.016950074871621076,152.2516326904297,-1.8500269042889816,32939860.0,False
2024-03-27,GOOGL,149.94074197303146,150.39697792574609,147.6794327705728,149.63328552246094,22879200,0.001327326819537511,0.6928861134759214,142.36118835449219,133.36841175079346,0.016922408096785333,152.2516326904297,-1.7197498126621635,32944034.0,False
2024-03-28,GOOGL,149.61346389057567,150.1886962178925,148.9390300924469,149.6927947998047,24485400,0.00039770079989875917,0.6935593756373883,142.54883728027343,133.50374320983886,0.01618174854398116,152.2516326904297,-1.680663678548417,33014370.0,False
2024-04-01,GOOGL,149.45476709366227,154.4633742852125,149.3754210532241,154.21542358398438,31730800,0.03021273529048707,0.7447264367522433,142.78706848144532,133.66074562072754,0.0169676653671265,154.21542358398438,0.0,33134058.0,False
2024-04-02,GOOGL,152.24170614312382,153.4318662914426,150.90276651769807,153.2930145263672,24586000,-0.00598130223411053,0.7342907006181854,142.94932708740234,133.81392951965333,0.016825582268641757,154.21542358398438,-0.598130223411053,32940340.0,False
2024-04-03,GOOGL,152.34091364414047,153.80877752671594,151.47803493131784,153.65008544921875,24705000,0.0023293359058453866,0.7383304462183091,143.1264633178711,133.96185695648194,0.015017797742072637,154.21542358398438,-0.36658987903226603,32790432.0,False
2024-04-04,GOOGL,152.2417216532487,153.5013153792841,149.21672024838048,149.2960662841797,34724700,-0.028337238813173737,0.68907096122761,143.1956915283203,134.09575035095216,0.016733037053056475,154.21542358398438,-3.18992561540101,33052204.0,True
2024-04-05,GOOGL,148.80018464435562,152.16239579697978,148.37371667079992,151.24993896484375,23459200,0.013087234843448092,0.7111762295644444,143.27106872558593,134.24154537200928,0.016394681935110948,154.21542358398438,-1.9229494367180775,33016718.0,False
2024-04-08,GOOGL,151.52761905486636,153.99721328727458,151.35901440772807,153.58065795898438,20702000,0.015409718576365083,0.737544973696598,143.3301803588867,134.4116395187378,0.016127046742665435,154.21542358398438,-0.41160968873798287,32847776.0,False
2024-04-09,GOOGL,154.81048561572567,157.26023958727896,153.91786920573918,155.31631469726562,31079500,0.011301271666284807,0.7571814414767308,143.41765747070312,134.57751853942872,0.016155198902543313,155.31631469726562,0.0,32947056.0,False
2024-04-10,GOOGL,154.92954089050068,155.3262560052682,153.4120684989216,154.860107421875,22838600,-0.002937278522734954,0.7520201101681327,143.46982696533203,134.74513332366942,0.016138592346628015,155.31631469726562,-0.29372785227349757,32848142.0,False
2024-04-11,GOOGL,155.62377976256258,158.37106260079813,155.1774715327962,158.10328674316406,27166400,0.02094263897450288,0.7887120348114527,143.62752380371094,134.94880004882813,0.01645862061333662,158.10328674316406,0.0,32664834.0,False
2024-04-12,GOOGL,156.66518304426685,158.90665201136972,155.85189745243298,156.4370574951172,25353700,-0.010538865335251613,0.769861039553031,143.97723358154298,135.144185295105,0.016874676405957495,158.10328674316406,-1.0538865335251597,31733708.0,False
2024-04-15,GOOGL,157.55778721582507,157.93467710778722,153.32278518896982,153.590576171875,27136500,-0.018195697162937452,0.7376571840568424,144.2489877319336,135.3161639022827,0.01714085790978379,158.10328674316406,-2.8542800496107836,31467108.0,False
2024-04-16,GOOGL,152.92603780043848,154.3740610504053,152.17225817590779,153.13430786132812,20779500,-0.002970679073671101,0.7324951622229505,144.48741607666017,135.49121685028075,0.016760331132682948,158.10328674316406,-3.1428688069641173,30632706.0,False
2024-04-17,GOOGL,154.3443515291876,155.792390319514,153.3128832450381,154.19558715820312,21763100,0.006930382300980087,0.7445020160317541,144.72128387451173,135.66860084533693,0.01381689268569718,158.10328674316406,-2.471611859220185,30297860.0,False
2024-04-18,GOOGL,154.0666341164594,155.6535245551475,153.3525349324206,154.73114013671875,19883000,0.0034732056110409193,0.7505610302223078,144.95753112792968,135.8476707458496,0.0137255939388677,158.10328674316406,-2.132875714293849,30112956.0,False
2024-04-19,GOOGL,154.91959354072858,155.07828562000708,151.0515686940003,152.82688903808594,32615600,-0.012306838151326494,0.7290171589493426,145.12712951660157,136.00804523468017,0.013957751660994064,158.10328674316406,-3.337310573213786,30261090.0,True
2024-04-22,GOOGL,153.04507926507185,156.34778422424392,152.7971285786509,154.99893188476562,26446200,0.01421243905670555,0.7535907099489083,145.33282958984375,136.18741275787355,0.014034064837951983,158.10328674316406,-1.963497990678338,30338738.0,False
2024-04-23,GOOGL,155.67334570448855,157.66686352012678,154.99891205418209,156.96267700195312,21151600,0.012669410642438761,0.7758076707520167,145.51651092529298,136.37972316741943,0.01357260518490048,158.10328674316406,-0.721433288773963,30225180.0,False
2024-04-24,GOOGL,156.19900577262248,158.26195711355743,155.88162165845978,157.8255615234375,22779100,0.0054973866269727445,0.7855699720932845,145.74660858154297,136.59137382507325,0.013489678216700178,158.10328674316406,-0.17566062379065028,30249480.0,False
2024-04-25,GOOGL,150.08950510920468,155.20721069723666,149.63326920623868,154.72122192382812,57109700,-0.019669434847208622,0.7504488198620636,145.9620281982422,136.78408107757568,0.014352828454846773,158.10328674316406,-2.1391489633166456,30834920.0,True
2024-04-26,GOOGL,172.94064243070838,173.27786687075127,168.2593321924788,170.5404815673828,64665300,0.10224363178402762,0.9294210644568262,146.47796356201172,137.04700805664064,0.026203924900052477,170.5404815673828,0.0,31674142.0,True
2024-04-29,GOOGL,167.67417460775002,168.1601634153097,163.8557430067843,164.78802490234375,45610000,-0.0337307401279161,0.8643402639343056,146.9417303466797,137.25335258483886,0.027625034678615736,170.5404815673828,-3.373074012791614,31834528.0,True
2024-04-30,GOOGL,164.25246727701446,166.72206177178046,161.26714620693434,161.44566345214844,33562900,-0.020282793316905523,0.826526235688541,147.3832809448242,137.43862140655517,0.027512211311981952,170.5404815673828,-5.332937981438085,31876408.0,True
2024-05-01,GOOGL,162.95318026028562,165.75005589531395,161.75309238141418,162.51678466796875,33493200,0.006634561702784758,0.8386444367009718,147.83435272216798,137.63306423187257,0.027454728707372318,170.5404815673828,-4.704863517254578,32043378.0,True
2024-05-02,GOOGL,163.43916484164697,165.36326455481128,162.54654844018515,165.25416564941406,24294500,0.016843681635948737,0.8696139782344712,148.3118063354492,137.84560749053955,0.02761574830597274,170.5404815673828,-3.099742576884924,32064802.0,False
2024-05-03,GOOGL,166.18647914228734,166.5832093530068,161.71345384411,165.86911010742188,34662400,0.003721203974442755,0.876571193200951,148.7710107421875,138.06980461120605,0.026617101355438336,170.5404815673828,-2.7391569538375067,32214212.0,True
2024-05-06,GOOGL,166.08729275303767,166.76171134902742,164.66900697168114,166.7220458984375,21871300,0.005142222023517551,0.8862209389193276,149.24985290527343,138.3123003387451,0.026558014250731846,170.5404815673828,-2.239020104699656,32261762.0,False
2024-05-07,GOOGL,167.1187793592467,170.35205118536106,167.00968044096345,169.8462371826172,28039700,0.018738921222708926,0.9215666845023609,149.9179312133789,138.5663507080078,0.026633272364210536,170.5404815673828,-0.4070848037867888,31749720.0,False
2024-05-08,GOOGL,167.6146567610361,168.75522381569002,167.35679350646177,167.99154663085938,19569100,-0.01091982126023594,0.900583519767971,150.52293029785156,138.8036395263672,0.02681659826965568,170.5404815673828,-1.494621636515269,31479118.0,False
2024-05-09,GOOGL,168.00146814371737,169.2908147525702,166.80138015076668,168.56680297851562,15346700,0.0034243172302015346,0.9070917206621496,151.1890252685547,139.040432472229,0.026769357469639998,170.5404815673828,-1.1573079721176704,31039480.0,False
2024-05-10,GOOGL,166.65263467214967,168.4577231557963,164.82772102741802,167.26754760742188,29799900,-0.00770765861448619,0.8923925087327726,151.7878759765625,139.23571842193604,0.026612349646115536,170.5404815673828,-1.919153698805382,30792818.0,False
2024-05-13,GOOGL,162.91350746089623,167.89236129533526,162.65564420480408,167.75350952148438,31327600,0.0029052970585965454,0.8978904711221041,152.42262969970704,139.43278964996338,0.02643120962646965,170.5404815673828,-1.6341997045418615,30796348.0,True
2024-05-14,GOOGL,168.37836010153808,169.8462239602229,167.41631020621995,168.9436798095703,25127100,0.007094756416607284,0.9113555417201153,153.1563656616211,139.6200419998169,0.02595798914458977,170.5404815673828,-0.9363183117209519,30178902.0,False
2024-05-15,GOOGL,169.23130735927975,171.23473800953292,169.11228073886124,171.09588623046875,26948400,0.012739194643589746,0.9357046719991917,153.9466339111328,139.8173611831665,0.025947570379135705,171.09588623046875,0.0,29913974.0,False
2024-05-16,GOOGL,171.869508596453,173.684509621438,171.27443596883012,172.75221252441406,27867900,0.009680690345261755,0.9544436295286924,154.79522064208984,140.02876392364502,0.02596154475440982,172.75221252441406,0.0,29764960.0,False
2024-05-17,GOOGL,172.7522118435742,174.82509128603235,172.2662381363207,174.61680603027344,24479300,0.010793456585083572,0.9755388319920035,155.62198791503906,140.26520973205567,0.025978816889551275,174.61680603027344,0.0,29499782.0,False
2024-05-20,GOOGL,174.74573004665857,177.30458297385175,174.63663113812171,175.46974182128906,22554400,0.004884614547741473,0.9851885777103799,156.44538208007813,140.50557319641112,0.025639019283192312,175.46974182128906,0.0,29163462.0,False
2024-05-21,GOOGL,175.44988049011022,176.68963378677213,174.36881924751077,176.39210510253906,16989400,0.005256537518527837,0.9956237959504675,157.2423944091797,140.75223445892334,0.02558574705293673,176.39210510253906,0.0,28854494.0,False
2024-05-22,GOOGL,175.19205213168274,175.69786612928917,173.7737813421162,174.93418884277344,17880000,-0.008265201319061943,0.9791295635198263,157.99378479003906,140.97464641571045,0.025739669187697604,176.39210510253906,-0.8265201319061978,28660826.0,False
2024-05-23,GOOGL,175.61853049301604,176.78885054238378,171.53229263275466,172.12738037109375,21024900,-0.01604493947265151,0.9473745494646155,158.66345001220702,141.1836689376831,0.026164596552264073,176.39210510253906,-2.4177526136819854,28614380.0,False
2024-05-24,GOOGL,173.5456447964723,174.32917746118142,172.22654529374813,173.55557250976562,16579400,0.008297297824394922,0.9635324960771703,159.2960220336914,141.40846103668213,0.02558070130708475,176.39210510253906,-1.6080836447439208,28090900.0,False
2024-05-28,GOOGL,173.01999755281523,175.8168887472588,172.94065151179802,174.95401000976562,20572200,0.008057577637971436,0.9793538116089919,159.99464752197267,141.64009670257568,0.012972263705870972,176.39210510253906,-0.8152831397626632,27512836.0,False
2024-05-29,GOOGL,173.99195085751208,175.39039638067896,173.28777937305267,174.45809936523438,23388700,-0.0028345200233110823,0.9737432935967691,160.55442077636718,141.86989734649657,0.010271772848254796,176.39210510253906,-1.0964242057094473,26595136.0,False
2024-05-30,GOOGL,173.7638553909168,173.78369568525272,170.381804057889,170.69918823242188,22931500,-0.02154621164903947,0.931216602852061,161.05190948486327,142.072126121521,0.01041622755974239,176.39210510253906,-3.22742158262005,26572358.0,False
2024-05-31,GOOGL,170.4512300886902,171.64139042387083,168.05106912485823,171.0859832763672,37638900,0.002265945421009663,0.9355926342702714,161.52321411132812,142.28397525787352,0.01037746668769042,176.39210510253906,-3.0081402016758947,26898906.0,True
2024-06-03,GOOGL,171.12564767729586,173.09934068848278,169.75697011042396,171.75048828125,27459100,0.0038840411830196597,0.9431105557753265,162.0304217529297,142.5045025253296,0.00985405172462245,176.39210510253906,-2.631419823801541,26952976.0,True
2024-06-04,GOOGL,171.85958824102724,172.42492310208857,170.480982952228,172.3654022216797,26879600,0.0035802747729178908,0.9500674254791595,162.4870477294922,142.7220545578003,0.009852786006188783,176.39210510253906,-2.2828135525218656,26906332.0,False
2024-06-05,GOOGL,173.76382171770578,175.20193253730815,172.50422811140098,173.97210693359375,22068500,0.009321503568608724,0.968244985944791,162.98969268798828,142.95983917236327,0.00996361171870198,176.39210510253906,-1.3719424503372957,26963116.0,False
2024-06-06,GOOGL,174.45812805204665,175.69788170544012,174.30936366712407,175.2813262939453,23251000,0.007525455565421835,0.9830569261283828,163.50662048339845,143.1996572494507,0.009304670452796784,176.39210510253906,-0.629721385743449,26985154.0,False
2024-06-07,GOOGL,175.59868809544102,176.4119585188029,172.8712304058679,173.02992248535156,19661400,-0.012844516048550192,0.9575855196155383,163.97455322265625,143.4246973800659,0.009442029023736991,176.39210510253906,-1.906084524153175,26920798.0,False
2024-06-10,GOOGL,173.73488619485127,175.8101292272444,171.54047994095143,173.77459716796875,23726700,0.004303733550364619,0.9660104460940155,164.45618927001954,143.63714588165283,0.009453162911861192,176.39210510253906,-1.4839144490331473,26905624.0,False
2024-06-11,GOOGL,174.9760596512974,175.59167820683606,172.5433572951998,175.37322998046875,21540600,0.009199462053448348,0.9840966845895405,164.8793453979492,143.87043125152587,0.009349813929555133,176.39210510253906,-0.5776194583527573,26701820.0,False
2024-06-12,GOOGL,176.99176326604527,179.13651982603324,174.86686977172752,176.53500366210938,27864700,0.006624578231067657,0.9972404882946058,165.34418518066406,144.10902950286865,0.00939700330010289,176.53500366210938,0.0,26767394.0,True
2024-06-13,GOOGL,174.8668444097431,175.49240210344783,173.64553119205647,173.92355346679688,20913300,-0.014792818087855597,0.9676956730735637,165.74965454101562,144.3289669418335,0.010050108221624356,176.53500366210938,-1.4792818087855566,26691560.0,False
2024-06-14,GOOGL,172.99018739624864,175.8101362841722,172.92067425165644,175.5420379638672,18063600,0.009305723490632856,0.986006504920901,166.27457397460938,144.5393426132202,0.009883520723050772,176.53500366210938,-0.5624752471995518,26358338.0,False
2024-06-17,GOOGL,174.2214424940307,177.10096546528717,173.57602172386774,175.98887634277344,19618500,0.0025454779042626274,0.991061840596899,166.76935272216798,144.74545612335206,0.009700852174102333,176.53500366210938,-0.30935922508673314,26281524.0,False
2024-06-18,GOOGL,175.88956648496008,176.13780173263285,172.8710325397334,173.85403442382812,21869900,-0.012130550312664523,0.9669091647639119,167.17482025146484,144.93945735931396,0.009824380941706165,176.53500366210938,-1.518661558708586,26304882.0,False
2024-06-20,GOOGL,174.1320835908328,176.03852876935733,173.7547762588124,175.05552673339844,20160100,0.006910925671366641,0.9805023278039251,167.5696044921875,145.1419952774048,0.009886183619141209,176.53500366210938,-0.8380643487241083,26086494.0,False
2024-06-21,GOOGL,175.75055979188994,179.57338876304848,175.3633134017814,178.36199951171875,57759000,0.01888813703868908,1.0179103271769283,168.03964233398438,145.36051990509034,0.010669597790391627,178.36199951171875,0.0,26784902.0,True
2024-06-24,GOOGL,178.88826202454848,179.61310474396652,177.40877441541713,177.95489501953125,18298000,-0.0022824620339645385,1.0133045234672018,168.43667449951172,145.58350551605224,0.010500041277389719,178.36199951171875,-0.22824620339645407,26607534.0,False
2024-06-25,GOOGL,178.35206806848578,182.98910099326696,178.15348288701358,182.73094177246094,23130200,0.02683852417999244,1.0673386456019642,168.9625521850586,145.82640407562255,0.011193395239370525,182.73094177246094,0.0,26563064.0,False
2024-06-26,GOOGL,181.34083960482536,183.2075585872156,181.19188934781172,182.58201599121094,19839000,-0.0008150003486298019,1.065653763885063,169.54238098144532,146.06300388336183,0.01115066627751267,182.73094177246094,-0.08150003486297598,26417114.0,False
2024-06-27,GOOGL,182.8798679380617,184.7366779293804,182.72100889129027,184.1011962890625,18848900,0.00832053633324259,1.082841111079368,170.16171875,146.30452167510987,0.01115739270505,184.1011962890625,0.0,26378502.0,False
2024-06-28,GOOGL,183.01890751714419,183.82318736943728,180.67556595744807,180.8642120361328,29156600,-0.017582635627457877,1.04621927475337,170.6950912475586,146.53768985748292,0.011945543922089092,184.1011962890625,-1.7582635627457883,26526372.0,True
2024-07-01,GOOGL,181.7379989393426,182.58200489120532,180.02021516731907,181.6982879638672,16006100,0.004611613974619511,1.0556556481559585,171.23443420410158,146.7682343673706,0.010688532941916334,184.1011962890625,-1.3052105981008608,26448834.0,False
2024-07-02,GOOGL,180.76490422906483,184.26006063956154,180.27835770580916,183.93238830566406,17372500,0.012295659837153528,1.0809312907480075,171.85654418945313,147.00305652618408,0.01087503414421143,184.1011962890625,-0.0916930399156056,26143972.0,False
2024-07-03,GOOGL,183.54517717367796,184.77641449987277,182.70117113788092,184.50833129882812,10242100,0.0031312755652741497,1.087447260051741,172.44673217773436,147.24422969818116,0.010874979832430283,184.50833129882812,0.0,25819890.0,False
2024-07-05,GOOGL,184.54801654082962,189.5127215858847,184.48844250446135,189.2545623779297,20967500,0.025723668116723664,1.1411440605804763,173.0925698852539,147.50511714935303,0.011910057149819847,189.2545623779297,0.0,25816208.0,False
2024-07-08,GOOGL,188.55950207105113,188.8276004007438,186.4544718628467,187.69564819335938,21035900,-0.008237128685211093,1.1235071814198996,173.68997161865235,147.75905323028564,0.012170242508908214,189.2545623779297,-0.823712868521107,25781344.0,False
2024-07-09,GOOGL,188.96662487953267,190.00921610095705,187.3878521119617,187.64601135253906,15121400,-0.0002644538714566824,1.122945611724707,174.34846740722656,148.03406475067138,0.012166285857886545,189.2545623779297,-0.84994042160973,24941578.0,False
2024-07-10,GOOGL,187.81477541116223,190.39642795230205,187.69562734501247,189.8304443359375,15952500,0.011641243891373998,1.1476593393589165,174.73426666259766,148.3363632583618,0.011704063947318549,189.8304443359375,0.0,23967322.0,False
2024-07-11,GOOGL,188.5098571184734,189.51272208583228,183.77352425069444,184.26007080078125,25625800,-0.02934394193008638,1.0846385484191607,175.12370758056642,148.61175205230714,0.013838923199803935,189.8304443359375,-2.9343941930086404,23567638.0,True
2024-07-12,GOOGL,183.77353479614163,185.7892039533301,183.18770320192158,183.76361083984375,22898400,-0.0026943437000752635,1.0790218156792935,175.57006652832033,148.88039379119874,0.013810936696068208,189.8304443359375,-3.195922296508693,23354348.0,False
2024-07-15,GOOGL,183.61465170436622,186.91122316515236,183.61465170436622,185.21328735351562,16474000,0.007888811647999816,1.0954228271952702,176.02399658203126,149.16887985229494,0.013833381249590592,189.8304443359375,-2.432253160747506,23013964.0,False
2024-07-16,GOOGL,186.03743905754484,187.34811338839907,182.0755987428797,182.62171936035156,18290700,-0.01399234380100145,1.0661029505886876,176.37134765625,149.43463874816894,0.013784715886050946,189.8304443359375,-3.7974546184113986,22893888.0,False
2024-07-17,GOOGL,181.6784348799773,182.2543425380115,178.63009842037727,179.74220275878906,20734100,-0.015767656835387722,1.033525348277223,176.64880950927736,149.6772226715088,0.014236682103818569,189.8304443359375,-5.314343340679098,22615322.0,False
2024-07-18,GOOGL,180.64574423979403,181.21172786784336,175.22429500298105,176.43568420410156,25315700,-0.01839589425264132,0.9961168310102497,176.84308227539063,149.91046447753905,0.014859233162028527,189.8304443359375,-7.05617066782587,22684210.0,True
2024-07-19,GOOGL,177.61730362532302,179.01733902058587,175.87965675110726,176.40591430664062,18881900,-0.00016872945852897114,0.9957800272981927,176.9742758178711,150.12714317321777,0.014588688076245146,189.8304443359375,-7.071853029822692,22501054.0,False
2024-07-22,GOOGL,179.31522557776697,181.41033185766577,178.9577661837674,180.38760375976562,24100300,0.022571178912991208,1.0408271353653147,177.22219696044922,150.3723589324951,0.015299835681037748,189.8304443359375,-4.9743551985060686,22591678.0,True
2024-07-23,GOOGL,180.76493403159583,182.31391975552617,180.25852436340998,180.5067596435547,36352700,0.0006605547238587306,1.0421752133701592,177.46099609375,150.60423568725585,0.014774537321039402,189.8304443359375,-4.911585559944723,23011798.0,True
2024-07-24,GOOGL,172.37457678491225,174.9462905344622,170.60714288242724,171.4114227294922,49585200,-0.05038779119420789,0.9392745151368767,177.54387359619142,150.79147872924804,0.018512208775315727,189.8304443359375,-9.702880731738528,23407504.0,True
2024-07-25,GOOGL,171.3022145629285,172.19585555378663,166.00983631882548,166.0991973876953,44852000,-0.030991081324727165,0.8791743009272988,177.51078735351564,150.9397135925293,0.01836825029300127,189.8304443359375,-12.501286098369807,23677992.0,True
2024-07-26,GOOGL,165.9701020997129,166.90346917641645,162.90191767605657,165.8211669921875,41336900,-0.00167388163146176,0.8760287855826616,177.44833709716798,151.08239273071288,0.018360890659993082,189.8304443359375,-12.647748588346278,24002188.0,True
2024-07-29,GOOGL,167.63824201341453,169.22693862858085,166.80417515412134,168.3332977294922,20293800,0.015149638510402186,0.9044499435193478,177.39308532714844,151.2394178009033,0.018655786925157725,189.8304443359375,-11.324393556389948,23869096.0,False
2024-07-30,GOOGL,169.03828621199597,170.0212881339037,167.25098932978506,169.08792114257812,18959700,0.004482912313038545,0.9129874256207162,177.31979949951173,151.3878680419922,0.01847821983669238,189.8304443359375,-10.92686858839772,23690932.0,False
2024-07-31,GOOGL,172.01711347343624,173.01997848256258,168.80990296351985,170.3291015625,25729100,0.007340444021872505,0.9270296027330311,177.23404541015626,151.55035934448242,0.018544168059644373,189.8304443359375,-10.273032253417966,23715928.0,True
2024-08-01,GOOGL,169.04823192931204,172.82141135501334,167.68790739296938,169.55462646484375,24531400,-0.004546933498454808,0.9182675272798502,177.11574310302734,151.7169623565674,0.018215114530662734,189.8304443359375,-10.681014808779679,23755468.0,True
2024-08-02,GOOGL,165.26510279286998,167.32048278839775,163.50759297707282,165.48355102539062,29130100,-0.024010406111196536,0.8722091449199403,176.89757202148436,151.85458129882812,0.018662962929123394,189.8304443359375,-12.825599916660826,23998282.0,True
2024-08-05,GOOGL,154.4023257364845,163.26928160754815,153.83634209310054,158.1258544921875,53630700,-0.044461799904657706,0.7889673565388395,176.56140533447265,151.95233711242676,0.019163421281426903,189.8304443359375,-16.701530649974824,24713296.0,True
2024-08-06,GOOGL,158.2053051541738,159.43655755600886,155.3059189992834,157.17263793945312,49004600,-0.006028214397927334,0.7781830777627301,176.26231048583983,152.05405471801757,0.019170092182933602,189.8304443359375,-17.20367168223596,25272890.0,True
2024-08-07,GOOGL,160.11174561926643,161.82952940748444,157.35137068982363,157.81805419921875,25138600,0.004106416156317572,0.7854850374821454,175.94756011962892,152.16004081726075,0.019284376978277458,189.8304443359375,-16.863675501948116,25444074.0,False
2024-08-08,GOOGL,159.37697100848436,162.53453159498838,159.0791007984094,160.88624572753906,25578800,0.019441321488143704,0.8201972261081061,175.66620483398438,152.29202964782715,0.019751653472756255,189.8304443359375,-15.247395490038846,25544206.0,True
2024-08-09,GOOGL,158.88049573069213,162.63381177677473,157.93720474099763,162.51466369628906,28602300,0.010121548684203452,0.8386204409470113,175.42733612060547,152.42769760131836,0.01946051743360366,189.8304443359375,-14.389567877378237,25648478.0,True
2024-08-12,GOOGL,163.1898651801224,163.73597062856854,160.69757348531624,161.14439392089844,15895300,-0.008431668529009895,0.823117802838284,175.236240234375,152.5450588989258,0.019455321062737375,189.8304443359375,-15.111406663661484,25507754.0,False
2024-08-13,GOOGL,162.25649966122157,163.56717396094234,161.81960317762199,163.00120544433594,18551700,0.011522656657537489,0.8441249633266337,175.07454467773437,152.73716316223144,0.01960112805911791,189.8304443359375,-14.133264548505522,25126010.0,False
2024-08-14,GOOGL,161.25363005478357,162.0678490367502,156.59674898008666,159.2379608154297,40591100,-0.023087219622994648,0.8015492452860646,174.82429412841796,152.9269647216797,0.019887736640046914,189.8304443359375,-16.115688728183752,25388650.0,True
2024-08-15,GOOGL,159.36703635252704,160.49898852805327,158.4833194361169,160.16139221191406,31524300,0.005799065698628869,0.8119965477187938,174.58021392822266,153.12192893981933,0.01993184192637408,189.8304443359375,-15.629238096034252,25481544.0,True
2024-08-16,GOOGL,160.3302046522989,163.89485965448893,159.99260830608642,161.8096923828125,24208600,0.010291495023454278,0.830644701172158,174.33696563720704,153.31377849578857,0.019971375897963724,189.8304443359375,-14.760936819774534,25524346.0,False
2024-08-19,GOOGL,164.11331216253947,165.51336282117407,163.10050794660387,165.49349975585938,22416200,0.022766296127253227,0.8723217005428303,174.1412091064453,153.52593154907225,0.020796769599269065,189.8304443359375,-12.820359065803865,25507650.0,False
2024-08-20,GOOGL,165.72184041376482,167.4495631411608,165.64241846979237,165.99986267089844,18341500,0.0030597148273863173,0.8780504710116184,174.00060791015625,153.72886352539064,0.0200269478979089,189.8304443359375,-12.553614225791287,25481252.0,False
2024-08-21,GOOGL,163.98421986679392,165.6722318912375,163.50761237161458,164.67929077148438,22902000,-0.007955258987365266,0.8631100931233777,173.81870178222655,153.9200353240967,0.020020196089113217,189.8304443359375,-13.24927287213417,25464758.0,False
2024-08-22,GOOGL,166.07930514645545,166.406977492495,162.15719125168386,162.64373779296875,22493300,-0.012360710135315367,0.8400807293120993,173.56411193847657,154.09304542541503,0.01714355389787985,189.8304443359375,-14.321573464189555,25483812.0,False
2024-08-23,GOOGL,163.5572714789503,165.0069571091441,162.67355443967108,164.45091247558594,13955700,0.011111246624924354,0.8605263201052566,173.32243011474608,154.26938842773438,0.016054557610801552,189.8304443359375,-13.369579336514711,25205632.0,False
2024-08-26,GOOGL,165.20553931092914,166.36727853932712,163.29909428347517,164.98709106445312,14190400,0.003260417232083146,0.8665924121800721,173.14370086669922,154.44484184265136,0.01607032315084041,189.8304443359375,-13.087128020160879,25071174.0,False
2024-08-27,GOOGL,164.66933228950003,165.26510295168842,163.29908400819048,163.51751708984375,11821900,-0.008907205800939177,0.8499662894183126,172.90321044921876,154.60863304138184,0.015782598961897095,189.8304443359375,-13.861278857635984,24946340.0,False
2024-08-28,GOOGL,163.87498286647468,164.4310425767687,160.38976526426643,161.70045471191406,16407400,-0.011112340807690413,0.829408833527558,172.61744201660156,154.77127334594726,0.015865491192597916,189.8304443359375,-14.818481683708542,24882118.0,False
2024-08-29,GOOGL,163.15014011129165,164.798425876507,159.11880190681103,160.63800048828125,19699800,-0.006570508571083988,0.8173886871068485,172.35312133789063,154.91694778442383,0.01574579213062466,189.8304443359375,-15.378167579903684,24838716.0,False
2024-08-30,GOOGL,161.47208537407533,162.50475265729827,160.54865737475214,162.2267303466797,22123800,0.009890124712516712,0.8353628878734523,172.09654541015624,155.0730453491211,0.01597310387827172,189.8304443359375,-14.541247103867233,24877990.0,False
2024-09-03,GOOGL,160.57841450941874,160.707501683565,155.37539838425428,156.2491912841797,38945300,-0.03684681956990665,0.7677356026986764,171.65428924560547,155.19166793823243,0.017066548322133508,189.8304443359375,-17.690130352500272,24501716.0,True
2024-09-04,GOOGL,155.554151121504,157.87762958096508,154.8590954051368,155.3456268310547,19353800,-0.005782842430727464,0.7575130662490828,171.20210388183594,155.30081367492676,0.014161660086891507,189.8304443359375,-18.166115359165477,24522832.0,False
2024-09-05,GOOGL,155.1966988484402,158.32445729106303,154.87895042005644,156.13006591796875,18688700,0.005049637398336193,0.7663878699564786,170.67008636474608,155.40242630004883,0.01416147104598707,189.8304443359375,-17.752883914831994,24434002.0,False
2024-09-06,GOOGL,156.18961281792176,156.71587030378532,149.4872614761098,149.85464477539062,37912100,-0.040193546999943264,0.6953904760852532,170.01553894042968,155.48069534301757,0.016577994958165403,189.8304443359375,-21.05868724081099,24795464.0,True
2024-09-09,GOOGL,151.63440296353113,152.51929268189775,146.37478062718725,147.85623168945312,39260500,-0.01333567664140689,0.6727812969152593,169.2906396484375,155.54431091308595,0.01595706711415052,189.8304443359375,-22.1114230614157,25203696.0,True
2024-09-10,GOOGL,149.58621970938498,150.40151913279468,147.48833322690425,147.80650329589844,31118800,-0.00033632937202898727,0.672218691432126,168.62948547363283,155.6041072845459,0.015658281235641485,189.8304443359375,-22.137619277585685,25242940.0,True
2024-09-11,GOOGL,149.0592434246133,150.63017379029483,146.67302891819028,150.29212951660156,29607700,0.016816758162034873,0.7003399887599744,168.0013623046875,155.6687939453125,0.016288985906939436,189.8304443359375,-20.828226451056562,25514972.0,True
2024-09-12,GOOGL,152.91699025153633,153.931138367879,151.7735836501272,153.8018798828125,29621500,0.02335285538570564,0.7400477826240184,167.39875213623046,155.75995582580566,0.01701167245960076,189.8304443359375,-18.979339472738253,25759952.0,True
2024-09-13,GOOGL,154.5376253409391,157.4707006975876,154.31890238034902,156.5559844970703,29591200,0.017906833234784036,0.7712065280880225,166.8397052001953,155.8662766265869,0.0168976862408824,189.8304443359375,-17.528516016104522,26146934.0,True
2024-09-16,GOOGL,156.4068328344505,157.34143843484944,155.70091765708278,157.15252685546875,18379800,0.0038104091665023265,0.7779555496784178,166.1976644897461,155.9716625213623,0.016865153222982952,189.8304443359375,-17.214265917557235,26095180.0,False
2024-09-17,GOOGL,158.10702330973243,159.6282379126932,157.4706983462141,158.40530395507812,20715600,0.007971727370069903,0.792128926596557,165.61185760498046,156.094271774292,0.016796564255621538,189.8304443359375,-16.554320615320904,26088774.0,False
2024-09-18,GOOGL,158.9421720163007,159.57849687987786,157.6894117080279,158.8924560546875,23677300,0.0030753521974713482,0.7976403542291177,165.03678649902344,156.2315160369873,0.015938421590471236,189.8304443359375,-16.29769576185574,26259892.0,False
2024-09-19,GOOGL,162.77008449382728,162.8496118323656,160.41368126049775,161.20909118652344,26587700,0.01457989378072555,0.8238497596497241,164.46435943603515,156.38366592407226,0.01630851763182797,189.8304443359375,-15.077325056861623,26472596.0,True
2024-09-20,GOOGL,162.5612924555598,162.78996770160265,161.1295575441582,162.65077209472656,40896400,0.008942925598005358,0.8401603123522114,164.03217346191406,156.55586799621582,0.016378670961723105,189.8304443359375,-14.317867893261552,26778008.0,True
2024-09-23,GOOGL,163.40640761812853,164.53986181971814,160.74178667068307,160.92076110839844,24150900,-0.01063635274550423,0.820587718161756,163.57531646728515,156.7108905029297,0.016320247907363458,189.8304443359375,-15.229213274335715,26803058.0,False
2024-09-24,GOOGL,162.09398745781283,162.28289902982328,159.7674258440889,161.3582305908203,23332100,0.0027185397297939673,0.8255370582051538,163.09821533203126,156.87291061401368,0.01612642101407171,189.8304443359375,-14.9987605226961,26940220.0,False
2024-09-25,GOOGL,160.54293101542476,161.87523384572484,160.37390888064178,160.5628204345703,18869200,-0.004929467516702202,0.8165381325761953,162.65703735351562,156.99668701171876,0.016122894586659903,189.8304443359375,-15.417771371578898,26951790.0,False
2024-09-26,GOOGL,162.70049439754706,163.13797065652983,161.34830194759303,161.79571533203125,20319300,0.007678582713756876,0.8304865708798752,162.29810760498046,157.1362483215332,0.01613107956661686,189.8304443359375,-14.768299732941673,26943494.0,False
2024-09-27,GOOGL,161.87522813854878,164.74863467091632,161.69626888609332,163.00868225097656,21101300,0.007496903836149871,0.8442095526751254,162.02956756591797,157.29030471801758,0.016022723916083913,189.8304443359375,-14.12932587224799,26859206.0,False
2024-09-30,GOOGL,162.38232355982177,165.19606207708327,162.32265529939457,164.89779663085938,20413900,0.011589041478013096,0.8655821736752254,161.79940521240235,157.4576251220703,0.01611140915433501,189.8304443359375,-13.134167068036534,26889846.0,False
2024-10-01,GOOGL,166.72722798963838,168.18878935347016,163.63508311957565,166.03125,28338100,0.006873672009565901,0.878405573643962,161.51227813720703,157.63036483764648,0.016044981523056476,189.8304443359375,-12.53707982362447,26974602.0,True
2024-10-02,GOOGL,165.46452779504156,166.5582184121097,163.7842281975384,164.90774536132812,17760200,-0.00676682635751924,0.865694729298117,161.2002978515625,157.80061126708983,0.013638049019535426,189.8304443359375,-13.128926217179574,26602752.0,False
2024-10-03,GOOGL,163.4660733087808,165.6832659184552,162.9788810936898,164.90774536132812,15073100,0.0,0.865694729298117,161.07022430419923,157.9675848388672,0.013516872836591882,189.8304443359375,-13.128926217179574,25912510.0,False
2024-10-04,GOOGL,167.09510397311843,167.26412612073125,164.5299148711692,166.10084533691406,19047400,0.007234954143431782,0.8791929451102312,161.0702572631836,158.1246549987793,0.013542343409205257,189.8304443359375,-12.500417981970187,25396418.0,False
2024-10-07,GOOGL,166.75705707061962,167.51268816069472,161.81559051224986,162.0442657470703,22463100,-0.024422389793474553,0.8332985625076017,160.99471923828125,158.2572270965576,0.011271834180143188,189.8304443359375,-14.637366880780611,25018942.0,False
2024-10-08,GOOGL,162.99875730912473,163.78421492779364,161.93489332497202,163.4362335205078,23072700,0.008590046472919832,0.8490466823582792,160.89677795410157,158.3883783721924,0.01060160064738064,189.8304443359375,-13.904097895235711,25074520.0,False
2024-10-09,GOOGL,162.5115774919813,163.89359644421285,158.8228863013817,160.9307098388672,31181800,-0.015330282812264118,0.820700273784648,160.73363372802734,158.49668724060058,0.011439157269016537,189.8304443359375,-15.223972423478754,25318962.0,True
2024-10-10,GOOGL,159.94638493252756,162.13376610989224,159.4790821511072,161.14944458007812,14144100,0.001359185834884702,0.8231749438063469,160.55004058837892,158.6007836151123,0.011072876132853548,189.8304443359375,-15.108746047658947,25087262.0,False
2024-10-11,GOOGL,161.19916764793726,162.9589946210884,160.31427801309022,162.30279541015625,15344300,0.007157026405418376,0.836223455020866,160.40500396728515,158.7104978942871,0.010137086117306354,189.8304443359375,-14.501177101532964,24903520.0,False
2024-10-14,GOOGL,162.70048027253844,165.27560646204375,162.46185274166893,164.01290893554688,19016100,0.010536562362151392,0.8555709379655385,160.37559112548828,158.83446571350098,0.009699288348435088,189.8304443359375,-13.600313422172722,24701240.0,False
2024-10-15,GOOGL,164.83813228183462,166.71728049354707,163.68480379630955,164.51004028320312,20247200,0.0030310501221071373,0.8611952664836373,160.50327484130858,158.96161338806152,0.009694562584502818,189.8304443359375,-13.338431641620973,24033570.0,False
2024-10-16,GOOGL,163.58538887396847,164.84810171857748,162.79993114663196,164.21177673339844,16406000,-0.0018130416191693977,0.8578208420041014,160.6440576171875,159.08994758605957,0.009639595639889705,189.8304443359375,-13.49555267183721,23381598.0,False
2024-10-17,GOOGL,164.77847983302945,165.4148047545223,161.82553046438127,161.9945526123047,21453400,-0.013502223562768312,0.8327361296557916,160.7275875854492,159.21473342895507,0.010189610907935112,189.8304443359375,-14.663555058835783,23307894.0,False
2024-10-18,GOOGL,162.25306000415483,163.7643372928155,162.1436909535705,162.4817352294922,19757700,0.003007401232518303,0.8382479025509992,160.75949737548828,159.33823577880858,0.009718867106009586,189.8304443359375,-14.406914129140997,23191472.0,False
2024-10-21,GOOGL,162.01442609995885,163.55552987158697,161.68631896113368,163.1280059814453,20946500,0.003977497846390676,0.845559529624528,160.7717642211914,159.47751602172852,0.009560247898129216,189.8304443359375,-14.066467814423723,23038356.0,False
2024-10-22,GOOGL,162.04426180421996,164.81825178422423,162.04426180421996,164.19186401367188,16568100,0.006521614886579208,0.8575955581269954,160.83271362304689,159.62538848876954,0.009319485903130456,189.8304443359375,-13.506042411665941,23051812.0,False
2024-10-23,GOOGL,163.81404098216163,164.867967838788,161.00028733207427,161.8454132080078,18280500,-0.01429090789461207,0.8310488311003621,160.80959777832032,159.74610610961915,0.009884711282176549,189.8304443359375,-14.74211959300131,23046388.0,False
2024-10-24,GOOGL,161.89513565846306,162.39226497688696,160.0855776572324,161.7857666015625,22412500,-0.00036854060466118277,0.8303740152569843,160.86055389404297,159.8560619354248,0.00981646356874241,189.8304443359375,-14.773540583798633,22682816.0,False
2024-10-25,GOOGL,162.7303165163636,164.63929136354844,162.48175184608664,164.32113647460938,19828900,0.0156711552956994,0.8590580906992893,160.94374877929687,159.97209915161133,0.010257500465309127,189.8304443359375,-13.437943502984712,22448908.0,False
2024-10-28,GOOGL,167.78113051042075,167.78113051042075,163.00868643055472,165.76278686523438,32138600,0.008773371591473733,0.8753682981391298,161.0228106689453,160.0963363647461,0.010302924394593058,189.8304443359375,-12.678502415614263,22607508.0,True
2024-10-29,GOOGL,166.76699401414237,169.40178845873763,166.13066910445878,168.70579528808594,42169000,0.01775433725812192,0.9086642193874821,161.08705657958984,160.23246208190918,0.010704291869634931,189.8304443359375,-11.128167097616796,23002564.0,True
2024-10-30,GOOGL,179.6426331826948,180.9749512117023,173.06064622942904,173.45835876464844,68890800,0.028170718548505835,0.9624326619154504,161.23622650146484,160.3931439971924,0.012181368766596855,189.8304443359375,-8.624583706033924,24013550.0,True
2024-10-31,GOOGL,172.13600066532192,175.80481742033143,170.01822493850247,170.12759399414062,44769000,-0.019202100113417164,0.9247498334755102,161.34519256591796,160.54223022460937,0.012916888771354273,189.8304443359375,-10.37918359761583,24450890.0,True
2024-11-01,GOOGL,169.0935675366594,171.33064938867685,167.91039737420323,170.30654907226562,31796500,0.0010518874329767947,0.9267744536369673,161.4984487915039,160.68224365234374,0.012912557142920092,189.8304443359375,-10.28491258710905,24636954.0,True
2024-11-04,GOOGL,168.95436679599575,169.7497767581588,167.04539198951443,168.26834106445312,21492700,-0.011967878034729207,0.903715051975408,161.57479736328125,160.79768493652344,0.013171977500788742,189.8304443359375,-11.358611811141598,24787694.0,False
2024-11-05,GOOGL,168.45722424913848,169.55091475770118,167.87061532690117,168.7654571533203,18242100,0.00295430552011422,0.9093392078621836,161.6503646850586,160.91754585266114,0.01184961149811463,189.8304443359375,-11.09673806870466,24868728.0,False
2024-11-06,GOOGL,172.8021647148181,175.92413641911588,172.50388407123629,175.49659729003906,33695500,0.03988458450122079,0.9854924088396568,161.8899462890625,161.06585556030274,0.014410415138477885,189.8304443359375,-7.550868405771752,25306200.0,True
2024-11-07,GOOGL,176.39144450553113,180.04037221530027,176.17270637176324,179.71226501464844,25352900,0.024021364457809113,1.0331866456206074,162.2501824951172,161.22701148986818,0.014398738342853091,189.8304443359375,-5.330114121938845,25485110.0,False
2024-11-08,GOOGL,179.612801825818,179.86136646447602,177.05756522942787,177.32601928710938,22006200,-0.01327814619299672,1.0061896961024082,162.58394287109374,161.36051620483397,0.014946367729504719,189.8304443359375,-6.5871547067020515,25531238.0,False
2024-11-11,GOOGL,177.55470270682915,179.513393363608,177.44533365392132,179.31454467773438,17450400,0.011213951560066215,1.0286870101748047,162.92569915771483,161.50237663269044,0.015006206516360013,189.8304443359375,-5.539627584495055,25437770.0,False
2024-11-12,GOOGL,178.787601775427,181.44227061052396,178.36006265722634,180.57725524902344,25134900,0.0070418747880067745,1.0429727700845115,163.41226043701172,161.6440047454834,0.014959460681959613,189.8304443359375,-4.874449469516575,25161562.0,False
2024-11-13,GOOGL,179.423911961303,179.9210412566759,177.51492211643085,177.8529815673828,23184000,-0.015086471869802942,1.0121515188578583,163.86240753173828,161.7821774291992,0.01557034892497191,189.8304443359375,-6.309558411694235,25238166.0,False
2024-11-14,GOOGL,177.25640967199746,177.79331777453538,173.31915438556513,174.57191467285156,31007500,-0.018448197301028424,0.9750309506384045,164.23124450683594,161.9602791595459,0.016279093785508392,189.8304443359375,-8.03797816333578,25484542.0,True
2024-11-15,GOOGL,172.73255057874763,173.1402002652983,170.236966835199,171.4996795654297,32504600,-0.01759867910699875,0.9402730147117286,164.66414520263672,162.11776321411133,0.01651016650986911,189.8304443359375,-9.656388275670041,25376392.0,True
2024-11-18,GOOGL,172.42430723181965,174.43271364954478,171.90728856394193,174.29351806640625,20135300,0.016290633942034116,0.9718812921420044,165.1928909301758,162.28316635131836,0.0167690115950462,189.8304443359375,-8.18463356806772,24993888.0,False
2024-11-19,GOOGL,172.72258919074153,177.8430144374994,172.56350418840825,177.09732055664062,23434900,0.016086671043992196,1.003602297826495,165.77870727539062,162.45614196777345,0.01699365442550944,189.8304443359375,-6.707629971493629,24840210.0,False
2024-11-20,GOOGL,176.32181201959514,176.65985629395433,172.7822539205829,174.96961975097656,18997100,-0.012014302638664542,0.9795304134528837,166.27225708007813,162.61639617919923,0.01733714903417242,189.8304443359375,-7.828472738894379,24627998.0,False
2024-11-21,GOOGL,172.90156244724747,173.13025284582125,162.7601278802168,166.66757202148438,59734400,-0.04744850986878735,0.8856046450945998,166.52957092285158,162.72799919128417,0.020269206163373975,189.8304443359375,-12.201874359764155,25230256.0,True
2024-11-22,GOOGL,164.8978098993039,165.5043083073982,162.95899331574788,163.81405639648438,38604600,-0.0171210007465169,0.8533212065582993,166.67473236083984,162.82349983215332,0.020675945848692232,189.8304443359375,-13.705066134393421,25410524.0,True
2024-11-25,GOOGL,165.13641317917185,167.6618386099698,164.65917328191838,166.6874542236328,33135300,0.017540606040509,0.8858295837090593,166.86543090820314,162.91804405212403,0.020747088859628546,189.8304443359375,-12.191400696165047,25705634.0,True
2024-11-26,GOOGL,166.6675967855572,168.84502584498395,166.61788081451584,168.14903259277344,20486700,0.008768376576078207,0.9023652476573292,167.06030548095703,163.0271858215332,0.020746993948350303,189.8304443359375,-11.421461830851056,25701056.0,False
2024-11-27,GOOGL,168.02970184723952,168.50694172289835,167.0553326761747,168.2583770751953,19266500,0.0006502831490364791,0.9036023237211934,167.24762390136718,163.14872650146484,0.02038424894767558,189.8304443359375,-11.363860700113369,25612840.0,False
2024-11-29,GOOGL,167.53258236969043,168.4572356311654,166.20027942100947,167.97999572753906,14257200,-0.0016544872980193137,0.9004528378561167,167.3830419921875,163.26490791320802,0.019340928015778226,189.8304443359375,-11.5105080667305,25366230.0,False
2024-12-02,GOOGL,167.80103219947992,171.09202581712017,167.60218350894124,170.5054168701172,23789100,0.015034058857069654,0.9290243576755306,167.5401348876953,163.40943656921388,0.019203178772430895,189.8304443359375,-10.18015183677354,25024084.0,False
2024-12-03,GOOGL,170.5054406416943,171.6885958252668,169.86911564054563,170.35629272460938,22248700,-0.0008746006329019007,0.9273372317514244,167.72884552001952,163.5643773651123,0.019203918310024954,189.8304443359375,-10.258708332824252,24986040.0,False
2024-12-04,GOOGL,170.16736706139073,173.9057894087997,170.0778874212496,173.36888122558594,31615100,0.01768404590634387,0.9614203518347222,167.96905853271485,163.73140579223633,0.019354787875976782,189.8304443359375,-8.671719211287314,25151700.0,True
2024-12-05,GOOGL,174.35320380974355,175.04918185581036,171.3406012044101,171.64881896972656,21356200,-0.00992140137087949,0.9419603132671583,168.19077850341796,163.8827424621582,0.019513107393165814,189.8304443359375,-9.577823741504517,25201440.0,False
2024-12-06,GOOGL,171.0423185605895,174.07481055205204,170.87329640646647,173.70693969726562,21462400,0.011990299379234681,0.965244998805824,168.42900299072267,164.03673271179198,0.017587412730970805,189.8304443359375,-8.493634777643237,25224302.0,False
2024-12-09,GOOGL,173.15945800345577,175.44886145410123,172.8508718378986,174.56295776367188,25389600,0.0049279439721758855,0.9749296160515379,168.66008850097657,164.19564781188964,0.01673811027805175,189.8304443359375,-8.042696536730006,25310068.0,True
2024-12-10,GOOGL,182.00855531536865,185.502397306232,180.21683563214248,184.31787109375,54813000,0.05588192051193697,1.0852924758724,169.04848999023437,164.4350255584717,0.020609078536544628,189.8304443359375,-2.9039458141034835,25998050.0,True
2024-12-11,GOOGL,184.45722971599074,194.7098337526011,183.99935507018319,194.50079345703125,67894100,0.05524652765819926,1.2004976443161195,169.617880859375,164.7188215637207,0.023610057733495633,194.50079345703125,0.0,26789170.0,True
2024-12-12,GOOGL,194.10264873841155,194.28181312365592,190.82779534779633,191.07664489746094,34817500,-0.017604805094673104,1.161758312176647,170.14125885009764,164.99789451599122,0.02406685389370445,194.50079345703125,-1.7604805094673142,27130316.0,True
2024-12-13,GOOGL,190.1309677786731,191.84305356516361,188.76727736993067,188.9464569091797,25143500,-0.011148343061101906,1.1376582888973132,170.6220330810547,165.25600173950195,0.023934115248894487,194.50079345703125,-2.855688374905584,27331724.0,False
2024-12-16,GOOGL,191.98242240358925,198.08421748080238,191.733572884141,195.75498962402344,44934900,0.03603419098838345,1.21468707594734,171.21511596679687,165.55469757080078,0.024423112998619254,195.75498962402344,0.0,27849474.0,True
2024-12-17,GOOGL,196.3422712265007,200.4930793963414,194.082713332717,194.52069091796875,43504000,-0.0063053243670843084,1.2007227555619027,171.86464447021484,165.8660166168213,0.024004027046195513,195.75498962402344,-0.6305324367084291,28270292.0,True
2024-12-18,GOOGL,194.3216274116736,196.09343489769404,186.87605352724106,187.5330047607422,34166100,-0.03592258553190797,1.121667104143214,172.34657989501954,166.14576927185058,0.025569220928074596,195.75498962402344,-4.200140634510923,28492160.0,True
2024-12-19,GOOGL,190.74815442108678,192.14170577082706,187.51311039837418,187.6425018310547,32265200,0.0005838815970138356,1.1229059065203129,172.8808157348633,166.43236740112306,0.025420150830066646,195.75498962402344,-4.144204859630904,28513828.0,True
2024-12-20,GOOGL,184.925048408463,192.00232914747002,184.3676279309519,190.52914428710938,63462900,0.015383734643730662,1.1555641276598299,173.4684097290039,166.71862091064452,0.0253104737307016,195.75498962402344,-2.66958474312766,29500204.0,True
2024-12-23,GOOGL,191.73358450411797,194.20218282242337,189.2749498878787,193.73434448242188,25675000,0.016822624209567483,1.1918263729390755,174.09704071044922,167.01579246520996,0.022456496109572212,195.75498962402344,-1.0322317431001438,29706818.0,False
2024-12-24,GOOGL,193.9433748674021,195.20753479003906,192.8882552424337,195.20753479003906,10403300,0.007604177315864824,1.2084934093244932,174.72093322753906,167.30912269592284,0.021741816941331815,195.75498962402344,-0.27966328471925206,29534562.0,False
2024-12-26,GOOGL,194.2519335810559,195.84457662010342,193.48548797808414,194.6998748779297,12046600,-0.0026006163781301384,1.2027499651932114,175.3247299194336,167.59579872131349,0.021772191237520392,195.75498962402344,-0.5389976256136585,29370550.0,False
2024-12-27,GOOGL,194.05284898883724,194.42115659969988,189.77263428806026,191.8729248046875,18891400,-0.014519526912970981,1.1707670777910426,175.87795288085937,167.86194274902343,0.022298904504314855,195.75498962402344,-1.983124326379634,29420258.0,False
2024-12-30,GOOGL,188.92657901389887,191.66392402935992,188.2497003483825,190.35995483398438,14264700,-0.007885270797029942,1.1536499915453828,176.44526092529296,168.10410766601564,0.022488568401533696,195.75498962402344,-2.7560139337449474,29276484.0,False
2024-12-31,GOOGL,190.2006709297877,191.07662611886298,187.6424905201336,188.42886352539062,17466900,-0.010144419871699784,1.131802461774464,176.96420349121092,168.34613830566406,0.022710748253686484,195.75498962402344,-3.7424977583987653,29230668.0,False
2025-01-02,GOOGL,189.7726449747486,191.11643850843902,186.63714698089748,188.55825805664062,20370800,0.0006867022855687743,1.1332663753973455,177.47280853271485,168.55658241271973,0.02263243479190777,195.75498962402344,-3.6763975116063228,29219154.0,False
2025-01-03,GOOGL,190.489329030918,192.32087307336826,189.10572628313417,190.9073944091797,18596200,0.012458411404253633,1.1598434855369066,178.007119140625,168.78199562072754,0.022645117252594497,195.75498962402344,-2.4763584438661193,29259716.0,False
2025-01-06,GOOGL,193.08731986382298,197.30781329054136,192.9579284385956,195.96401977539062,29563600,0.02648732062925152,1.217051952447323,178.68949127197266,169.02421195983888,0.022957795139178238,195.96401977539062,0.0,29485378.0,True
2025-01-07,GOOGL,196.2029178508013,200.07501580789895,193.70447411630906,194.5903778076172,26487200,-0.007009664168697305,1.2015111628161126,179.34558349609375,169.2652133178711,0.022864813336049023,195.96401977539062,-0.7009664168697263,29566872.0,False
2025-01-08,GOOGL,191.683825506133,195.38669258245946,191.49469743094454,193.05746459960938,24864800,-0.007877641357597498,1.1841684474306997,179.92031005859374,169.48283012390138,0.023025313170986737,195.96401977539062,-1.4832085905936587,29667590.0,False
2025-01-10,GOOGL,193.40585949210492,195.61564455345277,189.4342154897214,191.15625,26665200,-0.009847920688031309,1.1626589297911019,180.42817932128906,169.69441207885743,0.023261495013784207,195.96401977539062,-2.4533941388328215,29558122.0,False
2025-01-13,GOOGL,189.19533519391976,190.30021256834414,186.4977995025927,190.13099670410156,21823700,-0.0053634306798675535,1.1510596585369708,180.85668334960937,169.89789237976075,0.020138452440285542,195.96401977539062,-2.9765785974255565,29151216.0,False
2025-01-14,GOOGL,190.35994708125565,191.09653198927745,187.4434226127788,188.78721618652344,17174900,-0.00706765619952765,1.135856708405758,181.16326049804687,170.09366203308105,0.01601903205605947,195.96401977539062,-3.6623067832008505,28116898.0,False
2025-01-15,GOOGL,192.20142977574318,195.45638605757955,190.97709427450172,194.65011596679688,21776000,0.031055597400625023,1.2021870144474316,181.6537109375,170.318448638916,0.01702964458188279,195.96401977539062,-0.6704821681550092,27657038.0,False
2025-01-16,GOOGL,193.24656734433407,194.5803970206782,191.92268618011735,192.02223205566406,17815400,-0.013500551479666556,1.1724562752910308,182.08802459716796,170.5074826812744,0.017121172876566452,195.96401977539062,-2.0114854370942927,27377416.0,False
2025-01-17,GOOGL,195.62561282505547,196.3223885479787,192.85840696218062,195.09805297851562,27735100,0.016018045878978926,1.2072547795787183,182.6246188354492,170.71650787353516,0.015553270891886815,195.96401977539062,-0.4419009152126757,27502264.0,True
2025-01-21,GOOGL,198.1539212272468,201.3590893649602,196.95943127097462,197.13861083984375,29971300,0.010459140058936667,1.2303407664640895,183.19208190917968,170.9339505004883,0.015645838722517406,197.13861083984375,0.0,27736848.0,True
2025-01-22,GOOGL,198.14394994474472,199.5574134711185,196.62099201618707,197.45712280273438,26200600,0.0016156751918545709,1.2339442727098473,183.6312924194336,171.17475578308105,0.013199173721286506,197.45712280273438,0.0,27586950.0,False
2025-01-23,GOOGL,197.22819130144518,199.3782549776066,194.30171827365388,197.0689239501953,26951400,-0.001965990626364378,1.2295523592098792,183.97842559814453,171.4038507080078,0.01322976983706935,197.45712280273438,-0.19659906263644125,27618920.0,False
2025-01-24,GOOGL,197.18836001713137,199.97546240962188,197.08881413658432,199.2886505126953,23877500,0.01126370671745791,1.2546653830952357,184.41767822265626,171.63239067077637,0.013057327822746679,199.2886505126953,0.0,27656346.0,False
2025-01-27,GOOGL,191.5245673708486,195.97399844848505,189.85229053116194,190.9273223876953,41728900,-0.041955867047568596,1.1600689420453367,184.64993377685548,171.8104457092285,0.01578608860043044,199.2886505126953,-4.195586704756856,28141916.0,True
2025-01-28,GOOGL,191.86297701391987,194.58040947836048,189.80249572901596,194.4012451171875,24157900,0.01819500051667866,1.1993713975619134,184.92641357421874,172.0081513977051,0.016223593213286886,199.2886505126953,-2.4524253553498117,28122376.0,False
2025-01-29,GOOGL,194.66004582386458,195.88438120776217,192.5398430560715,194.5107421875,18218300,0.0005632529269372633,1.2006101999390122,185.2595687866211,172.19018867492676,0.01621361862779833,199.2886505126953,-2.3974813984155836,28023062.0,False
2025-01-30,GOOGL,197.0888449414686,200.4731927690754,196.76036171060426,199.9456329345703,24354700,0.02794133982498148,1.2620981973578287,185.76704315185546,172.40773155212403,0.016933611663243153,199.9456329345703,0.0,27890006.0,False
2025-01-31,GOOGL,201.0704225036096,204.5344037474068,200.87134591508243,203.0811309814453,32001100,0.01568175308885622,1.297571862751541,186.3986721801758,172.65518432617188,0.01701939593821006,203.0811309814453,0.0,27879936.0,True
2025-02-03,GOOGL,199.76644678798675,202.8123625387659,199.17916555521708,200.303955078125,27838300,-0.01367520404233935,1.2661520987264758,186.91888092041015,172.89103256225587,0.01717478937962436,203.0811309814453,-1.3675204042339373,28033996.0,False
2025-02-04,GOOGL,202.4540365472158,206.09719755510824,201.8767037764101,205.43028259277344,43856400,0.025592742353235165,1.3241491455224255,187.4855401611328,173.1472060394287,0.017849724842928055,205.43028259277344,0.0,28442426.0,True
2025-02-05,GOOGL,190.19074112078758,191.86300280413045,187.16472209106553,190.4495391845703,70373900,-0.07292373460781143,1.1546635100453764,187.79513854980468,173.32579803466797,0.02440495157453015,205.43028259277344,-7.292373460781149,29469962.0,True
2025-02-06,GOOGL,188.62795003909466,191.21599131294843,187.85154069465264,190.71829223632812,29297400,0.0014111509689573865,1.1577040655453539,188.27615295410158,173.5152550506592,0.023655132219245194,205.43028259277344,-7.161549003760581,28861222.0,True
2025-02-07,GOOGL,190.1707897750973,190.30018118607993,182.39673387279518,184.487060546875,49315000,-0.03267243858146396,1.0872066119868484,188.68961303710938,173.66269569396974,0.02462317834623383,205.43028259277344,-10.194807591933465,29075430.0,True
2025-02-10,GOOGL,186.4878479252447,187.33392723255807,185.00469922620795,185.6118927001953,23105600,0.0060970788411174315,1.0999324752578339,189.0681018066406,173.80594177246093,0.024652038258573202,205.43028259277344,-9.647258253479757,28874836.0,False
2025-02-11,GOOGL,184.17850439769825,186.07971836409422,183.43195584227703,184.46717834472656,21239500,-0.0061672468224744925,1.0869816733723892,189.3944647216797,173.93914985656738,0.024603316207554626,205.43028259277344,-10.204485912917841,28889892.0,False
2025-02-12,GOOGL,182.37682528941733,184.2581269278111,180.99322265788507,182.76502990722656,22072600,-0.009227378294468624,1.0677243039785589,189.68459777832032,174.07936889648437,0.02464884616923246,205.43028259277344,-11.033063090545632,28946014.0,False
2025-02-13,GOOGL,183.47178484763324,185.42275661553663,182.29720719308074,185.2834014892578,21402500,0.013779285803797281,1.0962160681265374,190.0306658935547,174.15308349609376,0.024836034927482983,205.43028259277344,-9.807162239781851,29088920.0,False
2025-02-14,GOOGL,184.20839337704305,185.54222335537645,183.47180841007437,184.3776092529297,20448400,-0.004888685273735316,1.08596832750372,190.30810974121093,174.2510314178467,0.023761312800489563,205.43028259277344,-10.248086637536629,29022106.0,False
2025-02-18,GOOGL,184.74589678490392,185.10424071494356,180.90365944170068,182.92431640625,29916700,-0.007882154739765945,1.069526402364085,190.55947021484374,174.3584246826172,0.02366034254485304,205.43028259277344,-10.95552510684963,29175466.0,True
2025-02-19,GOOGL,183.22294469175932,184.60654751219354,182.74514264416922,184.41741943359375,19549400,0.008162408676317012,1.0864187226266084,190.7804409790039,174.4679278564453,0.023421537213149973,205.43028259277344,-10.22870771240368,28934152.0,False
2025-02-20,GOOGL,183.9495791218272,184.4572267048234,181.87914917011352,183.71067810058594,20441500,-0.0038322916304677213,1.0784229576182351,191.02167816162108,174.56021041870116,0.023235822702688987,205.43028259277344,-10.572737484493704,28915858.0,False
2025-02-21,GOOGL,184.29794713548316,184.48707519951907,178.25588873059436,178.83322143554688,35199200,-0.02654966339174114,1.0232415277078037,191.12420379638672,174.6250309753418,0.023757643474652167,205.43028259277344,-12.947001202325263,29190594.0,True
2025-02-24,GOOGL,181.15250613186586,182.27729565940143,178.06676593885823,178.42510986328125,29854200,-0.002282079185229602,1.0186243303307294,191.2014468383789,174.68354629516602,0.023756103681849498,205.43028259277344,-13.145663038893257,29279886.0,True
2025-02-25,GOOGL,177.22067008112575,177.91746089820734,173.88609557732903,174.61273193359375,41913400,-0.02136682405637158,0.9754927394286419,191.0073440551758,174.7073787689209,0.02374432226128751,205.43028259277344,-15.001464375274038,29021894.0,True
2025-02-26,GOOGL,174.26436286262216,175.26970953461128,170.79041782229913,171.93511962890625,35431300,-0.015334576551415569,0.9451993947891077,190.55603057861327,174.72709663391115,0.022401359687864403,205.43028259277344,-16.30488092656962,28372638.0,True
2025-02-27,GOOGL,173.18931986196714,173.75668887755327,167.1671583548918,167.72457885742188,39991000,-0.024489125785192356,0.8975631621328373,190.0889892578125,174.72288551330567,0.022152122614730718,205.43028259277344,-18.354501225165507,28476108.0,True
2025-02-28,GOOGL,167.90374066525882,169.82486685567105,166.00254187779413,169.4963836669922,48130600,0.01056377557565047,0.9176085935182301,189.69998779296876,174.7340296936035,0.022423368403104726,205.43028259277344,-17.4920164993461,28935850.0,True
2025-03-03,GOOGL,171.13879690224084,172.57217267061702,165.1664079930538,166.24143981933594,40770500,-0.019203618255662636,0.8807835701245279,189.109716796875,174.72646934509277,0.02114877289302797,205.43028259277344,-19.07646831753717,28852562.0,True
2025-03-04,GOOGL,165.47499722472898,172.49254217135646,165.03701959982106,170.13345336914062,45388000,0.023411813288157113,0.9248161239037169,188.62197204589845,174.73241821289062,0.021652590473835144,205.43028259277344,-17.18190170316909,28890242.0,True
2025-03-05,GOOGL,169.73529012314535,172.98028249678805,168.2820021982634,172.22378540039062,30954900,0.012286425684398417,0.9484652341661917,188.31578765869142,174.73805770874023,0.02205960732361365,205.43028259277344,-16.164363293121877,28826018.0,True
2025-03-06,GOOGL,169.7452527625135,174.00555581661285,169.71539203178713,171.556884765625,28302000,-0.0038722911194594145,0.9409202095433544,187.99407531738282,174.73208106994628,0.020788032296311217,205.43028259277344,-16.48899928463615,28746754.0,False
2025-03-07,GOOGL,170.4718800246714,174.1648138078256,169.48644558654738,173.05992126464844,27385800,0.008761155234759732,0.9579249127974461,187.6446908569336,174.72429664611818,0.014908485371530838,205.43028259277344,-15.757346443558715,28025212.0,False
2025-03-10,GOOGL,167.6785699397653,167.87789100205225,163.12436954047675,165.2968292236328,43604000,-0.0448578271865967,0.8700966554148459,187.0759405517578,174.67343208312988,0.017237221621215416,205.43028259277344,-19.53628883853389,28383792.0,True
2025-03-11,GOOGL,164.34014854098334,166.17378667553444,160.81237268027317,163.47314453125,39587400,-0.011032786901892244,0.8494642775297125,186.44125274658202,174.60883728027343,0.016220360971591186,205.43028259277344,-20.424027817113753,28967474.0,True
2025-03-12,GOOGL,166.00437964443265,167.06071434970798,162.96491596959018,166.5325469970703,28372400,0.018715015696266102,0.8840770305133645,185.87790618896486,174.56682907104494,0.01689557498007367,205.43028259277344,-18.934762248665404,29293990.0,False
2025-03-13,GOOGL,165.46625097868807,165.5559515451144,161.54983818219623,162.1975860595703,31756200,-0.02603071300876858,0.8350331620456581,185.2843994140625,174.5171800994873,0.017508239369136255,205.43028259277344,-21.04494818755799,29551286.0,True
2025-03-14,GOOGL,162.70582188820455,165.91469633780176,161.88864811378173,164.91815185546875,31995900,0.016773158355755324,0.8658124638607123,184.7755633544922,174.47399299621583,0.018172400689985605,205.43028259277344,-19.720622600521025,29905910.0,True
2025-03-17,GOOGL,164.45973844695973,165.72535422603255,163.10443731189008,163.7222900390625,31184300,-0.007251244347282526,0.852283001779053,184.28143188476562,174.4178343963623,0.01767448176467703,205.43028259277344,-20.30274798209236,30180258.0,True
2025-03-18,GOOGL,163.11438513260956,163.68242275706862,156.17844440971348,160.1147918701172,42074800,-0.02203425183024621,0.811469331656969,183.71256256103516,174.3461178588867,0.0180264810836997,205.43028259277344,-22.058817303233532,30614338.0,True
2025-03-19,GOOGL,161.20103994792456,165.2968386316175,160.44367156873926,163.3236846923828,34275600,0.020041201595344393,0.84777335371649,183.16088836669923,174.30924034118652,0.018929771816563433,205.43028259277344,-20.496782348228066,30927926.0,True
2025-03-20,GOOGL,161.01169658179438,164.3202162999389,160.40380384962694,162.23744201660156,28138500,-0.006650858250150105,0.8354840750625172,182.48635681152345,174.2649976348877,0.01868089048560795,205.43028259277344,-21.025546979260838,30899424.0,False
2025-03-21,GOOGL,160.65294731947398,163.67247597151626,160.33404577702316,163.42333984375,36625800,0.007309643275977384,0.8489008088899614,181.86301605224608,174.22336189270018,0.01889996985500573,205.43028259277344,-20.44827189976379,31102196.0,True
2025-03-24,GOOGL,166.492708348571,167.7383890591239,164.56936942432435,167.1005859375,30879100,0.022501351993331253,0.8905035767915495,181.3438784790039,174.1970378112793,0.01918248138264564,205.43028259277344,-18.6582504641026,31222482.0,False
2025-03-25,GOOGL,168.3960847024039,170.04039224469534,167.7383768915496,169.9706268310547,24174400,0.01717552860423943,0.9229739750511496,180.920166015625,174.1770304107666,0.01968475556769084,205.43028259277344,-17.261162918229925,31172666.0,False
2025-03-26,GOOGL,168.41601157841293,169.02390429945322,164.27038302856647,164.4896240234375,28901600,-0.03224676468990806,0.8609642857728581,180.40733856201172,174.12307189941407,0.02034854974341429,205.43028259277344,-19.929222728322397,31314224.0,False
2025-03-27,GOOGL,164.06112302928733,164.84838647984,161.44020617422274,161.67938232421875,24508300,-0.017084613791921166,0.8291704296698703,179.86518188476563,174.0663191986084,0.020406633875510796,205.43028259277344,-21.297201034027953,31460892.0,False
2025-03-28,GOOGL,159.9354404969839,161.26084657481337,153.0991442674789,153.79672241210938,48669300,-0.048754886360847904,0.7399894332366925,179.04811401367186,173.9664298248291,0.022299855439908003,205.43028259277344,-25.13434705389458,31998758.0,True
2025-03-31,GOOGL,152.58093987828155,155.00253588696825,150.13940872047658,154.10565185546875,54603500,0.00200868678157895,0.7434845270113222,178.28978240966796,173.8600919342041,0.02210004431532501,205.43028259277344,-24.983965406427462,32734520.0,True
2025-04-01,GOOGL,153.0891615011919,157.55369181763876,153.0891615011919,156.52725219726562,30672900,0.01571389700922854,0.7708814633059615,177.51836639404297,173.7600531768799,0.022234815450055293,205.43028259277344,-23.80517116478333,32793276.0,False
2025-04-02,GOOGL,154.61386135810304,157.86260591341835,154.16541940835015,156.49732971191406,25041700,-0.00019116470091640192,0.7705429332806701,176.70554077148438,173.67292205810546,0.021435058429588476,205.43028259277344,-23.819736926448996,32694684.0,False
2025-04-03,GOOGL,150.58783997911712,152.25206746912303,149.87032672274708,150.19918823242188,46883400,-0.04024440219578207,0.6992884913688231,175.76038208007813,173.54620780944825,0.02250849645156639,205.43028259277344,-26.88556607296147,33108340.0,True
2025-04-04,GOOGL,147.49855413182192,150.54799324363788,144.8776522919314,145.09689331054688,62259500,-0.033970189732181355,0.6415633389073119,174.72094146728514,173.3917478942871,0.02329405519827345,205.43028259277344,-29.369277265624007,33814502.0,True
2025-04-07,GOOGL,141.06087632952463,152.3218321659185,140.04439668677543,146.24290466308594,76794100,0.007898248724638623,0.6545288144552501,173.66002655029297,173.2536922454834,0.023264338787040414,205.43028259277344,-28.811418249866914,34872834.0,True
2025-04-08,GOOGL,150.69745588802078,151.7139355045659,142.5357542501846,144.19998168945312,52200200,-0.013969381819509796,0.631416069714744,172.7254797363281,173.09941452026368,0.021724716455356383,205.43028259277344,-29.80587872952391,35082260.0,True
2025-04-09,GOOGL,143.9209605893895,158.99868434001036,143.41272834835817,158.16159057617188,70406200,0.09682115575289219,0.7893716590983664,172.0006866455078,172.99841247558595,0.03121449377143461,205.43028259277344,-23.009602781057737,36007226.0,True
2025-04-10,GOOGL,155.99907817143998,157.17500865516934,149.41191804525613,152.2919464111328,48022000,-0.03711169155328009,0.7229650500117268,171.15631072998048,172.87009773254394,0.03181251219886991,205.43028259277344,-25.866846655211635,36603300.0,True
2025-04-11,GOOGL,152.37166086891528,157.12518279409443,152.29195068350106,156.59701538085938,33636200,0.02826852680774361,0.7716707337167887,170.28933837890625,172.73942810058594,0.03211845607497967,205.43028259277344,-23.771211622541916,36788930.0,False
2025-04-14,GOOGL,159.44713439436606,161.1611923055906,157.0155631618818,158.52035522460938,30333000,0.012282097708390172,0.7934305667753936,169.39812286376954,172.61911979675293,0.032007626333176165,205.43028259277344,-22.834962195497777,36755568.0,False
2025-04-15,GOOGL,158.58012970667488,159.0983218935906,154.6736771269803,155.76986694335938,27551500,-0.017351010079133422,0.7623127349350478,168.50744110107422,172.47746315002442,0.03217531462455811,205.43028259277344,-24.1738535442004,36749832.0,False
2025-04-16,GOOGL,152.57096991980188,155.35132240030543,150.98645259897873,152.8001708984375,28187400,-0.019064637488595326,0.7287148815019762,167.4548388671875,172.33714294433594,0.03208874115741618,205.43028259277344,-25.61945153853736,36436452.0,False
2025-04-17,GOOGL,153.75683862644127,154.14549035907424,147.98685287180376,150.63766479492188,33046600,-0.014152511026659709,0.7042492250795687,166.65860137939453,172.1818398284912,0.03179422988611697,205.43028259277344,-26.672123070807206,35689906.0,False
2025-04-21,GOOGL,148.36555457655837,148.43530478654532,145.59516199807078,147.15972900390625,26049100,-0.023088088863767786,0.6649013675249242,165.7874301147461,171.99797653198243,0.03208003036750116,205.43028259277344,-28.36512360953984,35624940.0,False
2025-04-22,GOOGL,148.37550764431742,151.66410748339032,148.02671099242252,150.94659423828125,26971800,0.02573302669152433,0.7077443188541985,165.1166207885742,171.8301678466797,0.03265597322236643,205.43028259277344,-26.521741423340085,35178076.0,False
2025-04-23,GOOGL,155.0722827287534,156.98564625118482,153.2784996745797,154.8131866455078,31128800,0.0256156319838714,0.7514892688485149,164.50064666748048,171.6579609680176,0.032785708442826716,205.43028259277344,-24.639549392824627,35338540.0,False
2025-04-24,GOOGL,155.61041000027018,159.03852534598082,155.2516533895316,158.72959899902344,45894000,0.02529766642219866,0.7957978601139053,163.9858950805664,171.5131307220459,0.033083769734761743,205.43028259277344,-22.733105851937733,35831630.0,True
2025-04-25,GOOGL,164.49961422965615,165.52605388757996,160.4835257508864,161.40036010742188,56034000,0.01682585431602379,0.826013693289209,163.5586016845703,171.3819024658203,0.032625490790168826,205.43028259277344,-21.43302434755081,36510858.0,True
2025-04-28,GOOGL,161.86872639451175,162.5862396977989,158.0519740918863,160.05502319335938,29745800,-0.008335402183533569,0.810793134763004,163.05403411865234,171.23302536010743,0.03245727978875844,205.43028259277344,-22.08791168795786,36677724.0,False
2025-04-29,GOOGL,159.76603342291708,160.18458031932272,156.97570557414937,159.60658264160156,26809000,-0.002801789927055598,0.8057196727980436,162.5586135864258,171.10975791931153,0.03049487001764981,205.43028259277344,-22.30620499218641,36804936.0,False
2025-04-30,GOOGL,157.43409270690867,158.7196436016194,154.86300612354924,158.2512664794922,34981100,-0.00849160566987861,0.7903862133863004,162.06515258789062,170.98219619750978,0.030584105356100285,205.43028259277344,-22.965950062389144,36906224.0,False
2025-05-01,GOOGL,159.8955459237491,161.3903625236085,158.3608742385602,160.74261474609375,30203200,0.01574299101691179,0.8185722474604438,161.59165649414064,170.85984283447266,0.030584772599583688,205.43028259277344,-21.753203706225,37119300.0,False
2025-05-02,GOOGL,162.84535826769726,164.39996542535462,161.31067105386134,163.4632110595703,25715000,0.016925171447372378,0.8493518945381451,161.1867071533203,170.76405029296876,0.030759407518610286,205.43028259277344,-20.42886326374524,37224770.0,False
2025-05-05,GOOGL,162.4367677423953,164.81850869798296,162.15773647441492,163.64259338378906,21341800,0.001097386519302912,0.8513813483766586,160.88289459228517,170.68355224609374,0.029167636741774996,205.43028259277344,-20.34154297096526,36947622.0,False
2025-05-06,GOOGL,161.6096198520829,164.23053675483612,160.63301049910467,162.66595458984375,21277200,-0.005968120974805258,0.8403320805190486,160.5677114868164,170.61470359802246,0.02793580504576433,205.43028259277344,-20.816954279180862,36776082.0,False
2025-05-07,GOOGL,163.5130310359637,164.42985019413678,147.32914212449143,150.85691833496094,127490100,-0.07259685214806544,0.7067297645662656,160.09259521484375,170.48695861816407,0.03274459156703513,205.43028259277344,-26.565394142008675,38487616.0,True
2025-05-08,GOOGL,154.46440047734652,155.39117958130052,152.37165090458322,153.74688720703125,57498700,0.019157019140835452,0.7394256193342952,159.72883056640626,170.35375503540038,0.0327355060179484,205.43028259277344,-25.15860599198742,38928964.0,True
2025-05-09,GOOGL,153.6372746936992,154.5142387821615,151.67408067225014,152.22218322753906,32435300,-0.00991697462751917,0.7221757796009001,159.4187826538086,170.21233215332032,0.024873864989280955,205.43028259277344,-25.900806197453047,38777850.0,False
2025-05-12,GOOGL,156.94579570580373,158.55023292762746,155.7100750758197,157.91244506835938,44138800,0.037381291741917844,0.7865529348490261,159.18710388183592,170.14483726501464,0.02485615798131451,205.43028259277344,-23.13088261607913,38698014.0,True
2025-05-13,GOOGL,158.24129609505388,160.01515931291138,155.62039437316713,158.97874450683594,42382100,0.006752472473052773,0.7986165843632458,159.04184997558593,170.10923500061034,0.02415390687232117,205.43028259277344,-22.61182601691634,38730246.0,True
2025-05-14,GOOGL,159.40725946266062,166.4229258122212,159.0584628171564,164.79855346679688,48755900,0.036607465847176224,0.864459379547488,158.93515197753905,170.1041219329834,0.025278995116242126,205.43028259277344,-19.778841080855276,38797604.0,True
2025-05-15,GOOGL,165.26694125278715,165.6356730691148,161.80893051621783,163.39344787597656,33146700,-0.008526200996681776,0.8485626241273174,158.75854522705077,170.07942268371582,0.0250103491251665,205.43028259277344,-20.462822805986654,38841440.0,False
2025-05-16,GOOGL,167.15039440077075,168.76480673115492,165.04768502743337,165.61572265625,42846900,0.013600758225998488,0.8737044774436904,158.6397219848633,170.06206169128419,0.02460941311191213,205.43028259277344,-19.381056888992482,39132338.0,True
2025-05-19,GOOGL,163.94152401470697,166.06416858529283,163.65253281131433,165.96450805664062,30426100,0.0021059920809243238,0.8776504842351793,158.49781372070314,170.0402387237549,0.02425852743313822,205.43028259277344,-19.21127403322821,39193144.0,False
2025-05-20,GOOGL,165.85490703254322,167.91776161058672,162.33710588412995,163.4133758544922,46607700,-0.015371552821870749,0.8487880806357471,158.4601446533203,170.00953247070314,0.02386852565959128,205.43028259277344,-20.453122201838077,39253218.0,True
2025-05-21,GOOGL,163.1243721968136,172.54171471286378,162.9948165454298,167.9775390625,73416000,0.02793016902160983,0.900425044213041,158.5502325439453,170.02200241088866,0.023967283845937798,205.43028259277344,-18.23136445979408,39929790.0,True
2025-05-22,GOOGL,171.25618084668935,176.15917803179707,170.12012070875053,170.27955627441406,74864400,0.013704315617206086,0.9264690688257793,158.6251727294922,170.0827709197998,0.023602679338160567,205.43028259277344,-17.110781270762804,40859630.0,True
2025-05-23,GOOGL,168.47582079984258,169.37272002705043,167.30986548992928,167.8878631591797,35211400,-0.01404568562170816,0.8994104899251076,158.73897827148437,170.13634704589845,0.023456581937185916,205.43028259277344,-18.27501717846267,40928734.0,False
2025-05-27,GOOGL,169.57202886061165,172.5716225630013,169.4125780788469,172.30255126953125,37995700,0.02629545714192494,0.949356357057856,158.88666625976563,170.20876953125,0.02382496788051162,205.43028259277344,-16.126021395254384,41048730.0,False
2025-05-28,GOOGL,172.56165823831284,174.66436785084326,171.31597754856884,171.76441955566406,34784000,-0.0031231790237707946,0.9432681681736388,159.04750885009764,170.26316040039063,0.02372361345280804,205.43028259277344,-16.387974845872925,41120724.0,False
2025-05-29,GOOGL,173.39874848808273,173.81729536660228,170.04039828273065,171.26614379882812,29317300,-0.002900925337883886,0.9376308923062806,159.27053588867187,170.3069178009033,0.02372496939821055,205.43028259277344,-16.630527088194313,40865574.0,False
2025-05-30,GOOGL,170.75790891590938,171.61493780799663,166.86141620850907,171.1465606689453,52639900,-0.0006982298265749698,0.9362779806243793,159.42699340820312,170.35692863464357,0.02358632595940829,205.43028259277344,-16.688738140807168,41232860.0,True
2025-06-02,GOOGL,167.26003241267054,169.28301661805224,166.81159040962694,168.4459228515625,38612300,-0.015779679164028004,0.9057241353177545,159.55116302490234,170.3841522216797,0.023804173916128404,205.43028259277344,-18.003363123695554,41442336.0,False
2025-06-03,GOOGL,166.91126012169556,167.89782954141205,164.708889870391,165.60577392578125,45084900,-0.016860894450286268,0.8735919218207988,159.59481170654297,170.41599128723144,0.023922368341214247,205.43028259277344,-19.385899763345368,41611518.0,True
2025-06-04,GOOGL,166.16382850855194,167.6387100496484,165.78513674832732,167.46929931640625,26900800,0.011252780301369114,0.8946750400914683,159.60218597412108,170.4525308227539,0.024029022370081372,205.43028259277344,-18.478767004189756,41531952.0,False
2025-06-05,GOOGL,169.75139851627495,170.33935616350743,167.01090094696792,167.62876892089844,36379100,0.0009522318726067347,0.8964792100528758,159.55534881591797,170.48162620544434,0.023970578929106263,205.43028259277344,-18.40113988783695,41776046.0,False
2025-06-06,GOOGL,170.23969140570108,173.89700773798458,170.23969140570108,173.079833984375,35731800,0.03251867265128472,0.9581501966745523,159.7271530151367,170.5195578765869,0.017879017496403665,205.43028259277344,-15.747653267131536,41912650.0,False
2025-06-09,GOOGL,174.14743750903665,176.07310468622353,173.97782168090652,175.69395446777344,28935900,0.015103553217149734,0.9877252223771986,160.00744445800783,170.56802833557128,0.017759468948976335,205.43028259277344,-14.475143464581913,42001202.0,False
2025-06-10,GOOGL,175.80372221831115,180.70268325607967,174.5166301339373,178.19833374023438,61766100,0.014254214267345855,1.016058683601571,160.49547668457032,170.63562355041503,0.017420756403861235,205.43028259277344,-13.256053834342055,42263138.0,True
2025-06-11,GOOGL,179.3656814209572,179.96432281914957,176.3524694759701,176.9511260986328,31646800,-0.006998985991752638,1.0019483171164922,160.9523861694336,170.70716049194337,0.016292073824481838,205.43028259277344,-13.86317349842484,41804004.0,False
2025-06-12,GOOGL,175.78375628436552,176.32255032681226,174.3569797237004,175.30484008789062,20941900,-0.009303619858426537,0.9833229509978236,161.3279379272461,170.7614301300049,0.016607049693716958,205.43028259277344,-14.664557788006741,41609384.0,False
2025-06-13,GOOGL,172.05218023736916,176.73163473712606,172.00228964381978,174.27716064453125,27663100,-0.005862242268063644,0.9716962313632636,161.68353454589842,170.8078804779053,0.015052614522146297,205.43028259277344,-15.164814824305791,41661812.0,False
2025-06-16,GOOGL,174.33701609632743,176.5420523549515,174.25719419482596,176.3724365234375,27389200,0.012022664766612401,0.995401274174537,162.20699951171875,170.87215507507324,0.01494886904145705,205.43028259277344,-14.144869832524936,41271928.0,False
2025-06-17,GOOGL,175.30483777675101,176.96110799729416,174.1873615915514,175.5542755126953,24973000,-0.004638825810139968,0.98614495524231,162.8161471557617,170.94142417907716,0.014877745524740525,205.43028259277344,-14.543136826278744,40526198.0,False
2025-06-18,GOOGL,175.6141436330853,176.16290971424257,172.81046582918458,172.93020629882812,28707500,-0.014947338686020384,0.9564573739167725,163.34989318847656,171.0028852081299,0.015379266200826368,205.43028259277344,-15.820489503181257,39564466.0,False
2025-06-20,GOOGL,173.55878574385125,173.94790803011588,165.08788938336605,166.26522827148438,75659900,-0.038541433390916646,0.8810527023577917,163.7911981201172,171.0230776977539,0.017392564451377247,205.43028259277344,-19.06488849987436,40033660.0,True
2025-06-23,GOOGL,165.8960542954959,166.9636398925432,161.63565348702906,164.8184814453125,57671000,-0.008701439508503661,0.8646848360559181,163.9243359375,171.06592414855956,0.01635952960823711,205.43028259277344,-19.769140476706703,39778956.0,True
2025-06-24,GOOGL,166.5445998017471,167.84167918331357,165.75638318822968,166.3949432373047,40524300,0.00956483628636784,0.8825202412384656,164.20639587402343,171.12117073059082,0.016200494665158303,205.43028259277344,-19.00174544025182,39629002.0,True
2025-06-25,GOOGL,167.25299905707695,171.97235685648238,167.17317715297744,170.29612731933594,35479000,0.02344532836233837,0.9266565464430498,164.48037811279298,171.19200103759766,0.01674450073774726,205.43028259277344,-17.102714765322258,39665858.0,False
2025-06-26,GOOGL,172.04218458564608,173.29936049404486,169.55779452756443,173.14968872070312,31796700,0.01675646678691778,0.9589405028733204,164.77296478271484,171.30847625732423,0.016136996968030178,205.43028259277344,-15.713649158561724,39695132.0,False
2025-06-27,GOOGL,173.14969619543672,178.27813555923768,171.3437693802371,178.12847900390625,108140200,0.028754254887712216,1.015268377402803,165.2201370239258,171.4598374938965,0.017253847834054543,205.43028259277344,-13.29005794291187,41306906.0,True
2025-06-30,GOOGL,180.3734186271616,180.82240351749414,174.1873656755976,175.83364868164062,63378900,-0.012883006328344049,0.9893056621434111,165.68080657958984,171.5999732208252,0.01752735763876609,205.43028259277344,-14.407142675163684,42010736.0,True
2025-07-01,GOOGL,175.3447530851258,175.6939567742825,173.139716841545,175.44451904296875,35904500,-0.0022130555874230184,0.9849032181327124,166.17694366455078,171.72573516845702,0.01753953960313799,205.43028259277344,-14.59656442630991,42067894.0,False
2025-07-02,GOOGL,175.14518633422566,178.4577266308603,174.67625741761273,178.23822021484375,29128900,0.015923559123501407,1.0165099418810768,166.79851348876954,171.8479168701172,0.01735682199482908,205.43028259277344,-13.236637770602103,42129490.0,False
2025-07-03,GOOGL,178.09853847776557,179.265905222364,176.65180269468908,179.126220703125,21689700,0.004982099165997456,1.0265563943807483,167.3621060180664,171.96076805114745,0.01676158833145992,205.43028259277344,-12.804374095999883,42023848.0,False
2025-07-07,GOOGL,178.65727862884938,178.89674433224096,175.28487562232132,176.3923797607422,34175600,-0.015262092460007537,0.9956269033142899,167.7936898803711,172.05696731567383,0.01717192687808965,205.43028259277344,-14.135161800654961,42084784.0,False
2025-07-08,GOOGL,177.4500058972594,177.54977185383785,172.42133277200756,173.9678497314453,40442500,-0.013745095069217284,0.9681968218055472,168.09845489501953,172.13478004455567,0.01753869762017157,205.43028259277344,-15.315382164807916,41975754.0,False
2025-07-09,GOOGL,174.85586430994886,179.03644347316074,172.3814460707259,176.2227783203125,43025600,0.012961754671038994,0.9937081061541093,168.39490325927736,172.22143165588378,0.01630855061467065,205.43028259277344,-14.217720924017454,41715586.0,True
2025-07-10,GOOGL,175.2350053597822,178.02869585837095,173.98781666417247,177.22052001953125,29252400,0.0056618202750453595,1.004996123132055,168.73821319580077,172.30148880004882,0.01602756757985172,205.43028259277344,-13.732037077105467,41705718.0,False
2025-07-11,GOOGL,176.39238193299045,181.0219456842772,176.08308157759498,179.7847442626953,34282900,0.014469115895165308,1.0340066444070097,169.14177642822267,172.38715866088867,0.0160368312053056,205.43028259277344,-12.483815923534282,41855196.0,False
2025-07-14,GOOGL,180.60287583344362,183.25689674766613,179.27586537633238,181.15164184570312,32536600,0.007602967585562004,1.049471130993254,169.59978393554687,172.4883130645752,0.016009917891124294,205.43028259277344,-11.818433212788843,41806306.0,False
2025-07-15,GOOGL,182.39885886185957,183.8056914333515,181.19158867102598,181.59068298339844,33448300,0.0024236111426980678,1.0544382520629672,170.01674530029297,172.5894753265381,0.015827232827065264,205.43028259277344,-11.604715384942775,41871208.0,False
2025-07-16,GOOGL,182.82788394956327,183.91542879782378,181.62059863833602,182.55848693847656,33104200,0.005329590368722936,1.065387566384298,170.3986508178711,172.6994536590576,0.015744581881964106,205.43028259277344,-11.133604727417852,42018992.0,False
2025-07-17,GOOGL,181.73035050857078,183.64603043273615,180.07408034072432,183.1671142578125,31992600,0.003333875787111751,1.0722733119828685,170.78914123535156,172.80631065368652,0.015590592991672897,205.43028259277344,-10.83733520393069,42232008.0,False
2025-07-18,GOOGL,184.98301522964096,186.00072543502688,183.2968289565469,184.64378356933594,34014500,0.00806186917071261,1.0889797083100339,171.2286978149414,172.91448616027833,0.015569853661753182,205.43028259277344,-10.118517465432685,42486754.0,False
2025-07-21,GOOGL,185.83110772544197,189.86201471908177,185.73132654425748,189.67245483398438,45803100,0.02723444660545593,1.1458719146358844,172.00500854492188,173.03835945129396,0.015920336591545924,205.43028259277344,-7.670645028525793,40853014.0,True
2025-07-22,GOOGL,191.0693117786785,191.21896833519165,187.03840453704987,190.90966796875,44660200,0.006522893036042143,1.159869207604101,172.74826416015625,173.1627515411377,0.01249226689233498,205.43028259277344,-7.0683905219600955,40596244.0,True
2025-07-23,GOOGL,191.06931784155387,192.09700016081177,188.75452819755446,189.8021697998047,58681900,-0.0058011633498131765,1.1473394535165582,173.49986389160156,173.28722366333008,0.01232870709007946,205.43028259277344,-7.60750196890325,41121176.0,True
2025-07-24,GOOGL,196.58687870624138,197.50480780114538,190.57044138213487,191.73780822753906,74881700,0.010198189144918546,1.169238427421866,174.17637115478516,173.42137397766112,0.012336541432390106,205.43028259277344,-6.6652657984106005,41736034.0,True
2025-07-25,GOOGL,191.54821586623893,193.8929365997576,190.82983399147875,192.74551391601562,39785900,0.005255644141298976,1.1806391726540264,174.85170654296874,173.55459732055664,0.01173675064618081,205.43028259277344,-6.174731649424325,41684110.0,False
2025-07-28,GOOGL,193.2144667106556,193.61357622809174,190.41078895772904,192.14688110351562,38139500,-0.003105819691143874,1.1738665005723177,175.39867309570312,173.70511039733887,0.011624622154829227,205.43028259277344,-6.466136015394398,41471782.0,False
2025-07-29,GOOGL,191.9971978721824,195.47935398479527,191.64799419278697,195.3097381591797,41389200,0.016460621361634953,1.2096496939289811,176.03699890136718,173.86447792053224,0.010638014754453891,205.43028259277344,-4.92651049585314,41636632.0,False
2025-07-30,GOOGL,195.1600963397073,197.155598285003,194.2521393007246,196.08799743652344,32445400,0.0039847438467683904,1.2184545819503785,176.64644439697267,174.04026435852052,0.009873305476666825,205.43028259277344,-4.547666993560686,41428602.0,False
2025-07-31,GOOGL,195.26984291287636,195.54921195775628,190.66022322341527,191.46839904785156,51329200,-0.023558802420669878,1.1661904487749797,177.15652221679687,174.19185913085937,0.011623803286837599,205.43028259277344,-6.796409647451373,41846664.0,True
2025-08-01,GOOGL,188.60486968944682,190.40082452841267,187.39759950913643,188.70465087890625,34832200,-0.014434487271471896,1.1349226003145532,177.66234771728514,174.3238684082031,0.01197976162711851,205.43028259277344,-8.141755686050717,41611154.0,False
2025-08-04,GOOGL,189.86201672672937,194.830827292421,189.69240089649873,194.60133361816406,31547400,0.031248210957141476,1.2016351121063513,178.19482360839845,174.47681053161622,0.013495445565295939,205.43028259277344,-5.27134988957578,40773782.0,False
2025-08-05,GOOGL,194.2720962985156,197.4150057356091,193.45393320281906,194.232177734375,31602300,-0.0018969853747939913,1.1974586424980527,178.67387603759767,174.62542121887208,0.012838827102773138,205.43028259277344,-5.451048753409231,39908540.0,False
2025-08-06,GOOGL,194.06255127051267,196.18776557270928,193.23441619136784,195.6489715576172,21562900,0.007294331144141131,1.2134876335119884,179.2290982055664,174.78260719299317,0.012130802884704596,205.43028259277344,-4.761377393685352,39635570.0,False
2025-08-07,GOOGL,196.6167969951023,197.09571318148866,193.8929412029117,196.07801818847656,26321800,0.00219294089533717,1.2183416810648398,179.70460754394531,174.953024520874,0.01203475491110302,205.43028259277344,-4.552524723356374,39402092.0,False
2025-08-08,GOOGL,196.7764442791972,202.15432130991044,196.72655368662487,200.9669952392578,39161800,0.0249338355005293,1.2736534476244783,180.2886590576172,175.14545082092286,0.012785846029243826,205.43028259277344,-2.172653075867712,39489648.0,False
2025-08-11,GOOGL,200.48808049350347,201.02685931355308,198.62229106869012,200.54794311523438,25832400,-0.002085178830108614,1.2689124735884882,180.87429504394532,175.3325505065918,0.01275325464997294,205.43028259277344,-2.376640588679603,39419950.0,False
2025-08-12,GOOGL,200.91710457512625,204.04006993048975,200.1388600495838,202.88267517089844,30397900,0.01164176515299653,1.2953266197587099,181.5090173339844,175.52600456237792,0.012820077831335689,205.43028259277344,-1.2401323649664389,38975110.0,False
2025-08-13,GOOGL,203.67091617948037,204.0700104890599,197.06579421729333,201.50579833984375,28342900,-0.006786566816978645,1.2797492322869277,182.17021484375,175.72430648803712,0.013084935726820103,205.43028259277344,-1.9103728055075664,38769722.0,False
2025-08-14,GOOGL,201.0468177297292,203.98020797768137,200.77742070862897,202.48358154296875,25230400,0.004852382468299776,1.2908114474937968,182.90777099609375,175.92779556274414,0.013084838007167655,205.43028259277344,-1.434404418186954,38372632.0,False
2025-08-15,GOOGL,203.39153088363753,205.97570210941166,200.82730371462006,203.44140625,34931400,0.004730382086944651,1.3016478609295894,183.6272131347656,176.1233969116211,0.013079355587797319,205.43028259277344,-0.9681514904577178,38533244.0,False
2025-08-18,GOOGL,203.74075053383524,204.80835140832636,202.03460485474218,203.04232788085938,18526600,-0.001961637881377043,1.2971328612959994,184.33548431396486,176.3097946166992,0.013148290684945932,205.43028259277344,-1.162416115956833,38176194.0,False
2025-08-19,GOOGL,202.57339194917532,202.98247352847122,199.5103041804206,201.11668395996094,24240200,-0.009483953129361122,1.275346960907553,184.89622131347656,176.4718490600586,0.012410694418301187,205.43028259277344,-2.0997871289323933,37946362.0,False
2025-08-20,GOOGL,200.27853657760338,200.82730262485018,196.15783565803162,198.87171936035156,28955500,-0.011162498085222516,1.2499484048132055,185.35977661132813,176.59891586303712,0.012745713988296584,205.43028259277344,-3.1925980676485666,37946754.0,False
2025-08-21,GOOGL,199.3007354736328,202.02459107482636,198.98144788878304,199.3007354736328,19774600,0.0021572504861984143,1.25480210710341,185.7818246459961,176.74478157043458,0.012619080787869752,205.43028259277344,-2.983760252762388,37106924.0,False
2025-08-22,GOOGL,202.27403645691825,208.07096677186306,200.84725997228378,205.62648010253906,42827000,0.03173969535974508,1.3263688390793833,186.3553317260742,176.92138122558595,0.01407583109820163,205.62648010253906,0.0,37330528.0,True
2025-08-25,GOOGL,205.96572314134983,210.04653613391585,204.81831562838462,208.02110290527344,29928900,0.011645498194299941,1.353460563194158,187.0096569824219,177.12014503479003,0.014185919349482299,208.02110290527344,0.0,37510268.0,False
2025-08-26,GOOGL,207.04328099820484,207.38252787024734,205.23735432936843,206.6741180419922,28464100,-0.006475231812873461,1.3382213604850204,187.6575961303711,177.3096883392334,0.014285846432806235,208.02110290527344,-0.6475231812873459,37526288.0,False
2025-08-27,GOOGL,205.23735606521282,208.44014313706415,205.18746547556665,207.0133514404297,23022900,0.0016413927474390189,1.3420593000680276,188.27041442871095,177.46727210998534,0.01398015659976729,208.02110290527344,-0.4844467463969988,37438962.0,False
2025-08-28,GOOGL,206.78389053195886,211.742714118765,206.43467159929352,211.1640167236328,32339300,0.020050229873204595,1.3890181274110684,188.98260925292968,177.6245308685303,0.01447515752264572,211.1640167236328,0.0,37586288.0,False
2025-08-29,GOOGL,210.0365409975429,214.167229203444,209.72724064780297,212.43115234375,39728400,0.006000717545431078,1.4033539504045769,189.77262817382814,177.8000565338135,0.013067588069867962,212.43115234375,0.0,37806706.0,True
2025-09-02,GOOGL,207.97120545801465,211.20390871469678,205.73623790289355,210.87466430664062,47523000,-0.007327023461185744,1.3857445196244291,190.66481689453124,177.957857131958,0.012622436039412,212.43115234375,-0.7327023461185724,37243968.0,True
2025-09-03,GOOGL,225.7012467158241,230.78976737242826,224.28442698424496,230.1412353515625,103336100,0.09136503480999325,1.6037181507076657,191.97127197265624,178.2056770324707,0.02206678184164328,230.1412353515625,0.0,38157270.0,True
2025-09-04,GOOGL,229.13349303754427,231.84737676203946,225.60146147412655,231.7775421142578,51684200,0.007110011207664302,1.6222306159407962,193.27892395019532,178.47529983520508,0.021947083914613197,231.7775421142578,0.0,38380468.0,True
2025-09-05,GOOGL,231.677775522156,235.22976659054154,231.37844718195538,234.4714813232422,46588900,0.011622951837397366,1.6527086760964247,194.56243103027344,178.77479766845704,0.021953842122106233,234.4714813232422,0.0,38602666.0,True
2025-09-08,GOOGL,235.15054099905157,237.8069358559837,233.3529799966882,233.72247314453125,32474700,-0.0031944532208518783,1.6442347223220866,195.77388671875,179.08591163635253,0.022067031089386357,234.4714813232422,-0.3194453220851859,38616226.0,False
2025-09-09,GOOGL,233.85231685973005,240.14377315813266,232.91358965088386,239.30491638183594,38061000,0.02388492284117061,1.707392064638694,196.99741546630858,179.4109686279297,0.02202941321534372,239.30491638183594,0.0,37214642.0,True
2025-09-10,GOOGL,238.5758820575914,241.33214736167037,237.5273187664355,238.84552001953125,35141100,-0.0019197113425437617,1.702194653383494,198.2576528930664,179.71970962524415,0.02202544086336199,239.30491638183594,-0.19197113425437226,36649886.0,False
2025-09-11,GOOGL,239.55457404217233,241.9213539288796,235.92949376965038,240.0438995361328,30599300,0.0050173832714282,1.715752599633523,199.5496405029297,180.04508102416992,0.022026799907472704,240.0438995361328,0.0,36543782.0,False
2025-09-12,GOOGL,240.04388783032,241.75157459718335,237.67710805902945,240.4733123779297,26771600,0.00178889295927398,1.7206107903381374,200.7943423461914,180.41410972595216,0.02181230650293147,240.4733123779297,0.0,36496636.0,False
2025-09-15,GOOGL,244.32807821701437,252.06756394348793,244.32807821701437,251.26864624023438,58383800,0.04489202463073605,1.8427445169486432,202.23719085693358,180.8513826751709,0.023169599622234867,251.26864624023438,0.0,37230518.0,True
2025-09-16,GOOGL,251.73800966841424,252.696698721273,249.13154999644232,250.8192596435547,34109700,-0.001788470640503359,1.8376603518416288,203.72572845458984,181.2720417022705,0.023295180073196052,251.26864624023438,-0.17884706405033735,37229200.0,False
2025-09-17,GOOGL,250.87917693990602,251.25866627901078,245.94587648389523,249.19146728515625,34108000,-0.006489901775133755,1.819244214886985,205.23020080566405,181.67725387573242,0.023434573086478623,251.26864624023438,-0.8266765416852543,37102510.0,False
2025-09-18,GOOGL,251.338548569648,253.64542748570952,249.46110945180462,251.68807983398438,31239500,0.010018852475278228,1.8474898067677192,206.7395068359375,182.09440238952638,0.02300418615474104,251.68807983398438,0.0,36866788.0,False
2025-09-19,GOOGL,252.90642848071656,255.65269769422878,251.4683796180924,254.3744354248047,55571400,0.010673352478958398,1.8778820691555924,208.28258514404297,182.5263745880127,0.022439870222328802,254.3744354248047,0.0,37393168.0,True
2025-09-22,GOOGL,254.0848093772248,255.4329839373953,249.96042287972912,252.18739318847656,32290500,-0.008597728119477788,1.8531388215650724,209.7306381225586,182.9347844696045,0.022796115437572317,254.3744354248047,-0.8597728119477769,37353320.0,False
2025-09-23,GOOGL,252.69670571321294,254.01492224497756,250.1401811840686,251.31858825683594,26628000,-0.0034450767766622814,1.843309539270305,211.13397705078125,183.33959594726562,0.022526148902163777,254.3744354248047,-1.2013185062663598,37235148.0,False
2025-09-24,GOOGL,251.31857470864836,252.00764101873446,246.10565550148698,246.80470275878906,28201000,-0.01796081033780872,1.7922413959037886,212.43825744628907,183.70677505493165,0.023319481372561634,254.3744354248047,-2.9758228862008833,37130202.0,False
2025-09-25,GOOGL,244.06842931794486,246.1556055061487,240.41340622781078,245.45654296875,31020400,-0.005462455840465341,1.776988900582745,213.69621856689454,184.07581367492676,0.023288157363244525,254.3744354248047,-3.5058131691425,37088526.0,False
2025-09-26,GOOGL,246.73481561544992,249.08161830530747,245.63630185383965,246.2055206298828,18503200,0.0030513656392046062,1.7854625090944358,214.95698669433594,184.43830657958983,0.023269509191279937,254.3744354248047,-3.2113741230638237,36818738.0,False
2025-09-29,GOOGL,247.51375020937843,250.80926093832198,242.4406403715287,243.71890258789062,32505800,-0.010099765576460307,1.7573299907305633,216.13848907470702,184.78408630371095,0.02345306653221478,254.3744354248047,-4.188916554888603,36788564.0,False
2025-09-30,GOOGL,242.48058753408858,242.9599320717839,238.92541967317948,242.77020263671875,34724300,-0.0038925989781598558,1.7465968108261958,217.20044403076173,185.07634796142577,0.023575339188623395,254.3744354248047,-4.561870680403437,36566988.0,False
2025-10-01,GOOGL,240.42338523813993,245.96585884887978,238.2862890899911,244.5677490234375,31658200,0.007404312255769652,1.7669334712542542,218.27360565185546,185.32668273925782,0.023357414166966305,254.3744354248047,-3.8552169698146144,36306948.0,False
2025-10-02,GOOGL,244.81739828037135,246.47514981131818,241.97127402542458,245.35667419433594,25483300,0.0032257939734434693,1.775859028570745,219.3846957397461,185.5980828857422,0.013222722096273605,254.3744354248047,-3.5450737081378128,35642976.0,False
2025-10-03,GOOGL,244.15831699237452,245.96585900937905,241.3321544964398,245.01715087890625,30249600,-0.0013837949040700348,1.772017808992592,220.45028259277345,185.87843635559082,0.013224965159885397,254.3744354248047,-3.67854754361294,34750334.0,False
2025-10-06,GOOGL,244.44791178946252,250.97904766602093,244.24818617214953,250.09024047851562,28894700,0.020705038734682768,1.8294125451010141,221.59717712402343,186.15011260986327,0.01367126662567926,254.3744354248047,-1.684208139522538,34532510.0,False
2025-10-07,GOOGL,247.93317917084852,250.1002333278666,245.18691006468788,245.42657470703125,23181300,-0.01864793189274816,1.7766498526634833,222.66277099609374,186.40464202880858,0.014425679180694212,254.3744354248047,-3.517594330118328,34233346.0,False
2025-10-08,GOOGL,244.62768203424937,245.67624536262252,243.48922922331397,244.2881317138672,21307100,-0.0046386296778294644,1.7637700022519778,223.6423388671875,186.68841766357423,0.0136249049948921,254.3744354248047,-3.965140480447022,33831704.0,False
2025-10-09,GOOGL,244.13833003954065,244.42792989328805,238.82554034163272,241.2023162841797,27892100,-0.012631867983262879,1.7288584244474285,224.54462524414063,186.95621673583983,0.01393929512925557,254.3744354248047,-5.17824014768921,33740638.0,False
2025-10-10,GOOGL,241.10246136059908,243.75885638035138,235.5200485827795,236.2490692138672,33180300,-0.0205356530012617,1.6728195347534065,225.44023864746094,187.18481636047363,0.014628893469873514,254.3744354248047,-7.125466904985236,33377660.0,False
2025-10-13,GOOGL,239.88411429337978,244.16828735447277,239.38479264234815,243.81875610351562,24995000,0.03204112894428324,1.7584596901112395,226.54252075195313,187.4352384185791,0.01627843188425145,254.3744354248047,-4.149662014447758,33180916.0,False
2025-10-14,GOOGL,240.9027132904423,246.78472157869837,240.1836889124138,245.1169891357422,22111600,0.00532458229618471,1.7731473357419452,227.55283386230468,187.68478569030762,0.012845608866081343,254.3744354248047,-3.639299001726564,32992200.0,False
2025-10-15,GOOGL,246.91455220927548,251.7679591837619,245.65626715592245,250.68942260742188,27007700,0.022733770887638283,1.836191431910367,228.68197875976563,187.96473342895507,0.013854969144069598,254.3744354248047,-1.4486569026595972,32900308.0,False
2025-10-16,GOOGL,251.42842769264908,256.6113736152233,249.76069521164578,251.1188507080078,27997200,0.0017129885103226439,1.8410497952463047,229.79137634277345,188.26096305847167,0.013776297192005743,254.3744354248047,-1.2798395842569859,33028994.0,False
2025-10-17,GOOGL,250.4197821526697,253.87509458891947,247.4737875390444,252.9563446044922,29671600,0.007317228042831969,1.8618384044791632,230.92894287109374,188.57394500732423,0.013694913078496946,254.3744354248047,-0.5574816580700382,33095990.0,False
2025-10-20,GOOGL,254.3444728441902,256.98087539491434,253.88509020638818,256.2019348144531,22350200,0.012830633740519737,1.8985576048715886,232.03364166259766,188.91281036376952,0.013784193350032831,256.2019348144531,0.0,32759758.0,False
2025-10-21,GOOGL,254.39440086428343,254.53421031738455,243.81875668908756,250.12020874023438,47312100,-0.0237380177422285,1.8297515930202755,233.02508697509765,189.2206201171875,0.0146488683845049,256.2019348144531,-2.373801774222847,33189352.0,True
2025-10-22,GOOGL,254.02489806023604,256.01218852739623,248.95178813355238,251.34854125976562,35029400,0.004910968712675823,1.8436484145582428,233.994404296875,189.52282585144042,0.014672350434367987,256.2019348144531,-1.8943625691985624,33281982.0,True
2025-10-23,GOOGL,252.63679338694976,254.69399627404513,251.50833675008087,252.73666381835938,19901400,0.005522699879762394,1.8593530313154103,235.0190216064453,189.80668907165528,0.014110523591797238,256.2019348144531,-1.3525545771554663,33113152.0,False
2025-10-24,GOOGL,256.23188733462473,261.32497431611404,254.9736174865258,259.5673828125,28655100,0.02702702050007999,1.9366328243097377,236.16069763183594,190.13157409667969,0.015087773098001645,259.5673828125,0.0,33181646.0,False
2025-10-27,GOOGL,264.4607188078389,269.7735083332291,263.92144290721717,268.9046630859375,35235200,0.03597247147258997,2.042270764807691,237.4699627685547,190.51081008911132,0.016738154330155595,268.9046630859375,0.0,33187722.0,True
2025-10-28,GOOGL,269.3241367489819,270.3627344019799,266.1384619149823,267.1071472167969,29738600,-0.006684584225920109,2.0219344496422798,238.75125915527343,190.8905645751953,0.01660690941130364,268.9046630859375,-0.668458422592013,33411962.0,False
2025-10-29,GOOGL,267.38675485794886,274.96645416764926,267.3068768000952,274.197509765625,43580300,0.02654501245177565,2.102151737236484,240.2128756713867,191.31089714050293,0.017156631438468635,274.197509765625,0.0,33798764.0,True
2025-10-30,GOOGL,291.1944142933695,291.1944142933695,279.6800575475708,281.09814453125,74876000,0.025166657317651886,2.180222526954873,241.85740417480469,191.77245178222657,0.01766215477348956,281.09814453125,0.0,34717174.0,True
2025-10-31,GOOGL,282.82575062167336,285.6119738650845,276.6541425566326,280.8085021972656,39267900,-0.0010303957518730256,2.176945639173088,243.48755950927733,192.2032437133789,0.0177294977691402,281.09814453125,-0.10303957518729731,35107040.0,True
2025-11-03,GOOGL,281.797163766903,285.14262497278366,279.42038779718166,283.3350830078125,29786000,0.008997522478047859,2.205530278973084,245.0417315673828,192.65980796813966,0.01764037517965972,283.3350830078125,0.0,34846220.0,False
2025-11-04,GOOGL,276.374515458966,280.88837191256465,275.8851900258856,277.1634521484375,30078400,-0.02178209205107451,2.1357071233639857,246.4245785522461,193.07013496398926,0.01842005482462405,283.3350830078125,-2.1782092051074478,34849210.0,False
2025-11-05,GOOGL,278.49163374098424,286.0314084420774,276.96371081227676,283.92425537109375,31010300,0.024392838125841587,2.2121959196342518,247.96958129882813,193.5040631866455,0.018039979297521828,283.92425537109375,0.0,34900134.0,False
2025-11-06,GOOGL,284.9428776795432,287.9587999323025,280.7585903155872,284.3636779785156,37173600,0.001547675477206134,2.2171673564870513,249.51658782958984,193.9385959625244,0.017888290597203555,284.3636779785156,0.0,35183148.0,True
2025-11-07,GOOGL,282.8257840870045,283.3950181298404,274.8166751233446,278.45172119140625,34479600,-0.020790126323925406,2.1502820407404766,250.8623419189453,194.34550994873047,0.018425856613708522,284.3636779785156,-2.079012632392537,35225954.0,False
2025-11-10,GOOGL,284.03413439651047,290.40545290698407,282.47622284552773,289.7064208984375,29557300,0.0404188548696196,2.277612833343535,252.40784729003906,194.7975988006592,0.018666983165546783,289.7064208984375,0.0,35022532.0,False
2025-11-11,GOOGL,287.35962699643375,291.52398321941854,286.9302176656824,290.914794921875,19842100,0.00417102948457293,2.2912838531104254,254.00864990234376,195.29753616333008,0.01799465741874714,290.914794921875,0.0,34468914.0,False
2025-11-12,GOOGL,291.2842728658537,291.613842224268,283.30512258449664,286.3210144042969,24829900,-0.015790810910155995,2.239311812134309,255.13224548339844,195.75713500976562,0.018760382323337692,290.914794921875,-1.5790810910155952,32898790.0,False
2025-11-13,GOOGL,281.9569519907634,282.45627365196606,276.8638649512614,278.19207763671875,29494000,-0.0283909889900702,2.1473445461405993,256.06053619384767,196.17554168701173,0.0199751989975378,290.914794921875,-4.373348316153164,32454986.0,False
2025-11-14,GOOGL,271.04178706348836,278.1820807042813,270.3327588398133,276.0350036621094,31647200,-0.0077539015234869835,2.1229403464693415,256.891806640625,196.55598854064942,0.020162788277380186,290.914794921875,-5.114827956330507,32156152.0,False
2025-11-17,GOOGL,285.392279437324,293.55120856159544,283.1852862901624,284.63330078125,52670200,0.031149299925982143,2.2202177519724655,257.9100231933594,196.96374938964843,0.02097148977128024,290.914794921875,-2.1592212738138294,32560062.0,True
2025-11-18,GOOGL,287.52939388700526,288.4081743957296,277.8225797399186,283.8943176269531,49158700,-0.0025962638674692506,2.2118572169776365,258.8018112182617,197.38170120239258,0.02098465212041699,290.914794921875,-2.413241752385684,32782016.0,True
2025-11-19,GOOGL,286.77042153983126,303.39782684502376,286.2411417953812,292.4127502441406,68198900,0.030005646778675565,2.3082310701338073,259.8731558227539,197.81661354064943,0.020563786880143597,292.4127502441406,0.0,33443172.0,True
2025-11-20,GOOGL,304.1268355762142,306.0042898345543,288.2783714658303,289.05731201171875,62025200,-0.011475006577587155,2.270269096843844,260.8534240722656,198.30965240478517,0.02098025738032597,292.4127502441406,-1.1475006577587195,34071690.0,True
2025-11-21,GOOGL,296.0178842040454,303.50770955644725,293.4513634023398,299.25347900390625,74137700,0.03527385943371031,2.3856241092763204,262.02902740478515,198.85232833862304,0.021869202013804538,299.25347900390625,0.0,35019012.0,True
2025-11-24,GOOGL,310.70789188393536,319.0465694557707,309.17996886834777,318.14776611328125,85165100,0.06313807001431182,2.5993858813299506,263.3666098022461,199.5206318664551,0.02465705114054346,318.14776611328125,0.0,35554638.0,True
2025-11-25,GOOGL,325.767421144808,328.3838617048627,317.2190369667809,323.0011901855469,88632100,0.015255251141815362,2.6542954169059434,264.81024841308596,200.20757835388184,0.02397182725657051,323.0011901855469,0.0,36645086.0,True
2025-11-26,GOOGL,320.2449508538883,324.0597758686898,316.36024396458464,319.5159606933594,51373400,-0.0107901444269769,2.6148650415786885,266.21673828125,200.882822265625,0.024122718691179084,323.0011901855469,-1.0790144426976949,36990394.0,True
2025-11-28,GOOGL,322.9313108653273,326.40660086319315,316.36025071335513,319.7456359863281,26018600,0.0007188225980021556,2.617463488259303,267.57788940429685,201.5677252960205,0.023831585920843334,323.0011901855469,-1.0079078028624626,36885976.0,False
2025-12-01,GOOGL,317.2690150587685,319.41609223758667,313.464186206563,314.46282958984375,41183000,-0.016521903043925423,2.5576961072413424,268.7796572875977,202.21362243652345,0.024031589462502886,323.0011901855469,-2.643445552258892,36598208.0,True
2025-12-02,GOOGL,316.3102616947243,317.948051296999,313.4841146313127,315.38153076171875,35854700,0.0029214936883741327,2.5680898939638013,270.0435400390625,202.86864204406737,0.023992299222043913,323.0011901855469,-2.3590189929179637,36669492.0,False
2025-12-03,GOOGL,315.4614340573081,321.1436861691208,313.6738540884245,319.19635009765625,41838300,0.012095886930105992,2.6112491058776413,271.4010952758789,203.55000221252442,0.024022361539049672,323.0011901855469,-1.1779647269116713,36973698.0,True
2025-12-04,GOOGL,321.7928484740126,321.92264650582644,314.27306548179905,317.1890869140625,31240900,-0.006288490400907287,2.588539800540045,272.80878295898435,204.21386054992675,0.02335636162845415,323.0011901855469,-1.7994061471246074,37034496.0,False
2025-12-05,GOOGL,319.05652267664885,322.72155681925386,318.73697999805336,320.8341064453125,28851700,0.01149162969858919,2.6297779710865004,274.31633422851564,204.8994776916504,0.023035167732770256,323.0011901855469,-0.6709212863858185,36991122.0,False
2025-12-08,GOOGL,319.82486263347363,320.21460294317257,311.0010871288888,313.49932861328125,33909400,-0.022861590101180496,2.546795474953226,275.6622103881836,205.57280822753907,0.023876071867269866,323.0011901855469,-2.9417419690643603,37299246.0,False
2025-12-09,GOOGL,312.15025542764414,317.7662971049956,311.6805848338384,316.85693359375,30194000,0.010710086670107533,2.58478196189112,277.1249710083008,206.2649673461914,0.02315860333533494,323.0011901855469,-1.9022396135033832,37253010.0,False
2025-12-10,GOOGL,315.6078174223929,321.0839735202244,314.45863248382005,319.9847412109375,33428900,0.009871356077685745,2.6201686210978123,278.66926177978513,206.99182739257813,0.021838210975176436,323.0011901855469,-0.9338816903047902,37227102.0,False
2025-12-11,GOOGL,319.85481737290655,320.8940942947929,308.3829128168011,312.210205078125,42353700,-0.024296583966444296,2.5322108902226224,280.0221109008789,207.69320281982422,0.022754509033790376,323.0011901855469,-3.3408499520460073,37441012.0,True
2025-12-12,GOOGL,313.47935032153816,314.6485102459599,305.34506149685063,309.07244873046875,35940200,-0.010050140247244932,2.496711675393039,281.2964263916016,208.39994216918944,0.02254324935721939,323.0011901855469,-4.3122879662074345,37650150.0,False
2025-12-15,GOOGL,311.1009991314403,311.2009348824072,304.66552711937686,308.003173828125,29151900,-0.003459625426775692,2.484614362770746,282.55614685058595,209.09247611999513,0.0213851775673,323.0011901855469,-4.6433316077895315,37628196.0,False
2025-12-16,GOOGL,304.7354841263937,310.5513666605185,302.37712849550337,306.3543395996094,30585000,-0.005353302720950914,2.465960167221061,283.6814288330078,209.7930406188965,0.0213194972596416,323.0011901855469,-5.153804720154367,37662002.0,False
2025-12-17,GOOGL,307.7933270972379,307.87325739956634,295.9116769824828,296.5112609863281,43930400,-0.03212971824112465,2.354599843613287,284.70312255859375,210.4249296569824,0.021929781473431387,323.0011901855469,-8.201186250738491,38076984.0,True
2025-12-18,GOOGL,301.50775321966603,303.7461677101471,299.0195145942255,302.2472229003906,33518000,0.01934483666819986,2.419494029675155,285.8623043823242,211.07504684448242,0.022211993384233377,323.0011901855469,-6.4253531924245255,38321202.0,False
2025-12-19,GOOGL,301.5177661333593,307.03387224107576,300.7582909786616,306.9439392089844,59943200,0.015539319976288546,2.472630641559286,287.1771368408203,211.75198211669922,0.021554298132232207,323.0011901855469,-4.971266814013432,38962224.0,True
2025-12-22,GOOGL,309.66200850448513,309.9118326328777,305.0852133945127,309.56207275390625,26429900,0.008529679887698594,2.5022510692999997,288.6433969116211,212.43449287414552,0.021345429178371796,323.0011901855469,-4.160702139803439,38827216.0,False
2025-12-23,GOOGL,309.41219480947996,314.7184570357758,309.1024153195162,314.1288757324219,25478700,0.014752462851436388,2.5539178980962514,290.0495993041992,213.17865310668947,0.020259352241477874,323.0011901855469,-2.74683645841315,38836890.0,False
2025-12-24,GOOGL,314.5485634057752,314.8583428959372,311.70059264113144,313.8690490722656,10097400,-0.0008271339575212089,2.5509783319204935,291.42464050292966,213.93063262939452,0.014745848468320916,323.0011901855469,-2.8272778524547615,38596606.0,False
2025-12-26,GOOGL,314.25877806497726,314.86833429915043,312.0603135401851,313.2894592285156,10899000,-0.0018465976351066393,2.5444211037304543,292.67664123535155,214.66441719055175,0.01429524076127062,323.0011901855469,-3.0067167713692884,38274432.0,False
2025-12-29,GOOGL,311.15095467052413,313.79908436732376,310.4014822754237,313.33941650390625,19621800,0.00015946044119585778,2.544986298683439,293.92105255126955,215.42012634277344,0.014132648378810599,323.0011901855469,-2.9912501796326056,38106924.0,False
2025-12-30,GOOGL,312.28018544302313,316.72706748217655,312.24020504037514,313.6292419433594,17380900,0.0009249568493068239,2.548265258041105,295.1345104980469,216.1636817932129,0.014133851877501526,323.0011901855469,-2.901521272043554,37861110.0,False
2025-12-31,GOOGL,312.62992729269524,314.3586907819443,311.22091551782626,312.7798156738281,16377700,-0.0027083771406897217,2.5386552175271233,296.26606811523436,216.90896942138673,0.013680903610231282,323.0011901855469,-3.164500572226102,37741660.0,False
2023-01-03,MSFT,236.35137496373926,238.9474656895386,230.82859367762717,232.94825744628906,25740000,,,,,,232.94825744628906,0.0,,False
2023-01-04,MSFT,225.8502991867707,226.42396394538952,219.70524965027772,222.75833129882812,50623400,-0.043743302736705125,-0.043743302736705125,,,,232.94825744628906,-4.374330273670508,,False
2023-01-05,MSFT,220.910952034835,221.2512697398711,215.62153242856337,216.15631103515625,39585600,-0.02963759077013073,-0.07208444740139142,,,,232.94825744628906,-7.208444740139143,,False
2023-01-06,MSFT,216.82721193090404,219.51080795719037,213.2782522890228,218.7037811279297,43613600,0.011785314435529548,-0.06114867084439868,,,,232.94825744628906,-6.114867084439869,,False
2023-01-09,MSFT,220.181677805299,224.8390950379593,220.1427915656861,220.8331298828125,27369800,0.00973622286684317,-0.052007805064907764,,,,232.94825744628906,-5.200780506490782,,False
2023-01-10,MSFT,221.4554195666482,224.90715575496424,221.03732942473408,222.5152587890625,27033900,0.007617194517610004,-0.044786764114911115,,,,232.94825744628906,-4.478676411491123,,False
2023-01-11,MSFT,224.88772743214392,229.41873899259986,224.71271707723938,229.2437286376953,28669300,0.03023824022338717,-0.015902796823658805,,,,232.94825744628906,-1.5902796823659022,,False
2023-01-12,MSFT,228.74784480479596,233.25940599267489,227.09490487805533,231.9078826904297,27269500,0.011621491539011375,-0.0044661195033801615,,,,232.94825744628906,-0.4466119503380507,,False
2023-01-13,MSFT,230.43967280124468,232.74406478160432,228.41724688827324,232.60794067382812,21333300,0.0030186899008213253,-0.0014609114323995698,,,,232.94825744628906,-0.14609114323999803,,False
2023-01-17,MSFT,231.38285076871398,234.2414722028024,230.52720494179857,233.6969757080078,29831300,0.004681848053101456,0.003214096855356452,,,,233.6969757080078,0.0,,False
2023-01-18,MSFT,234.88319223600368,235.67076853478866,229.0006572078567,229.28262329101562,30028700,-0.018889214991415604,-0.01573582990256317,,,,233.6969757080078,-1.8889214991415597,,False
2023-01-19,MSFT,227.3088064182575,229.00064735365646,224.29461063179636,225.510009765625,28623000,-0.016453987970131756,-0.031930900716778066,,,,233.6969757080078,-3.5032400045313374,,False
2023-01-20,MSFT,228.35892430446629,234.07616685941196,228.0186065956563,233.570556640625,35389800,0.035743632326464825,0.002671405234613289,,,,233.6969757080078,-0.05409529455818313,,False
2023-01-23,MSFT,234.42616036561182,238.38349171552287,233.01628568468104,235.8651885986328,31934000,0.009824149032355844,0.012521798550119811,,,,235.8651885986328,0.0,,False
2023-01-24,MSFT,235.78743760454404,237.19729766623655,233.7844621578948,235.3401641845703,40234400,-0.0022259512613195254,0.010267974375523625,,,,235.8651885986328,-0.22259512613195487,,False
2023-01-25,MSFT,227.98943061234027,236.5652941592754,224.50852565701223,233.9497528076172,66526600,-0.005908092151506561,0.004299218085197065,,,,235.8651885986328,-0.8120892287649469,,False
2023-01-26,MSFT,236.90559786802248,241.43660948835614,235.30127691453504,241.13519287109375,33454500,0.030713603999339645,0.03514486656631233,,,,241.13519287109375,0.0,,False
2023-01-27,MSFT,242.0977830088241,242.9145276437586,239.99756980206558,241.29075622558594,26498900,0.0006451292017559673,0.035812668747781995,,,,241.29075622558594,0.0,,False
2023-01-30,MSFT,237.74178578895192,238.80162509755758,235.4957305884033,235.9916229248047,25867400,-0.021961609237226676,0.013064555673774292,,,,241.29075622558594,-2.1961609237226725,,False
2023-01-31,MSFT,236.7111417707159,241.08657882687118,236.22498209780977,240.95045471191406,26541100,0.02101274496802552,0.0343518228182933,,,,241.29075622558594,-0.14103379631904447,,False
2023-02-01,MSFT,241.1351911203326,248.11643670951443,238.67522443009082,245.7537078857422,31259900,0.019934609293728034,0.05497122227843132,,,,245.7537078857422,0.0,,False
2023-02-02,MSFT,251.65575106816502,257.363262034007,250.12920226522084,257.2757568359375,39940400,0.04688453756942801,0.10443306018400977,,,0.02252475068474399,257.2757568359375,0.0,,False
2023-02-03,MSFT,252.35574697610576,256.88675825123045,249.9832856273653,251.1986846923828,29077300,-0.023620850321431464,0.07834541217936275,,,0.020702589455469753,257.2757568359375,-2.3620850321431504,,False
2023-02-06,MSFT,250.3138662354951,251.15004653464848,247.72749350962195,249.6623992919922,22518000,-0.006115817852597294,0.07175044805628983,,,0.019268018266417077,257.2757568359375,-2.9592207355939424,,False
2023-02-07,MSFT,253.31834411841427,261.33024559426707,252.88078856760495,260.15374755859375,50841400,0.04202213988311243,0.11678769530429967,,,0.02071419043736747,260.15374755859375,0.0,,False
2023-02-08,MSFT,265.63761659917793,269.09907056810056,258.8410852318201,259.3467102050781,54686000,-0.0031021554026772202,0.11332324632166801,,,0.020864814388042708,260.15374755859375,-0.31021554026772497,,False
2023-02-09,MSFT,266.2210185187912,266.3960585481187,255.525505975814,256.32281494140625,42375100,-0.011659663086841299,0.1003422723628089,,,0.021296961797001128,260.15374755859375,-1.47256484026803,,False
2023-02-10,MSFT,254.29062103296877,256.7797556334207,253.44470813701852,255.81716918945312,25818500,-0.0019726911631674504,0.09817163688565911,,,0.020688726620358783,260.15374755859375,-1.6669290409371902,,False
2023-02-13,MSFT,260.23156430688056,266.9988986544617,259.7551076492649,263.8096923828125,44630900,0.031243107015386684,0.1324819308581402,,,0.021412394376059306,263.8096923828125,0.0,,False
2023-02-14,MSFT,265.12229853290944,267.35862090148964,261.82612208741193,264.6361389160156,37047900,0.0031327375644860656,0.1360296995440411,,,0.021411515766066945,264.6361389160156,0.0,,False
2023-02-15,MSFT,261.54614998360546,263.89531203662176,259.46016095211655,262.5209045410156,28922400,-0.007992991371716163,0.12694942395757236,,,0.021639138975846458,264.6361389160156,-0.799299137171619,,False
2023-02-16,MSFT,257.3546924253558,260.0060260617434,255.28821748394975,255.5319061279297,29603600,-0.026622635729925292,0.09694705995750086,,,0.022139857930035332,264.6361389160156,-3.44028326039598,,False
2023-02-17,MSFT,252.8416369479222,253.5239473924271,249.53720422274546,251.54519653320312,30000100,-0.015601611771841384,0.0798329177937811,,,0.022098521167340048,264.6361389160156,-4.946770473766251,,False
2023-02-21,MSFT,248.05557870006874,249.04009049318063,245.2385381346892,246.29127502441406,28397400,-0.020886590486316692,0.057278889846178016,,,0.021667570482024646,264.6361389160156,-6.932108353282561,,False
2023-02-22,MSFT,247.6754065123544,247.9190951759008,244.0200765591585,245.16053771972656,22491100,-0.004591057091143047,0.052424862101633884,,,0.021660579110670996,264.6361389160156,-7.359388357184956,,False
2023-02-23,MSFT,249.10829119149065,250.3559759296498,244.15653587973247,248.33824157714844,29219100,0.01296172657711625,0.06606610540715452,,,0.02176351440104546,264.6361389160156,-6.158606079133982,,False
2023-02-24,MSFT,243.649683795455,244.66342210762315,241.8366395147742,242.92835998535156,24990900,-0.021784327526198743,0.042842572202385965,,,0.02234852935301656,264.6361389160156,-8.202877739821165,,False
2023-02-27,MSFT,246.08654295667617,246.43745519349676,243.09403931579286,243.8446044921875,21190000,0.00377166546915797,0.04677582552172965,,,0.021371564971468488,264.6361389160156,-7.856649703624373,,False
2023-02-28,MSFT,242.78218154124548,245.141086337107,242.45075361028725,243.1233367919922,22491000,-0.002957898952479887,0.04367956840393772,,,0.021386884682009975,264.6361389160156,-8.12920042294401,,False
2023-03-01,MSFT,244.42949575369053,244.59520227636006,239.58496345634046,240.0528564453125,27565300,-0.012629311472911686,0.03049861405665033,,,0.02098841139807012,264.6361389160156,-9.289465366068097,,False
2023-03-02,MSFT,240.3257362743436,245.05328689797125,239.40946462139533,244.77061462402344,24808200,0.01965299746302218,0.050751000704353455,,,0.02092565374565862,264.6361389160156,-7.506731459038053,,False
2023-03-03,MSFT,245.8233473946352,249.1667482945005,245.04354079562174,248.84507751464844,30760100,0.01664604591888419,0.06824185011139172,,,0.02078837593840631,264.6361389160156,-5.967084263717513,,False
2023-03-06,MSFT,249.9563289608396,253.55317601638902,249.51769234094775,250.38522338867188,24109800,0.006189175568211747,0.07485338647104256,,,0.01798532711485257,264.6361389160156,-5.385098039034793,,False
2023-03-07,MSFT,249.82961864090797,251.18454195758378,246.99309375726955,247.73390197753906,21473200,-0.010588969170186147,0.06347179709923045,,,0.017385654689899475,264.6361389160156,-6.3869723189396375,,False
2023-03-08,MSFT,247.62667058752513,248.11404792403098,244.47821715829852,247.29525756835938,17340200,-0.0017706272967817904,0.061588784905928895,,,0.01734150739255685,264.6361389160156,-6.552726101086109,,False
2023-03-09,MSFT,249.36177602188675,253.00734939553732,245.22881038258097,245.95013427734375,26653400,-0.005439341232185924,0.055814441256563985,,,0.014390016542245039,264.6361389160156,-7.061017711039846,,False
2023-03-10,MSFT,244.74141460422547,246.40823683070676,241.3492723748031,242.31427001953125,28333900,-0.014782932599307075,0.0402064075340931,,,0.014635215789588586,264.6361389160156,-8.43492842206574,,False
2023-03-13,MSFT,241.15429996225072,251.3989810865607,239.5264614444424,247.50970458984375,33339700,0.02144089396754767,0.06250936282239516,,,0.015431207481147475,264.6361389160156,-6.471691431232332,,False
2023-03-14,MSFT,250.26826629818711,254.47921369225799,249.4007352202757,254.20628356933594,33620300,0.02705582389421579,0.09125642902887332,,,0.01664410044546076,264.6361389160156,-3.94120598547188,,False
2023-03-15,MSFT,253.41673923474747,259.7526448252449,252.66615907277222,258.7388916015625,46028000,0.017830432704430965,0.1107140033499503,242.90642639160157,,0.0156032168201678,264.6361389160156,-2.228436123127032,31914024.0,True
2023-03-16,MSFT,258.51463124296953,269.57810070864684,256.6333622072751,269.2272033691406,54768800,0.04053627849550079,0.15573821551859646,243.6320053100586,,0.018022767451121163,269.2272033691406,0.0,32494600.0,True
2023-03-17,MSFT,271.2351947706092,276.1771774428226,269.34416867421294,272.3756408691406,69527400,0.011694351315914897,0.16925382424009938,244.62435150146484,,0.01804507903269823,272.3756408691406,0.0,32872680.0,True
2023-03-20,MSFT,269.98756773899805,270.47494508940247,263.0375619626868,265.35748291015625,43466600,-0.025766466988713432,0.13912628417638984,245.60837493896486,,0.01797823269195488,272.3756408691406,-2.5766466988713423,32950300.0,True
2023-03-21,MSFT,267.9405526736913,268.05751846766043,262.7158524815854,266.8683166503906,34558700,0.005693578804204735,0.145611989443289,246.57166564941406,,0.017533733809783632,272.3756408691406,-2.021959159481491,32769202.0,True
2023-03-22,MSFT,266.497948625342,273.9450893595406,265.30874661401754,265.4159851074219,34873300,-0.005442128017284942,0.13937742233860217,247.46332275390625,,0.016791432120115163,272.3756408691406,-2.555168200618361,32919272.0,True
2023-03-23,MSFT,270.92332074814243,273.9645506194871,268.25250241830935,270.650390625,36610900,0.01972151570094627,0.16184767206255657,248.426025390625,,0.017027620816909513,272.3756408691406,-0.6334084203107939,33110812.0,True
2023-03-24,MSFT,270.2409584505626,273.54539085578926,268.33044774491924,273.4869079589844,28172000,0.01048037406276836,0.17402427026972878,249.31088897705078,,0.01697711451653167,273.4869079589844,0.0,33100866.0,False
2023-03-27,MSFT,273.41866361100745,274.3544196920251,268.56437502402,269.4026794433594,26840200,-0.014933908705558663,0.15649149899941062,250.06078491210937,,0.016501104720094393,273.4869079589844,-1.4933908705558672,33092280.0,False
2023-03-28,MSFT,268.82756793649463,269.16873798129603,265.18196566074795,268.2817077636719,21878600,-0.004160952229590453,0.1516793931181466,250.77426025390625,,0.01662258363778078,273.4869079589844,-1.9032721654424274,33103186.0,False
2023-03-29,MSFT,271.9175790730678,274.0425670542095,271.3814758548116,273.428466796875,25087000,0.019184159352887642,0.17377339411916215,251.56889007568358,,0.016814419758045724,273.4869079589844,-0.021368906667422482,33008300.0,False
2023-03-30,MSFT,277.0544762167483,277.2786507086976,274.3739014000633,276.8789978027344,25053400,0.012619501715681603,0.1885858294800704,252.52081756591798,,0.016330741265843742,276.8789978027344,0.0,32908794.0,False
2023-03-31,MSFT,276.56724290742727,281.9673641123146,275.85566105861596,281.0218505859375,32766000,0.014962683396285481,0.2063702629358921,253.6310543823242,,0.01617963425431301,281.0218505859375,0.0,32991654.0,False
2023-04-03,MSFT,279.2866930601582,280.99251370652144,276.781596204477,279.9787902832031,24883300,-0.003711669752937574,0.20189261492010968,254.5592190551758,,0.01616518715144642,281.0218505859375,-0.37116697529376047,32781524.0,False
2023-04-04,MSFT,279.9787787723989,283.117489822551,278.45816395278734,279.9300231933594,25824300,-0.00017418137207614315,0.20168326761535482,255.44051574707032,,0.016216161373446097,281.0218505859375,-0.3885204621283498,32659330.0,False
2023-04-05,MSFT,278.63357089609315,279.90073980685764,275.7775474414122,277.16168212890625,22064800,-0.009889403904849825,0.18979933641620694,256.27694610595705,,0.016182248569154702,281.0218505859375,-1.3736186168380513,32295938.0,False
2023-04-06,MSFT,276.0603177714144,284.7063886889727,274.9101141667659,284.238525390625,29770300,0.02553326710734627,0.2201788006770653,257.2827215576172,,0.016660114642108797,284.238525390625,0.0,31560812.0,False
2023-04-10,MSFT,281.90881108908263,282.2889797177499,277.5224147425445,282.08428955078125,23103000,-0.007578972051319299,0.2109310996491216,258.1017034912109,,0.016744928816599784,284.238525390625,-0.7578972051319272,31353782.0,False
2023-04-11,MSFT,278.53620824010255,278.7604125725099,274.5299799435266,275.6899108886719,27276600,-0.022668326096048852,0.18348131860242822,258.78968658447263,,0.017328564396193943,284.238525390625,-3.0075495537435977,31369336.0,False
2023-04-12,MSFT,277.6003898328518,279.7643463826104,274.8418174679427,276.33319091796875,27403400,0.002333346284683735,0.18624279034018176,259.5965179443359,,0.016992521524294882,284.238525390625,-2.7812325798524533,31400056.0,False
2023-04-13,MSFT,276.43070139440715,282.5814016075444,276.02132104979927,282.5229187011719,24222700,0.0223995089501956,0.21281404633951162,260.4279672241211,,0.01672401884155036,284.238525390625,-0.6035799288978828,31353688.0,False
2023-04-14,MSFT,279.7545649448243,281.19721243469814,276.52812965920475,278.9162902832031,20987900,-0.01276579059337668,0.1973315161952356,261.0912188720703,,0.016898158995705067,284.238525390625,-1.872453813256877,31148248.0,False
2023-04-17,MSFT,282.6106328823751,284.23848637686285,278.93581824426053,281.5091552734375,23836200,0.009296212091454592,0.2084621639135693,261.5758868408203,,0.0147308851152486,284.238525390625,-0.9602393318909058,30826164.0,False
2023-04-18,MSFT,284.2092540026853,284.3944597878288,279.7643746535523,281.09002685546875,20161800,-0.0014888624761124625,0.20666292994391666,262.17371368408203,,0.014587589450937312,284.238525390625,-1.1076959151928165,30647854.0,False
2023-04-19,MSFT,278.7700510801762,281.75279769664104,277.3566747962618,281.16796875,17150300,0.00027728445367913857,0.2069975188152211,262.8038250732422,,0.01318403317934135,284.238525390625,-1.0802746166815977,30540500.0,False
2023-04-20,MSFT,278.0488101013178,281.73338210050423,277.88308869454204,278.8870849609375,23244400,-0.008112175078842432,0.1972061436228636,263.1784918212891,,0.013377533064109126,284.238525390625,-1.8827287477420913,29988560.0,False
2023-04-21,MSFT,277.8148324496472,279.04300308117706,275.91404898236954,278.5458984375,21676400,-0.001223385885672279,0.19574149852451517,263.5624755859375,,0.013288652545957066,284.238525390625,-2.002764032532783,29328368.0,False
2023-04-24,MSFT,274.9685448486902,277.75635870948304,271.6836263278282,274.6566162109375,26611000,-0.013962805585648108,0.1790455924499259,263.9291516113281,,0.013123414906258712,284.238525390625,-3.3710803862774115,29013086.0,False
2023-04-25,MSFT,272.45369257019934,274.49092630001803,268.41819388016194,268.4669494628906,45772200,-0.022536019096999205,0.15247459846224154,264.18214721679686,,0.013860418617051357,284.238525390625,-5.548711564014667,29412160.0,True
2023-04-26,MSFT,289.20974000859206,292.0072813214267,285.3399625443694,287.9132995605469,64599200,0.07243480114241874,0.2359538668235428,264.6642193603516,,0.020785382658582797,287.9132995605469,0.0,29811526.0,True
2023-04-27,MSFT,288.49808887303965,297.495083564563,287.79626444724516,297.1343994140625,46462600,0.03202734944023122,0.2755381932083054,265.3141845703125,,0.021613439839988827,297.1343994140625,0.0,29999820.0,True
2023-04-28,MSFT,296.3352508757217,301.13102839340746,295.6529105371697,299.5032043457031,36469600,0.007972166589636842,0.28570699617600637,266.05383056640625,,0.02138523099136668,299.5032043457031,0.0,30150764.0,True
2023-05-01,MSFT,299.2204158338492,300.80927056527844,297.44635535169203,297.84600830078125,21294100,-0.005533149632045542,0.2785929869831967,266.9001126098633,,0.02140999775504896,299.5032043457031,-0.5533149632045499,29984574.0,False
2023-05-02,MSFT,299.9905392914893,301.3746744145902,296.2377274555762,297.6998596191406,26404400,-0.0004906853795839661,0.2779656000980455,267.82320587158205,,0.021268454354195013,299.5032043457031,-0.6021119976001926,29912660.0,False
2023-05-03,MSFT,298.87925796823623,300.8190101503688,296.41312996008793,296.7153015136719,22360800,-0.003307217231235282,0.2737390902444754,268.83168640136716,,0.02126229395556992,299.5032043457031,-0.9308424055501252,29791928.0,False
2023-05-04,MSFT,298.5088929942314,299.9905392914893,295.74059300087464,297.6998596191406,22519900,0.0033181912103827926,0.2779656000980455,269.88247283935544,,0.021250058733800717,299.5032043457031,-0.6021119976001926,29792504.0,False
2023-05-05,MSFT,298.00199235653776,304.0942089102195,296.58858621722317,302.8075256347656,28197100,0.017157099174179846,0.29989178264011795,270.9718585205078,,0.021240214325008885,302.8075256347656,0.0,29772064.0,False
2023-05-08,MSFT,302.30071055555146,302.3689505307948,298.36269283862055,300.8580627441406,21318600,-0.006437960504906193,0.29152313068282876,272.1304525756836,,0.020793246927647644,302.8075256347656,-0.6437960504906224,29698618.0,False
2023-05-09,MSFT,300.2243882965187,302.21289582093056,298.5770507991459,299.2496337890625,21340800,-0.0053461387752336,0.28461846879477415,273.2385531616211,,0.020742577120657607,302.8075256347656,-1.174968104985116,29701634.0,False
2023-05-10,MSFT,300.82881170640417,305.0982423493034,299.90281252520236,304.4256591796875,30078000,0.01729668078482427,0.3068381043798072,274.464599609375,,0.020091363557425676,304.4256591796875,0.0,29853374.0,True
2023-05-11,MSFT,302.2714616451602,303.26570080657984,298.5284068792122,302.28118896484375,31680200,-0.007044314926088369,0.2976323252151434,275.70916625976565,,0.02025526337317364,304.4256591796875,-0.7044314926088325,29935672.0,True
2023-05-12,MSFT,302.7100210129512,302.8075024197668,298.85975829449876,301.169921875,19774700,-0.003676269415405109,0.292861879185514,276.8371524047852,,0.01989746324567818,304.4256591796875,-1.0694687541978183,29835002.0,False
2023-05-15,MSFT,301.29662462810876,302.07641633631226,299.8247358006917,301.64752197265625,16336500,0.0015858160558759327,0.29491212031155634,277.8932012939453,,0.01956422332039916,304.4256591796875,-0.9125831293318978,29546530.0,False
2023-05-16,MSFT,302.0082405576207,305.790293615096,302.0082405576207,303.8700256347656,26730300,0.007367883043013501,0.3044528813649925,278.9628973388672,,0.019542214602762446,304.4256591796875,-0.18251863079449285,29598940.0,False
2023-05-17,MSFT,305.0715994717328,307.1621190650021,303.5574089684494,306.7420654296875,24315000,0.009451540305505102,0.316781970349846,280.1430606079102,,0.019539361409257997,306.7420654296875,0.0,29655776.0,False
2023-05-18,MSFT,307.2597684712648,311.66553123401303,306.46849366987317,311.15753173828125,27276000,0.014394720536319294,0.335736678820296,281.4203060913086,,0.01963508118210645,311.15753173828125,0.0,29854492.0,False
2023-05-19,MSFT,309.4186972410466,311.3822465947649,309.05725438357535,310.9817199707031,27546700,-0.0005650249460328327,0.33498195427543154,282.72093780517577,,0.019450982844097492,311.15753173828125,-0.05650249460328109,29872358.0,False
2023-05-22,MSFT,311.23578210832846,315.13354641281757,310.6594231373723,313.7561340332031,24115700,0.008921469926789882,0.346891955633307,284.1497750854492,,0.019404824871462167,313.7561340332031,0.0,29787994.0,False
2023-05-23,MSFT,312.63269496953484,315.26051959828607,307.9631830299581,307.97296142578125,30797200,-0.018432062293353813,0.32206595920465664,285.35904022216795,,0.019655966671590096,313.7561340332031,-1.8432062293353833,29737144.0,True
2023-05-24,MSFT,307.4551840291494,309.18426063109985,305.384161727715,306.59552001953125,23384900,-0.004472604997117435,0.316152880388999,286.40682495117187,,0.018734694106620136,313.7561340332031,-2.2822227956550822,29532436.0,False
2023-05-25,MSFT,315.7684901108892,319.3438949651791,312.6033903237595,318.3865661621094,43301700,0.03845798575865356,0.36676946911921005,287.5997784423828,,0.013489094231595148,318.3865661621094,0.0,29477910.0,True
2023-05-26,MSFT,316.53043497879963,325.69362591247574,316.3936865085404,325.1954345703125,36630600,0.021385539252734453,0.39599857125049787,288.7191430664063,,0.012588372511845245,325.1954345703125,0.0,29115146.0,True
2023-05-30,MSFT,327.4813593124993,327.9795506793169,322.88020682779495,323.55426025390625,29503100,-0.00504673233981523,0.3889533401146321,289.7427154541016,,0.012722539798625903,325.1954345703125,-0.5046732339815188,28314660.0,True
2023-05-31,MSFT,324.60928590262876,328.1749119576372,319.7639124360726,320.7994384765625,45950600,-0.00851424974340298,0.3771274444949624,290.8515545654297,,0.01284744877022685,325.1954345703125,-1.3518012943688835,28364340.0,True
2023-06-01,MSFT,318.396295279445,325.8206313081567,317.21427212946173,324.892578125,26773900,0.012759185826120234,0.3946984694655238,292.01203979492186,,0.012960375066355362,325.1954345703125,-0.09313059567169832,28208644.0,False
2023-06-02,MSFT,326.5239570954144,329.6988347635074,324.8632399287716,327.6473693847656,25873800,0.008479083380925179,0.40652423407937066,293.25666748046876,,0.012871637408630758,327.6473693847656,0.0,28028654.0,False
2023-06-05,MSFT,327.47159843712996,330.734392827561,326.924544875392,328.1749572753906,21307100,0.0016102308149632538,0.4087890627430779,294.40715881347654,,0.0128869312939326,328.1749572753906,0.0,27722578.0,False
2023-06-06,MSFT,327.5790489490728,327.61813272213266,324.49211655757586,325.9671936035156,20396200,-0.006727398367640691,0.39931157750203017,295.4567645263672,,0.012788937045991707,328.1749572753906,-0.6727398367640641,27567062.0,False
2023-06-07,MSFT,323.984044106474,326.75839512631626,315.04554846139996,315.90521240234375,40717100,-0.030868079360803935,0.3561175166772057,296.3868151855469,,0.014713345048178072,328.1749572753906,-3.7387815861740545,27844600.0,True
2023-06-08,MSFT,316.4522947423508,319.08989754628954,315.8759358684607,317.7417907714844,23277700,0.005813700746417405,0.36400157809614164,297.37601684570313,,0.014619703338959128,328.1749572753906,-3.179147668830555,27872582.0,False
2023-06-09,MSFT,317.47800789711727,322.3624353785323,316.9114274266321,319.2364196777344,22529000,0.004703910375216891,0.3704177192711604,298.2921759033203,,0.014256024170768836,328.1749572753906,-2.723711057012618,27821422.0,False
2023-06-12,MSFT,320.98503906691633,324.42369526305714,317.64410719983425,324.1794738769531,24260300,0.015483992096543053,0.39163725640531766,299.23818542480467,,0.01436012272411806,328.1749572753906,-1.2174857678383602,27805560.0,False
2023-06-13,MSFT,326.7389426125968,329.1909351194717,322.7532623015664,326.5631103515625,22951300,0.0073528297337976944,0.40186972820287536,300.14901062011717,,0.014288584237940868,328.1749572753906,-0.49115476001282166,27609266.0,False
2023-06-14,MSFT,326.61194558065387,331.2033200737011,325.1173117243528,329.5426025390625,26003800,0.00912378677521919,0.4146600886896328,301.1402868652344,,0.014320628625917473,329.5426025390625,0.0,27631676.0,False
2023-06-15,MSFT,329.6793142407834,341.7536041604146,329.40578750574196,340.0538330078125,38899100,0.03189642367257828,0.4597826862311645,302.34276306152344,,0.015530971954556598,340.0538330078125,0.0,27893172.0,True
2023-06-16,MSFT,343.19942687785715,343.3459537429244,334.04601435643656,334.4172058105469,46552000,-0.016575690817565714,0.4355857797633611,303.48787353515627,,0.016221840398269807,340.0538330078125,-1.657569081756572,28382916.0,True
2023-06-20,MSFT,331.4670303403785,334.17299255500126,328.09676330100183,330.23614501953125,26375400,-0.012502528932031853,0.41763732701745626,304.4078259277344,,0.016440904330207094,340.0538330078125,-2.887098169558258,28315018.0,False
2023-06-21,MSFT,328.5949603328218,329.92354007257114,324.39436474233247,325.84991455078125,25117800,-0.013282102928165451,0.3988081221252011,305.2831384277344,,0.0168075809743125,340.0538330078125,-4.176961727323016,28355314.0,False
2023-06-22,MSFT,326.3970013361719,332.2583147464339,325.6350317853251,331.8577880859375,23556800,0.01843754829102462,0.424598714426762,306.4064959716797,,0.017118720739803785,340.0538330078125,-2.4102198317778414,28280918.0,False
2023-06-23,MSFT,326.6314055883412,330.1481991797799,325.7424660612822,327.2761535644531,23146900,-0.013806017776198498,0.40493067925143666,307.42535522460935,,0.016859459823700615,340.0538330078125,-3.7575460715556224,28195788.0,False
2023-06-26,MSFT,326.00622657027685,328.3409673865728,320.89710473059927,321.00457763671875,21520600,-0.01916294804686791,0.3780080656354905,308.19498840332034,,0.017479844608948397,340.0538330078125,-5.601835216089479,28141746.0,False
2023-06-27,MSFT,324.1892578253604,328.38010561548896,321.6884329438187,326.8366394042969,24354100,0.018168157633497328,0.4030439333921869,309.1533953857422,,0.01586991259253743,340.0538330078125,-3.88679447798254,28209070.0,False
2023-06-28,MSFT,326.92453987884056,330.1678072397065,326.0941811528345,328.0870361328125,20259500,0.0038257544527280363,0.40841163496773514,310.0849530029297,,0.01521140874316521,340.0538330078125,-3.519088953990726,28137536.0,False
2023-06-29,MSFT,326.97334345829574,328.3409772213773,324.93165630266327,327.30548095703125,16997000,-0.002382158054745176,0.40505657584709986,311.00926208496094,,0.015173615071091275,340.0538330078125,-3.7489217333681295,28074240.0,False
2023-06-30,MSFT,329.94309061938924,334.80799133337183,329.40581549810116,332.6686096191406,26832800,0.016385697686539746,0.4280794081314152,312.0392749023438,,0.015392273133141385,340.0538330078125,-2.171780662887633,28267890.0,False
2023-07-03,MSFT,331.3497646514175,333.0202303553527,328.79032964679084,330.177490234375,12508700,-0.007488291088292409,0.41738553382613075,313.0650830078125,,0.015308311438113393,340.0538330078125,-2.9043468459332433,28053176.0,False
2023-07-05,MSFT,327.3445947298887,333.7529619318794,326.99293022093957,330.3338623046875,18172400,0.0004736000331260204,0.4180568076619031,314.10084228515626,,0.015208977241580449,340.0538330078125,-2.8583623413830748,27983096.0,False
2023-07-06,MSFT,329.50350728576706,335.0619888415349,327.7451250968569,333.3817443847656,28161200,0.009226671643087103,0.43114075219744374,315.2753448486328,,0.015327155274513468,340.0538330078125,-1.9620683478352643,28014100.0,True
2023-07-07,MSFT,331.47678896129895,333.8896972947202,329.21040748776585,329.4253234863281,21214800,-0.011867539135170135,0.4141566333128037,316.49451232910155,,0.015494539865348251,340.0538330078125,-3.125537338448466,27522952.0,False
2023-07-10,MSFT,326.8658425609982,327.4812850986003,320.0178667492674,324.15985107421875,32791400,-0.015983811919449753,0.3915530196612895,317.219443359375,,0.01427470289826432,340.0538330078125,-4.673960529428467,26886796.0,True
2023-07-11,MSFT,323.40771358997307,325.1660955778508,319.44156081618985,324.7851257324219,26698200,0.001928908395444573,0.39423719796362033,317.7724578857422,,0.014238761170461373,340.0538330078125,-4.4900853315892,26491508.0,True
2023-07-12,MSFT,328.8197159187511,333.75297652887264,327.91121941871575,329.4058532714844,29995300,0.014227029420273762,0.41407305159788876,318.3705108642578,,0.01450703627193384,340.0538330078125,-3.1312629656738777,26362022.0,True
2023-07-13,MSFT,331.711242452727,335.79461674267833,331.1837159282275,334.7395935058594,20567200,0.016192001998152517,0.4369697252748954,319.1083825683594,,0.014541711696514439,340.0538330078125,-1.5627641820555611,26347484.0,False
2023-07-14,MSFT,339.55569712467894,343.30693463785855,336.3515132189097,337.260009765625,28352700,0.007529483540827497,0.4477893651700202,319.89958557128904,,0.014545239666620392,340.0538330078125,-0.8215826351598023,26386450.0,True
2023-07-17,MSFT,337.689785296776,338.9695029653532,334.29024270759476,337.7386474609375,20363900,0.001419194928106382,0.4498440604940359,320.72005249023437,,0.014443751491304389,340.0538330078125,-0.6808291282579986,26346512.0,False
2023-07-18,MSFT,337.8363124834503,358.30207642907544,334.26093764915,351.1805725097656,64738600,0.03979978350088831,0.5075475402117473,321.7896667480469,,0.015355844312121223,351.1805725097656,0.0,27190886.0,True
2023-07-19,MSFT,353.38833709875524,354.0819174710134,344.29353528638507,346.87249755859375,39732900,-0.012267406822602855,0.4890538412315555,322.67096618652346,,0.015127308796397499,351.1805725097656,-1.2267406822602853,27421602.0,True
2023-07-20,MSFT,345.3974090978353,349.6956992819866,337.3869361725058,338.8522644042969,33778400,-0.023121559681860027,0.45462459397201704,323.43085021972655,,0.01579389865483693,351.1805725097656,-3.510532492547242,27670798.0,True
2023-07-21,MSFT,341.07956227112305,342.20297462021114,331.9749823654145,335.82391357421875,69405400,-0.00893708305417984,0.4416244931630364,324.1623358154297,,0.015620198273035433,351.1805725097656,-4.372866877514939,28632090.0,True
2023-07-24,MSFT,337.85585009967554,338.9011247209187,334.3976671440658,337.1329345703125,26678100,0.0038979386016966266,0.44724385692408797,324.8164813232422,,0.015149478267827959,351.1805725097656,-4.00011818394723,28564092.0,False
2023-07-25,MSFT,339.0867675369492,343.75630961701245,337.09394225294653,342.8673400878906,41637700,0.017009330532737232,0.47186050604798324,325.6282043457031,,0.015150300130433923,351.1805725097656,-2.3672244630342774,28763242.0,True
2023-07-26,MSFT,333.547829841797,336.70318113968654,325.4103558990967,329.962646484375,58383700,-0.03763757026320336,0.41646325283396823,326.2040588378906,,0.016896357712118393,351.1805725097656,-6.041884912298387,29535422.0,True
2023-07-27,MSFT,332.61000460063315,333.4403334728924,321.4441800463063,323.0755920410156,39635300,-0.020872224528255767,0.38689851378479423,326.6326202392578,,0.017111036644839928,351.1805725097656,-8.002999786660595,30001398.0,True
2023-07-28,MSFT,325.95742277677743,332.1508737419497,325.46897998950345,330.54876708984375,28484900,0.023131351401746825,0.4189793506657107,327.1661950683594,,0.017852613952042858,351.1805725097656,-5.874984846819266,30036490.0,False
2023-07-31,MSFT,329.13228102338303,329.89425053304086,325.6545411607463,328.1553955078125,25446000,-0.007240600541646325,0.4087050880106955,327.5944616699219,,0.017923278327635572,351.1805725097656,-6.556506482519856,30059110.0,False
2023-08-01,MSFT,327.4422614370604,330.7148339075202,325.9867115450311,328.565673828125,18311900,0.001250256207665279,0.4104663302917506,327.94262451171875,,0.017543387820641795,351.1805725097656,-6.439678174683696,29879828.0,False
2023-08-02,MSFT,325.9183364890345,325.9183364890345,318.8163593371292,319.9300231933594,27761300,-0.02628287530511475,0.3733952196106298,328.12159057617185,,0.01838015517233289,351.1805725097656,-8.898712446724891,29884120.0,False
2023-08-03,MSFT,318.4646270854947,322.2549470489756,318.41579474240694,319.109375,18253700,-0.0025650865310111737,0.36987234203105146,328.2286553955078,,0.018377130332368406,351.1805725097656,-9.132395132385573,29766880.0,False
2023-08-04,MSFT,324.20878906184083,327.393445572908,319.67602568873457,320.20355224609375,23741500,0.003428847071928809,0.37456942479994093,328.47326721191405,,0.018251294977717474,351.1805725097656,-8.82082401150208,29625766.0,False
2023-08-07,MSFT,320.779843258774,323.4564996250163,319.9494847342156,322.4796142578125,17741500,0.00710817227277194,0.384340101072304,328.7909490966797,,0.01819551303970999,351.1805725097656,-8.172706720886449,29512898.0,False
2023-08-08,MSFT,319.40245810571645,321.15109140709956,315.53400007450387,318.51348876953125,22327600,-0.012298840959014679,0.36731432233602934,328.7934875488281,,0.018059593950903133,351.1805725097656,-9.302075996623067,29093416.0,False
2023-08-09,MSFT,318.9238148724649,319.5490060989431,313.62908227048086,314.7818298339844,22373300,-0.011715858408266722,0.35129506133594535,328.58521545410156,,0.018205863778951593,351.1805725097656,-10.364680032170366,28808270.0,False
2023-08-10,MSFT,318.4842099187915,320.6724537793776,313.75608752866935,315.46563720703125,20113700,0.002172321615283579,0.35423050880631135,328.4234429931641,,0.01787788684205593,351.1805725097656,-10.169963289111392,28620482.0,False
2023-08-11,MSFT,312.8574236161069,314.95772190728826,311.83167574447026,313.590087890625,24355500,-0.005945336338408769,0.3461791529517233,328.2792559814453,,0.01740384004778776,351.1805725097656,-10.704033070649235,28188580.0,False
2023-08-14,MSFT,313.96121689583384,316.5694842512484,312.68146957881606,316.5499572753906,18836100,0.009438657339826406,0.35888527669445236,328.11240356445313,,0.017466242862957716,351.1805725097656,-9.86119903697463,28029824.0,False
2023-08-15,MSFT,315.53401288819225,317.5756999823602,313.48254739923874,314.42034912109375,16966300,-0.006727557863620781,0.34974329736546816,327.84786315917967,,0.017456729402014738,351.1805725097656,-10.46761303621078,27851674.0,False
2023-08-16,MSFT,314.04837487104845,317.59221281010525,313.06942104679297,313.65679931640625,20698900,-0.002428436349052654,0.3464655316802556,327.5575,,0.014416517756927977,351.1805725097656,-10.685036739131096,27839510.0,False
2023-08-17,MSFT,313.7938199901148,315.0958152353926,309.55493383854684,310.2108459472656,21257200,-0.01098638185638201,0.33167274719275985,327.242373046875,,0.01438809708459564,351.1805725097656,-11.666285031003735,27856730.0,False
2023-08-18,MSFT,307.8711670676138,311.679311641093,304.9930405423695,309.8193054199219,24755000,-0.0012621754927624185,0.3299919424868736,327.12065490722654,,0.01380610748934766,351.1805725097656,-11.777777681222265,27537488.0,False
2023-08-21,MSFT,311.2388327068857,315.97696640050947,310.36757919700125,315.105712890625,24040000,0.017062873030258885,0.3526854261327945,327.06793334960935,,0.01450487324062019,351.1805725097656,-10.27245310334969,27552734.0,False
2023-08-22,MSFT,318.6494900944686,319.2172702035748,314.69450802744353,315.6734619140625,16084600,0.0018017731834476525,0.35512265845924107,326.9966741943359,,0.014462710653586468,351.1805725097656,-10.11078441553476,27423846.0,False
2023-08-23,MSFT,317.00485374224843,322.2716304158125,316.65241480901244,320.117919921875,21166400,0.014079289341789591,0.37420182246130373,326.9154431152344,,0.01427263797974247,351.1805725097656,-8.845208140614565,27361968.0,False
2023-08-24,MSFT,325.84476921608996,325.97203798658785,313.2260407459276,313.23583984375,23281400,-0.021498578023387727,0.3446584373612378,326.6488977050781,,0.012667991544206543,351.1805725097656,-10.804906545609228,27368570.0,False
2023-08-25,MSFT,314.70432613416926,318.5124414479657,312.0905059538923,316.18255615234375,21684100,0.009407340839616696,0.35730809759436144,326.38169677734373,,0.012173635010154282,351.1805725097656,-9.965817900262309,27282176.0,False
2023-08-28,MSFT,318.80616212257627,319.2858400208198,314.94908098588996,316.8874206542969,14808500,0.0022292959818235314,0.36033393908242517,325.9183685302734,,0.01089288550771145,351.1805725097656,-9.765105059880591,26800364.0,False
2023-08-29,MSFT,315.10563277299525,322.05621026150664,315.10563277299525,321.4981994628906,19284600,0.014550210920564854,0.38012708481847723,325.6599884033203,,0.011390350572540587,351.1805725097656,-8.45216830610685,26255016.0,False
2023-08-30,MSFT,321.75283059073,322.8688226373034,319.57955147339686,321.87030029296875,15222100,0.0011573963110829144,0.38172443881527185,325.49267150878904,,0.011389486590209306,351.1805725097656,-8.346211183416706,26031950.0,False
2023-08-31,MSFT,322.2716344766663,323.94563727355137,319.9025529034829,320.8619384765625,26411000,-0.0031328203176510527,0.37739574441995627,325.3929119873047,,0.009824483851638354,351.1805725097656,-8.633346035210995,26057814.0,True
2023-09-01,MSFT,324.33720272503615,325.00288418337306,319.9025429102048,321.74298095703125,14942000,0.0027458616146618375,0.38117788252275764,325.19061584472655,,0.00981851961572811,351.1805725097656,-8.382465847229,25885518.0,False
2023-09-05,MSFT,322.07586164241764,327.8027484399957,321.74302087195747,326.53009033203125,18553900,0.01487867539723986,0.40172797990266074,325.17569458007813,,0.010299089101350897,351.1805725097656,-7.019318295874381,25793658.0,False
2023-09-06,MSFT,326.3636529709045,327.4209100280818,323.23098856949474,325.8741760253906,17535800,-0.002008740774774087,0.39891227175428856,325.27308654785156,,0.010219817314227572,351.1805725097656,-7.206092382479751,25713962.0,False
2023-09-07,MSFT,324.31760527996926,326.06991103130065,322.10516018294953,322.9666442871094,18381000,-0.008922252673543296,0.38643082299757636,325.1956866455078,,0.010032425511740536,351.1805725097656,-8.034023072808697,25594500.0,False
2023-09-08,MSFT,323.1428437260037,329.08510023164433,322.52609807587226,327.23486328125,19530100,0.013215665052847658,0.40475342837325634,325.17864318847654,,0.009963473636997466,351.1805725097656,-6.818631525481024,25579912.0,False
2023-09-11,MSFT,330.1423571352341,331.29754527961506,328.3704532160462,330.82763671875,16583300,0.01097918907989981,0.4201764818740039,325.24908630371095,,0.01015908814194627,351.1805725097656,-5.795575662275467,25571638.0,False
2023-09-12,MSFT,328.7522562072044,329.70184254177326,324.5036005080368,324.7874755859375,17565500,-0.01825772838303552,0.3942472854119734,325.0914636230469,,0.010981686673406035,351.1805725097656,-7.515534454313865,25386292.0,False
2023-09-13,MSFT,324.3371825636095,329.76059500536803,324.2001445661415,328.9872131347656,16544400,0.012930725057213266,0.4122759137214016,325.0676580810547,,0.011129698566480994,351.1805725097656,-6.319643258279285,25467006.0,False
2023-09-14,MSFT,332.0121359885285,333.6861384232621,329.48644862867235,331.5716247558594,20267000,0.007855659788318592,0.4233702728268338,325.0924133300781,,0.01101914639139747,351.1805725097656,-5.583722246868017,25508898.0,False
2023-09-15,MSFT,329.8291132111252,330.2989918946616,322.7121002719872,323.2701110839844,37679800,-0.025036863989756353,0.387733544899006,324.8901806640625,,0.012534283661780166,351.1805725097656,-7.947609751392245,25699270.0,True
2023-09-18,MSFT,320.9010301881777,323.4463159361462,319.4913343854658,322.134521484375,16834200,-0.003512819653513688,0.3828586872286446,324.74436462402343,,0.012264825646649788,351.1805725097656,-8.270973197010466,25611658.0,False
2023-09-19,MSFT,319.3053983263758,322.45763099664185,317.6803313099975,321.7331848144531,16505900,-0.0012458666897063875,0.38113582965365533,324.6958312988281,,0.012264617940567766,351.1805725097656,-8.385255335983492,25285948.0,False
2023-09-20,MSFT,322.5750579775089,322.65336113195434,313.7644742751729,314.01898193359375,21436500,-0.02397701960805887,0.34802030878465695,324.4805084228516,,0.012972068094522044,351.1805725097656,-10.581903865179925,25180714.0,False
2023-09-21,MSFT,312.54080796824985,318.50263318201627,308.37045511046944,312.80511474609375,35560400,-0.0038655853860347644,0.342809421178941,324.14849365234375,,0.012989817315641734,351.1805725097656,-10.927557150845733,25292016.0,True
2023-09-22,MSFT,314.5574539286877,314.68472270748657,309.49624944861836,310.3381652832031,21447900,-0.007886538124202591,0.33221930348527495,323.6604650878906,,0.012649428491021531,351.1805725097656,-11.630030367191441,25309630.0,False
2023-09-25,MSFT,309.9269765789233,310.9842634015669,308.3704436389246,310.85699462890625,17836000,0.0016718193369147372,0.3344465334778528,323.13240478515627,,0.011789969167164037,351.1805725097656,-11.482291743156736,25099296.0,False
2023-09-26,MSFT,308.4977104446982,309.2319257820145,303.49524107796117,305.5706481933594,26297600,-0.017005718149780025,0.31175331184357735,322.4890447998047,,0.012107610792246112,351.1805725097656,-12.987598941037074,25217970.0,True
2023-09-27,MSFT,305.7272625333357,307.6851701509051,303.1722074325514,306.20697021484375,19410100,0.0020824055754260495,0.31448491425374403,321.5895727539062,,0.012105357952473085,351.1805725097656,-12.806403831940688,24311400.0,False
2023-09-28,MSFT,304.44487173232886,308.8403951730469,302.9373041972711,307.03912353515625,19683600,0.002717617171577258,0.31805718102849934,320.7929052734375,,0.011582008341733075,351.1805725097656,-12.569445017742801,23910414.0,False
2023-09-29,MSFT,311.06258297495117,312.746384776468,308.35089159051364,309.10467529296875,24147300,0.0067273243032690555,0.3269241791355306,320.1979534912109,,0.011723835231430668,351.1805725097656,-11.981271320362355,23717792.0,True
2023-10-02,MSFT,309.6235591310726,315.11550641477425,308.5467037935523,315.0273742675781,20570000,0.019160819774064697,0.35234913418579517,319.78202270507813,,0.012580791896183394,351.1805725097656,-10.294760323389514,22741084.0,False
2023-10-03,MSFT,314.0777619824239,314.6260036436558,304.6602303826851,306.79437255859375,21033500,-0.026134242232522364,0.3170065143300418,319.17525146484377,,0.013702533122437088,351.1805725097656,-12.639138786624532,22628192.0,False
2023-10-04,MSFT,307.4208957324774,313.3044183025866,307.391528310135,312.24713134765625,20720100,0.01777333379223278,0.34041411071577454,318.5628472900391,,0.013895837517155016,351.1805725097656,-11.08644503990229,22209840.0,False
2023-10-05,MSFT,312.3743346117822,313.24561775068076,308.2725161916583,312.6386413574219,16965600,0.0012538466184648378,0.34209478441583796,318.2163671875,,0.013914374105054741,351.1805725097656,-10.974961079679877,21381478.0,False
2023-10-06,MSFT,309.8878786442796,322.2618716200706,309.64314014278347,320.37249755859375,25673600,0.02473736505376567,0.37529467303468755,318.16230529785156,,0.014961824589427025,351.1805725097656,-8.77271619298222,21102244.0,True
2023-10-09,MSFT,317.91529734513176,323.34847985310256,316.3783324634904,322.87860107421875,19891200,0.007822467704696301,0.38605287119894216,318.00890197753904,,0.01476361810690671,351.1805725097656,-8.059093711614658,20930370.0,False
2023-10-10,MSFT,323.9945568948938,324.13162477364205,320.7738202479149,321.4786682128906,20557100,-0.004335787062600405,0.38004324109191767,317.8753674316406,,0.014543083564388291,351.1805725097656,-8.457729903623598,20832592.0,False
2023-10-11,MSFT,324.2393029495446,325.8154342155564,322.21289114367397,325.4238586425781,20063200,0.01227201310624726,0.39697914983378557,317.8125311279297,,0.014282896266917753,351.1805725097656,-7.334321965225242,20867618.0,False
2023-10-12,MSFT,323.6127285250308,326.60832442688536,321.8016582231825,324.1903076171875,19313100,-0.003790597992833322,0.39168376347239553,317.8977368164062,,0.014000448220202697,351.1805725097656,-7.6855802983883965,20698654.0,False
2023-10-13,MSFT,325.38471034218486,326.80417560812504,319.49138859402285,320.83258056640625,21072400,-0.010357271552813185,0.3772697168184709,317.93220092773436,,0.014014206313381674,351.1805725097656,-8.641705811478355,20755028.0,True
2023-10-16,MSFT,324.08262791660326,329.06552880865223,323.6421166530187,325.6391906738281,22158000,0.014981677044569874,0.39790352691911135,318.04091369628907,,0.013355120830503928,351.1805725097656,-7.27300535260311,20723358.0,True
2023-10-17,MSFT,322.6533636519186,326.44190989346447,320.5192516418675,325.0713806152344,18338500,-0.0017436785093919438,0.3954660325810193,318.0927490234375,,0.013334551129644708,351.1805725097656,-7.434691420410281,20735298.0,False
2023-10-18,MSFT,325.4923600401383,328.5271229876209,321.3905409680336,323.1624450683594,23153600,-0.005872358074900719,0.3872713563563426,318.18572814941405,294.3713551330566,0.013403176164442742,351.1805725097656,-7.978268057703312,20751818.0,True
2023-10-19,MSFT,325.1595033838665,329.78996567974724,323.9456102144574,324.34698486328125,25052100,0.003665462410619158,0.39235634736639535,318.37703125,294.8283487701416,0.012203787411377063,351.1805725097656,-7.6409658583087445,20805394.0,True
2023-10-20,MSFT,324.73862771067326,324.9344304641934,318.6005967792609,319.794921875,25027700,-0.014034546953473392,0.37281525683331496,318.4636169433594,295.31353172302244,0.012626473226843373,351.1805725097656,-8.937183059547763,20903674.0,True
2023-10-23,MSFT,318.620060384211,325.7272737717355,317.5628035384839,322.3890380859375,24374700,0.008111811769017097,0.3839512757903816,318.6395959472656,295.84469535827634,0.012537650813850882,351.1805725097656,-8.198498629370363,20904058.0,True
2023-10-24,MSFT,324.3273615041399,324.8560048878325,320.7052505981055,323.5735778808594,31153600,0.00367425580582581,0.38903626680043435,318.780068359375,296.36904434204104,0.012543516570871974,351.1805725097656,-7.861196429975795,21150408.0,True
2023-10-25,MSFT,337.7586388732426,338.9138270951405,330.51438652342347,333.5002136230469,55053800,0.030678140678848997,0.4316493168013613,319.1616656494141,296.9323797607422,0.01323078796415176,351.1805725097656,-5.034549252073759,21912158.0,True
2023-10-26,MSFT,333.37295718073534,334.4400133073603,320.0591786565096,320.98919677734375,37828500,-0.037514269360691466,0.3779420387008252,319.3083135986328,297.4247494506836,0.016072487615024306,351.1805725097656,-8.597108751390943,22254750.0,True
2023-10-27,MSFT,323.47569046023347,329.63331810351394,321.4884154812009,322.8687438964844,29856500,0.005855484041241477,0.3860105563181937,319.5614715576172,297.89287452697755,0.016090446030031635,351.1805725097656,-8.06190058036139,22426736.0,True
2023-10-30,MSFT,326.39299310170355,332.3058824741977,324.84622935304117,330.2109069824219,22828100,0.022740395980514805,0.41752898520204296,319.9693035888672,298.3843896484375,0.016668809711903123,351.1805725097656,-5.9711917938628645,22388198.0,True
2023-10-31,MSFT,331.7185563552872,331.86539347468425,327.6461042839537,330.9941101074219,20265300,0.0023718269398100844,0.4208911186371067,320.2870715332031,298.87632049560546,0.016266974425774367,351.1805725097656,-5.748171733441321,22312704.0,False
2023-11-01,MSFT,332.63879111171514,340.1082149810744,332.50172321029675,338.78662109375,28158800,0.02354274818908153,0.4543428004472825,320.74933471679685,299.4017687225342,0.015490775968946161,351.1805725097656,-3.5292246742011826,22554188.0,True
2023-11-02,MSFT,339.93194035995595,341.48847346531505,337.5139230484177,340.9892272949219,24348100,0.006501455677502488,0.46379814570428524,321.1667608642578,299.9603017425537,0.015213363077425752,351.1805725097656,-2.902024204246193,22617822.0,True
2023-11-03,MSFT,342.27170194065116,346.93153267880723,340.0200897487588,345.3749694824219,23637700,0.01286182036392236,0.48262525450337646,321.8095434570312,300.5596265411377,0.015307269000745081,351.1805725097656,-1.6531674818607192,22624948.0,True
2023-11-06,MSFT,346.0112331411466,350.01515060483416,345.9133317859224,349.0263977050781,23828300,0.010572359161198808,0.49830010119545,322.46642028808594,301.13690574645995,0.014687346102386645,351.1805725097656,-0.6134094461126823,22667832.0,True
2023-11-07,MSFT,351.83600759444016,354.83160398439014,350.1032700356418,352.9422302246094,25833900,0.011219301878822474,0.515109982335832,323.18751647949216,301.7222909545898,0.01474792389511674,352.9422302246094,0.0,22888340.0,True
2023-11-08,MSFT,354.06800138493276,356.211912585882,352.9617788165993,355.5560302734375,26767800,0.007405744694152228,0.5263305000485727,323.8686730957031,302.3233702850342,0.014624121763134747,355.5560302734375,0.0,23038004.0,True
2023-11-09,MSFT,354.6749477041347,357.11256296700316,352.77577495327927,353.0988464355469,24847300,-0.0069108203171267535,0.5157823042181868,324.49324401855466,302.91911575317386,0.014740024499417073,355.5560302734375,-0.6910820317126805,23230508.0,True
2023-11-10,MSFT,353.8819973228906,362.3108050217642,353.47085345970584,361.8898620605469,28042100,0.02489675543758718,0.5535203655429295,325.31380249023437,303.5228890991211,0.015300769291173558,361.8898620605469,0.0,23263130.0,True
2023-11-13,MSFT,360.4703657564029,360.715104203908,358.19918579348337,358.9627685546875,19986500,-0.008088354531936681,0.5409549420538344,326.0581982421875,304.1112491607666,0.015191827808310744,361.8898620605469,-0.8088354531936709,23364020.0,False
2023-11-14,MSFT,363.2016188989832,364.1218377596641,359.6186448005375,362.4771728515625,27683900,0.00979044236544424,0.5560415726017589,326.77713989257813,304.7436769104004,0.015071108015865465,362.4771728515625,0.0,23546620.0,True
2023-11-15,MSFT,364.20368992773217,366.0184363495822,360.1131537221127,362.6243896484375,26860100,0.00040614087700152623,0.5566735446907063,327.51214416503905,305.35204658508303,0.01502864762188018,362.6243896484375,0.0,23733106.0,True
2023-11-16,MSFT,363.8898257041159,369.17711149272384,363.1246930041327,369.00054931640625,27182300,0.017583372354381455,0.5840451152612178,328.432822265625,305.9682807922363,0.015026283992138326,369.00054931640625,0.0,23909132.0,True
2023-11-17,MSFT,366.4893122703207,367.2348369276998,360.00530734381556,362.8009948730469,40157000,-0.016800935540189244,0.5574316753869624,329.14414489746093,306.4959069824219,0.015856316389493193,369.00054931640625,-1.6800935540189275,24321670.0,True
2023-11-20,MSFT,364.1448542442713,371.64904556813445,363.9290460653395,370.2463073730469,52465100,0.02052175326201988,0.5893929039517078,329.93251831054687,307.0911450958252,0.015520538353723632,370.2463073730469,0.0,25039306.0,True
2023-11-21,MSFT,368.51001608638865,369.0495215118682,364.04671781694736,365.9595642089844,28423100,-0.011578084855126791,0.5709907780416186,330.75596008300784,307.67263092041014,0.01604326460705644,370.2463073730469,-1.1578084855126811,25256458.0,True
2023-11-22,MSFT,370.7956031427492,372.5514954656195,367.8233538705503,370.6484680175781,23345300,0.012812628134828863,0.5911192986839113,331.58918518066406,308.22510452270507,0.016095817857429265,370.6484680175781,0.0,25392476.0,False
2023-11-24,MSFT,370.1383501357465,370.7661665682208,367.9901174917075,370.2364501953125,10176600,-0.0011116134499875585,0.5893505890709596,332.36248168945315,308.77955322265626,0.015188658634644418,370.6484680175781,-0.11116134499875632,25190668.0,False
2023-11-27,MSFT,369.5988734413345,373.38532049617334,369.02994094912424,371.39398193359375,22179200,0.0031264661749825784,0.5943196399278785,333.3249591064453,309.3549090576172,0.011668889296571283,371.39398193359375,0.0,24880656.0,False
2023-11-28,MSFT,371.1389683050371,375.7003371685908,370.95258715281994,375.40606689453125,20453100,0.010802773216866068,0.611542713433215,334.39039001464846,309.9528535461426,0.01169381565052703,375.40606689453125,0.0,24953034.0,False
2023-11-29,MSFT,376.4458788431164,376.9755653604363,370.2463253437472,371.62945556640625,28963400,-0.010060070044595304,0.5953304808562196,335.3883154296875,310.49195236206054,0.01171465063025352,375.40606689453125,-1.0060070044595264,25202184.0,True
2023-11-30,MSFT,371.27622416915216,372.8457352264803,368.31379412619617,371.688232421875,30554400,0.0001581598406379392,0.5955827980708368,336.5417004394531,311.02721282958987,0.01175605722898703,375.40606689453125,-0.9903501303032377,25384542.0,True
2023-12-01,MSFT,369.5793094459282,370.95262074245636,364.2331694742271,367.3721923828125,33040500,-0.011611990002857286,0.5770549065709072,337.6330419921875,311.5514692687988,0.011575258084522854,375.40606689453125,-2.1400491947765548,25334144.0,True
2023-12-04,MSFT,362.06527668869364,362.47725508494324,355.98343139448775,362.1045227050781,32063300,-0.014338781723155836,0.5544418605001551,338.668369140625,312.08433235168457,0.012219086325190325,375.40606689453125,-3.5432416688114254,25546452.0,True
2023-12-05,MSFT,359.4657262173714,365.96933781680315,358.6515286841893,365.4200134277344,23065000,0.00915617042805228,0.5686745950953931,339.75962951660154,312.6537064361572,0.012094702357155882,375.40606689453125,-2.6600671505936035,25651032.0,False
2023-12-06,MSFT,366.4206145498899,367.04840106048385,361.0156214613024,361.77093505859375,21182100,-0.009985983895384742,0.5530098358516713,340.8836352539063,313.2311047363281,0.012261567748387969,375.40606689453125,-3.6321021524056065,25548722.0,False
2023-12-07,MSFT,361.21181439248187,364.3704447283438,359.3382140130918,363.8799743652344,23118900,0.005829764368160406,0.5620635172561219,342.03709533691404,313.82470191955565,0.012109592394899803,375.40606689453125,-3.0703000152991886,25622898.0,False
2023-12-08,MSFT,362.1633422956095,367.3230703614092,361.2118285564288,367.09747314453125,20154400,0.008842197993746748,0.5758755921545089,343.2382623291016,314.4184980773926,0.012148472058160728,375.40606689453125,-2.2132284165599976,25632314.0,False
2023-12-11,MSFT,361.4570971757964,364.51762785490314,359.1224531501872,364.22332763671875,27708800,-0.007829379709952122,0.5635374637678856,344.34063537597655,315.0249729156494,0.012182225637386657,375.40606689453125,-2.978838181897109,25703544.0,True
2023-12-12,MSFT,363.7818787799653,367.28384440026525,363.3992975227853,367.2445983886719,24838300,0.008295105015806659,0.5765071712259882,345.3849798583984,315.64197288513185,0.01108013582158015,375.40606689453125,-2.1740374558603777,25788910.0,False
2023-12-13,MSFT,368.8533485777596,370.4424978188213,363.70340938140794,367.23480224609375,30955500,-2.667470841266617e-05,0.5764651183568852,346.59378845214843,316.26253021240234,0.010896443826233126,375.40606689453125,-2.176646934886426,25987350.0,True
2023-12-14,MSFT,366.19503694947514,366.6364723191659,357.1900068696794,358.9556884765625,43277500,-0.022544469420910707,0.5409245487029559,347.52795959472655,316.8570443725586,0.01185561775549084,375.40606689453125,-4.38202252671383,26438498.0,True
2023-12-15,MSFT,359.8580993724713,365.30230824664153,359.2989559925913,363.6641540527344,78502300,0.01311712204967419,0.5611370440776318,348.5484698486328,317.4515120697022,0.012217663563010123,375.40606689453125,-3.127789846053744,27669232.0,True
2023-12-18,MSFT,362.4086448703857,365.89097325811696,361.65330118213683,365.5476379394531,21802900,0.005179184876290099,0.569222461446135,349.45197265625,318.0350248718262,0.011620877663151624,375.40606689453125,-2.626070760291631,27591818.0,False
2023-12-19,MSFT,364.4096508615579,366.14593505859375,362.7911046946417,366.14593505859375,20603700,0.0016367144991364935,0.5717908306011545,350.3173193359375,318.6138284301758,0.0109982841078227,375.40606689453125,-2.4666974384671025,27606068.0,False
2023-12-20,MSFT,367.8527381502504,368.8631058069324,363.46793231406207,363.55621337890625,26316700,-0.007072922110341273,0.5606736764825639,351.1588702392578,319.1929399871826,0.010097467110931629,375.40606689453125,-3.1565428906491713,27721260.0,False
2023-12-21,MSFT,365.45926060979707,367.2740068711911,362.98730085105643,366.42059326171875,17708000,0.00787878126518815,0.5729698830059071,351.97880493164064,319.7885666656494,0.009952516982720507,375.40606689453125,-2.3935344751199588,27674156.0,False
2023-12-22,MSFT,366.5578942670101,368.0293052394396,365.60638064073504,367.44073486328125,17107500,0.00278407278499726,0.5773491456488042,352.8438134765625,320.39601966857913,0.009544638244201814,375.40606689453125,-2.1217909708123672,27630044.0,False
2023-12-26,MSFT,367.8527728468658,369.7558002532684,366.38136175547834,367.5192565917969,12673100,0.00021369902970835852,0.5776862236307407,353.7775469970703,321.0220446014404,0.00954387273542397,375.40606689453125,-2.100874492513234,27462058.0,False
2023-12-27,MSFT,366.5677589576593,367.9116430236214,365.70452628978785,366.9405212402344,14905400,-0.0015747075593519622,0.575201829208104,354.60357360839845,321.6191986846924,0.00951439627085863,375.40606689453125,-2.2550369855038155,27317006.0,False
2023-12-28,MSFT,368.2157835307377,369.28500552722875,367.02885341513803,368.12750244140625,14327000,0.0032348054588247077,0.5802973006839771,355.4646960449219,322.18880477905276,0.009201831597768457,375.40606689453125,-1.9388510455719092,27236776.0,False
2023-12-29,MSFT,368.8337398258849,369.9716347431921,366.361779793351,368.87298583984375,18730800,0.0020250684708245092,0.5834975109221212,356.37890686035155,322.73947525024414,0.00897485474937848,375.40606689453125,-1.7402705046114617,27148320.0,False
2024-01-02,MSFT,366.7345478799601,368.735675683701,359.77968054105025,363.8015441894531,25258600,-0.01374847669813517,0.5617268322916533,357.167998046875,323.2123469543457,0.009439174380519956,375.40606689453125,-3.091192105943873,27152450.0,False
2024-01-03,MSFT,361.9769897820248,366.1459883616317,361.4865193608946,363.53668212890625,23083500,-0.0007280399568863061,0.5605898327560035,358.04283325195314,323.6681521606445,0.009119492378222393,375.40606689453125,-3.1617455902649687,27113566.0,False
2024-01-04,MSFT,363.6053473830013,365.98902639400353,360.17205450864094,360.9273681640625,20901500,-0.00717758095156551,0.5493885728992072,358.8135998535156,324.14600158691405,0.008698746696071761,375.40606689453125,-3.8568100004991344,27044102.0,False
2024-01-05,MSFT,361.93771572916546,364.96881910463645,359.5147908390338,360.740966796875,21004600,-0.0005164511855547671,0.5485883893338483,359.55694763183595,324.6153648376465,0.008435167521848886,375.40606689453125,-3.906463264957396,26841122.0,False
2024-01-08,MSFT,362.26142084093584,368.04899543580075,361.9769695664422,367.5487060546875,23134000,0.018871544638415783,0.5778126442496945,360.23791748046875,325.1260284423828,0.009146702885328737,375.40606689453125,-2.09302979699879,26202726.0,False
2024-01-09,MSFT,364.91982181669266,368.82394731160934,364.11544312045595,368.6277770996094,20830000,0.0029358586417151944,0.5824448791363224,361.19068908691406,325.61591537475584,0.009088667523903126,375.40606689453125,-1.8055887724441617,25862756.0,False
2024-01-10,MSFT,369.1966857666869,376.84804200266086,369.1476507008414,375.4747009277344,25514200,0.01857408544195205,0.6118373455285799,362.24280822753906,326.1258543395996,0.009750880687317675,375.4747009277344,0.0,25775910.0,False
2024-01-11,MSFT,378.64317007041507,383.2339660876797,373.1302872544769,377.2992858886719,27850800,0.004859408520545561,0.619669921659175,363.18457580566405,326.6653373718262,0.009559836482050022,377.2992858886719,0.0,25876364.0,True
2024-01-12,MSFT,378.14285622037966,381.27205974083927,377.31886954764786,381.0660705566406,21661200,0.009983545712514807,0.6358399703612447,364.18601501464843,327.229259185791,0.00962474010394345,381.0660705566406,0.0,25904282.0,False
2024-01-16,MSFT,386.15716028479716,386.52010359232963,380.2322694497991,382.8317565917969,27202300,0.004633543029892495,0.6434197052539317,365.06691772460937,327.7762756347656,0.009634116678130933,382.8317565917969,0.0,25885152.0,True
2024-01-17,MSFT,380.5854657264288,382.6748447223139,377.47586986429604,382.04705810546875,22234100,-0.002049721510341773,0.640051152533553,365.8880743408203,328.3021159362793,0.007903130077845164,382.8317565917969,-0.2049721510341755,25842872.0,False
2024-01-18,MSFT,384.2541423864291,386.4808672893111,382.68463107425833,386.3631591796875,23392100,0.01129730221094194,0.6585793060451282,366.7078381347656,328.82882247924806,0.007795931574014485,386.3631591796875,0.0,25837960.0,False
2024-01-19,MSFT,388.21711414753673,391.0716552734375,386.0001785110236,391.0716552734375,29331100,0.012186710823430813,0.6787919324256266,367.54874328613283,329.38428680419923,0.00804367522692471,391.0716552734375,0.0,25948016.0,True
2024-01-22,MSFT,392.3959014424087,392.98447186970276,386.088459710553,388.95281982421875,27016900,-0.005418023578664277,0.6696961981520733,368.268955078125,329.92940078735353,0.008258856893356753,391.0716552734375,-0.5418023578664272,25971676.0,True
2024-01-23,MSFT,388.2072839775827,391.7681035262422,386.42196470997874,391.2972412109375,20525900,0.0060275212499507624,0.6797603274673969,368.983779296875,330.50007858276365,0.00795600136852318,391.2972412109375,0.0,25846838.0,False
2024-01-24,MSFT,393.88696340305137,397.89900754206303,392.8177415608544,394.88751220703125,24867000,0.009175303625916342,0.6951726384906789,369.8195526123047,331.0533235168457,0.007996300843437798,394.88751220703125,0.0,25847232.0,False
2024-01-25,MSFT,396.6139369912538,399.25266977586887,394.85804481824994,397.1534423828125,21021200,0.005738166201096018,0.7048998208298889,370.52482421875,331.62866928100584,0.008007215397640245,397.1534423828125,0.0,25706814.0,False
2024-01-26,MSFT,396.6630311468464,398.4287425690661,394.7600035777077,396.2314147949219,17803300,-0.002321590321259004,0.700941741907134,371.2701971435547,332.23137680053713,0.008081809285586376,397.1534423828125,-0.2321590321258984,25663150.0,False
2024-01-29,MSFT,398.3207945584323,402.16609543170915,396.62375630100183,401.9110412597656,24510200,0.014334114491611816,0.7253232355791925,372.0588745117187,332.8592660522461,0.008312899386013942,401.9110412597656,0.0,25599676.0,False
2024-01-30,MSFT,404.4025859669934,405.1775074959977,398.703323410596,400.8025207519531,33477600,-0.002758124047395949,0.7205645800736107,372.82243713378904,333.4506640625,0.008455711433285402,401.9110412597656,-0.2758124047395936,25732026.0,True
2024-01-31,MSFT,399.20363992935813,407.4043201802484,389.639467600293,390.0024108886719,47871100,-0.02694621242156603,0.6742018814139246,373.2424743652344,334.00609466552737,0.010837641772396383,401.9110412597656,-2.963001547249579,26145802.0,True
2024-02-01,MSFT,394.1713822058696,400.2237994029656,394.1419551827626,396.084228515625,30657700,0.015594307771315874,0.7003099008240095,373.90813903808595,334.57897003173827,0.010495460260440983,401.9110412597656,-1.4497767281726912,25955816.0,True
2024-02-02,MSFT,396.11373185699847,404.78524558913676,395.86849663854684,403.38250732421875,28256700,0.0184260777964953,0.7316399433347438,374.57086303710935,335.190432434082,0.010879321741679101,403.38250732421875,0.0,25471648.0,True
2024-02-05,MSFT,402.087638647816,403.3236336682533,396.29027477301287,397.91864013671875,25352300,-0.013545126742713243,0.7081846608295299,375.21004455566407,335.7741857910156,0.01131627831852171,403.38250732421875,-1.3545126742713254,25410232.0,False
2024-02-06,MSFT,398.14423897907153,400.1944015675409,395.23084373526007,397.76165771484375,18382600,-0.00039450884186043034,0.7075107668773024,375.7523083496094,336.36855865478515,0.011313488873356795,403.38250732421875,-1.3934291912309529,25310978.0,False
2024-02-07,MSFT,399.67450426882596,406.4037434899342,399.63525825649936,406.15850830078125,22340500,0.02111025641379749,0.7435567569954022,376.47074951171874,337.0066217041016,0.011463023798656111,406.15850830078125,0.0,25554256.0,False
2024-02-08,MSFT,406.15849214322577,407.63972220628386,404.6674730294275,406.21734619140625,21225300,0.00014486435571958722,0.7438093362216649,377.167216796875,337.6644253540039,0.011502203068292709,406.21734619140625,0.0,25535178.0,False
2024-02-09,MSFT,407.3356331031592,412.799480086422,407.17867899598485,412.53460693359375,22032800,0.015551430290746016,0.7709280655542683,377.90978759765625,338.38476364135744,0.011337609725229585,412.53460693359375,0.0,25566772.0,False
2024-02-12,MSFT,412.54443290280494,412.72099505038886,406.84516963028506,407.345458984375,21202900,-0.012578697306851794,0.7486520974654525,378.6241076660156,338.98192443847654,0.01193686657492925,412.53460693359375,-1.2578697306851772,25411562.0,False
2024-02-13,MSFT,397.22213321307663,402.25436384146246,395.7016870880575,398.5758361816406,27824900,-0.021528711341472828,0.7110058712224578,379.16185974121095,339.48913162231446,0.013040260377771123,412.53460693359375,-3.383660550495364,25356972.0,True
2024-02-14,MSFT,401.03278856568113,402.7722538955099,397.5931465072421,402.42828369140625,20401200,0.009665532026908785,0.7275436532689874,379.8629815673828,340.00375701904295,0.013132677935832868,412.53460693359375,-2.4498122272234792,25104186.0,False
2024-02-15,MSFT,401.10153638347543,402.07445398469247,397.31792461353893,399.54876708984375,21825500,-0.007155353433782485,0.71518246785756,380.61186645507814,340.5122708129883,0.013266961702977595,412.53460693359375,-3.1478182982695433,24899430.0,False
2024-02-16,MSFT,400.92465682975353,401.2489827226472,396.48261574205486,397.0919189453125,22296500,-0.006149057003544178,0.7046357130912242,381.2453045654297,341.0092311096191,0.01321622215562521,412.53460693359375,-3.7433678844711036,24884060.0,False
2024-02-20,MSFT,396.28606324841394,397.5145068330212,391.1462744848481,395.8438415527344,24307900,-0.0031430440485745725,0.6992779679582051,381.9267626953125,341.50487380981446,0.01301175258852613,412.53460693359375,-4.045906719177649,24946576.0,False
2024-02-21,MSFT,393.2690069492409,395.35244235543763,390.3698682526408,395.24432373046875,18518900,-0.001514531134080399,0.6967043585702755,382.5540496826172,341.9925961303711,0.012948332360033647,412.53460693359375,-4.191232180893914,24854576.0,False
2024-02-22,MSFT,403.11624212580006,405.7106995132782,401.5241839575953,404.5510559082031,27009900,0.023546782632812624,0.7366562872936755,383.3031213378906,342.5013137817383,0.013833119375424315,412.53460693359375,-1.9352439507398098,24991686.0,True
2024-02-23,MSFT,408.5016799323737,408.6883757427927,401.9172111140197,403.2635803222656,16295900,-0.0031824798554712652,0.7311294136434858,384.08392639160155,343.0133413696289,0.013760927905707779,412.53460693359375,-2.2473330613982876,24763428.0,False
2024-02-26,MSFT,404.3642838981377,405.05222425854834,400.3349831970826,400.51190185546875,16193500,-0.0068235233754505575,0.7193170116235594,384.7492724609375,343.51965270996095,0.013821671284537627,412.53460693359375,-2.9143506692664722,24590532.0,False
2024-02-27,MSFT,400.9541264549498,401.27845233828214,396.88553712565647,400.45294189453125,14835800,-0.0001472115077338909,0.7190639083740058,385.41363525390625,343.99978912353515,0.01380767724773869,412.53460693359375,-2.9286427940837707,24268138.0,False
2024-02-28,MSFT,401.1408405413653,402.24152110085487,398.33017625490425,400.68878173828125,13183100,0.0005889327286103807,0.7200763213722201,386.2482971191406,344.4918270874023,0.013444877367635057,412.53460693359375,-2.8714742948145777,23666250.0,False
2024-02-29,MSFT,401.59293981884394,407.05705416129825,398.9198455368932,406.5067138671875,31947300,0.014519827841614985,0.7450515334329832,387.1051483154297,345.0185110473633,0.013795533527248549,412.53460693359375,-1.461184823065418,22735150.0,True
2024-03-01,MSFT,404.1775917906704,408.6982702714908,403.7943329800158,408.33465576171875,17823400,0.0044967077594897376,0.7528985202040808,387.960888671875,345.5519467163086,0.012258357427501794,412.53460693359375,-1.0180845682483728,22655560.0,False
2024-03-04,MSFT,406.3101300793095,410.1527047870807,405.2094495475142,407.7646179199219,17596000,-0.001396006520028359,0.7504514624409278,388.79326232910154,346.07141967773435,0.01188948967816044,412.53460693359375,-1.156263967555989,22595406.0,False
2024-03-05,MSFT,406.82113009418805,407.10613735676765,393.73086019090937,395.7061767578125,26919200,-0.029572063470395205,0.6986870006917785,389.4362615966797,346.516240234375,0.01302280200122189,412.53460693359375,-4.079277203158411,22607456.0,True
2024-03-06,MSFT,396.0207434176088,398.1729790488092,391.5197391699057,395.1559143066406,22344100,-0.0013905834265222072,0.6963248347017679,390.01096801757814,346.9362321472168,0.012695590370392716,412.53460693359375,-4.2126629705397285,22700178.0,False
2024-03-07,MSFT,399.1163813277323,402.71326755552275,395.30328784063323,402.0843200683594,18718500,0.01753334699260578,0.7260670866407686,390.7038397216797,347.3917451477051,0.013275268163685941,412.53460693359375,-2.533190352904519,22732398.0,False
2024-03-08,MSFT,400.9246750672685,403.34227368160253,397.35727003094775,399.2146911621094,18002200,-0.0071368833924240205,0.7137483471159123,391.33774841308593,347.8190379333496,0.012501569747045284,412.53460693359375,-3.2287996079874337,22838980.0,False
2024-03-11,MSFT,396.7970720878644,398.68394443475927,394.34018518419236,397.5439453125,16120800,-0.004185081076915953,0.7065761713378016,391.94981689453124,348.2668928527832,0.012521828606467921,412.53460693359375,-3.6337949275384833,22863288.0,False
2024-03-12,MSFT,400.59053286353617,408.40344602882556,399.7748595225906,408.1184387207031,22457000,0.026599558446024796,0.7519703439498946,392.7496356201172,348.7745074462891,0.013447761297786033,412.53460693359375,-1.070496423491933,23025888.0,False
2024-03-13,MSFT,410.88976201717287,410.968369200055,404.35444900675975,407.9414978027344,17115900,-0.0004335528640249109,0.7512107721895884,393.531005859375,349.2222821044922,0.013157015659272,412.53460693359375,-1.1133875931040942,22993590.0,False
2024-03-14,MSFT,412.9928335922281,420.4421311587594,410.7816354740665,417.886962890625,34157300,0.02437963566212109,0.7939046527831524,394.61271423339844,349.68573974609376,0.013188447368509772,417.886962890625,0.0,23171564.0,True
2024-03-15,MSFT,412.0592402980969,415.31215606424155,405.6713345351322,409.2387390136719,45079900,-0.020695127259130697,0.7567795677030584,395.52675537109377,350.1141621398926,0.01398508107247729,417.886962890625,-2.069512725913073,23611492.0,True
2024-03-18,MSFT,407.10613532964646,413.47439659588105,406.64423942002503,410.1231994628906,20106000,0.002161233443711774,0.7605763784580077,396.5106719970703,350.5607809448242,0.013864271119701342,417.886962890625,-1.8578620816573337,23595582.0,False
2024-03-19,MSFT,410.62442124737834,414.39822603826195,408.38374152289526,414.1427001953125,19837900,0.009800715340380517,0.7778312863782728,397.5787066650391,351.0070315551758,0.013870598769523875,417.886962890625,-0.895998925023296,23572248.0,False
2024-03-20,MSFT,414.72254166213037,418.61424242329224,413.4056537780831,417.8968505859375,17860100,0.009064871574108402,0.7939470986697237,398.5856695556641,351.45827896118163,0.013895866006140173,417.8968505859375,0.0,23466770.0,False
2024-03-21,MSFT,422.4174518440492,423.3903994195494,419.79351351352574,421.96539306640625,21296200,0.00973575769897339,0.8114125329471484,399.652421875,351.9272311401367,0.013942981170176616,421.96539306640625,0.0,23476094.0,False
2024-03-22,MSFT,422.2897797457437,422.44699413264203,418.72237476810477,421.3463134765625,17648500,-0.001467133561226297,0.8087549488268357,400.5698541259766,352.404126739502,0.01316579083543931,421.96539306640625,-0.14671335612262476,23318780.0,False
2024-03-25,MSFT,417.9066185646381,420.03920955948905,414.33921403828305,415.5676574707031,18060500,-0.013714742056668783,0.7839483412599526,401.33522155761716,352.9024389648437,0.01356839342346119,421.96539306640625,-1.5161754259540166,23122974.0,False
2024-03-26,MSFT,418.2702713092194,418.6437229454669,414.0837561023913,414.3785705566406,16725600,-0.0028613557688770275,0.7788438303823098,402.0014715576172,353.3856228637695,0.013473790921344509,421.96539306640625,-1.797972685540034,23024262.0,False
2024-03-27,MSFT,417.12048583459426,417.130322980661,411.7841340063689,414.1623840332031,16705000,-0.0005217126048461251,0.7779157851339464,402.6280841064453,353.86025268554687,0.013476617572628512,421.96539306640625,-1.849205921011427,22814316.0,False
2024-03-28,MSFT,413.70045116356334,414.59476162825587,411.89218593509474,413.464599609375,21871200,-0.00168480878691335,0.7749203369967608,403.2564349365234,354.30667831420897,0.013495033832887514,421.96539306640625,-2.0145712413182304,22807058.0,False
2024-04-01,MSFT,416.6388963047316,420.5109524938084,414.9387197575333,417.2481994628906,16316000,0.009150964452797616,0.7911625699071656,403.8741357421875,354.7601037597656,0.013286936091871504,421.96539306640625,-1.117910065855392,22665536.0,False
2024-04-02,MSFT,412.8650690915943,415.0959414899842,410.6342266844982,414.1721496582031,17912000,-0.007372230266414981,0.7779577069972263,404.3361456298828,355.18325149536133,0.013397333902804747,421.96539306640625,-1.8468916020742663,22437154.0,False
2024-04-03,MSFT,412.49166464341647,415.96078773337547,411.8626872035861,413.1992492675781,16502300,-0.0023490241712965654,0.7737812413679468,404.82107421875,355.54897857666015,0.013406619056278215,421.96539306640625,-2.077455626188891,22226862.0,False
2024-04-04,MSFT,417.66095627375125,421.27751676074166,410.3689323931849,410.673583984375,19370900,-0.006112463388256439,0.7629390684713091,405.20860107421873,355.9302604675293,0.011614193065050779,421.96539306640625,-2.67600359355873,22203762.0,False
2024-04-05,MSFT,412.7668951431704,419.1548019931233,411.1060369628787,418.1818542480469,16554800,0.01828281768412343,0.7951705620483884,405.67448791503904,356.3699890136719,0.012123424241707566,421.96539306640625,-0.8966467109694812,22037518.0,False
2024-04-08,MSFT,417.8378673566601,419.91146556821536,416.00009070624833,417.2678527832031,14272400,-0.002185655488297744,0.7912469376570168,406.0767761230469,356.827078704834,0.011678277390987136,421.96539306640625,-1.113252498994356,21902542.0,False
2024-04-09,MSFT,419.0858942448859,420.3634632900146,414.3490096464137,418.92864990234375,12496900,0.003980170310420528,0.7983764055369109,406.5307208251953,357.262433013916,0.011502062874236439,421.96539306640625,-0.7196664024968029,21796414.0,False
2024-04-10,MSFT,414.90923013212864,416.7174952724338,412.4621804028437,415.9607849121094,16216600,-0.0070844163819452355,0.7856359582686214,406.8117156982422,357.7058561706543,0.011601532601026537,421.96539306640625,-1.423009624239945,21630542.0,False
2024-04-11,MSFT,418.4766338120234,421.96540116941117,415.07628079166767,420.55023193359375,17966400,0.011033364653483257,0.8053375309345712,407.206669921875,358.20358444213866,0.01040135716459913,421.96539306640625,-0.3353737429812854,21320318.0,False
2024-04-12,MSFT,416.7371538463039,417.84767154999884,412.5309645735886,414.6242370605469,19253800,-0.014091051253973919,0.7798984272554494,407.6991064453125,358.64252243041994,0.010940095610888958,421.96539306640625,-1.7397530997770878,20747972.0,False
2024-04-15,MSFT,419.2432078029309,419.4594150607099,406.30031376342345,406.5067138671875,20273500,-0.019578023829258218,0.745051533432983,407.9075561523438,359.0346208190918,0.010401167565203259,421.96539306640625,-3.663494555058443,20540288.0,False
2024-04-16,MSFT,407.42070431973565,411.18464237420096,406.5951938062803,407.4305114746094,16765600,0.002272527306212524,0.7490172106934576,407.98851623535154,359.4352459716797,0.009416542104217997,421.96539306640625,-3.444567215849729,20310466.0,False
2024-04-17,MSFT,410.054469901942,411.65636514019064,403.2537929988289,404.7377624511719,15855500,-0.00660910007375648,0.7374577809172622,408.1248986816406,359.7955917358398,0.009502143868415669,421.96539306640625,-4.08271173378505,20120530.0,False
2024-04-18,MSFT,403.54861503604855,404.78689570186344,396.98382006074763,397.29827880859375,21029900,-0.018380997111619002,0.7055215744646621,408.1156311035156,360.1311956787109,0.009941733253482996,421.96539306640625,-5.845767132360673,20173476.0,True
2024-04-19,MSFT,397.06245162548737,398.4874581931933,390.9103965002531,392.23712158203125,30565800,-0.012738935697732545,0.6837950447964611,407.83720336914064,360.44071197509766,0.00987458130400653,421.96539306640625,-7.045191850530869,20337982.0,True
2024-04-22,MSFT,393.18055056464544,395.90280071692837,388.9252352238132,394.0453796386719,20286900,0.0046101145382346775,0.6915575328118848,407.59376403808596,360.7440301513672,0.009604566669794952,421.96539306640625,-6.616659538082191,20319214.0,False
2024-04-23,MSFT,397.26876128202184,401.1604915950337,396.10911790196513,400.5413513183594,15734500,0.016485339037966007,0.7194434322425141,407.35389892578127,361.0996102905273,0.010522584285437168,421.96539306640625,-5.077203510069674,20193248.0,False
2024-04-24,MSFT,402.4970231148721,405.3568429660157,399.76496617669443,402.0056457519531,15065300,0.003655788419283379,0.7257293536297191,407.2471026611328,361.488839263916,0.010264591108624528,421.96539306640625,-4.7301858499358,20070496.0,False
2024-04-25,MSFT,387.2348667133991,392.9938253486681,381.3383380037112,392.1584777832031,40586500,-0.024495098695270445,0.6834574427912339,407.1187554931641,361.8257060241699,0.011425055282940244,421.96539306640625,-7.06382935022169,20325728.0,True
2024-04-26,MSFT,405.06201771927783,405.8776909237546,398.7625564960581,399.3128967285156,29694700,0.018243693176684728,0.7141699238535235,407.05644775390624,362.17524124145507,0.012293207342691462,421.96539306640625,-5.36833036787112,20511598.0,True
2024-04-29,MSFT,398.2613746922827,399.31292950505053,392.30588312333157,395.3131103515625,19582100,-0.010016672162914131,0.6969996456947554,406.97173461914065,362.4781088256836,0.012427593596211083,421.96539306640625,-6.316224778805352,20466730.0,False
2024-04-30,MSFT,394.5662074998568,395.2246663994194,382.4586913890698,382.61590576171875,28781400,-0.03211936122875303,0.6424931010696195,406.6822143554688,362.70488830566404,0.013757764382025176,421.96539306640625,-9.325287796408206,20596428.0,True
2024-05-01,MSFT,385.83931510454033,394.79222617325195,383.5789912516123,388.129150390625,23562500,0.014409345105322657,0.6661603509960432,406.5279205322266,362.9568408203125,0.014303220312064472,421.96539306640625,-8.018724575940832,20581520.0,True
2024-05-02,MSFT,390.80223732859616,393.03307969917586,387.8441360864439,390.9791259765625,17709400,0.0073428537461543986,0.6783947227710485,406.44261657714844,363.1558335876465,0.01448020042558963,421.96539306640625,-7.343319523117225,20565330.0,False
2024-05-03,MSFT,395.3425934548566,400.12860445610875,394.92982324925293,399.6470642089844,17446700,0.022169823544343048,0.7156044376126391,406.34453674316404,363.4197064208984,0.01541523468820085,421.96539306640625,-5.2891372667401555,20374066.0,False
2024-05-06,MSFT,401.71081997342634,406.79164496723695,399.3620218492585,406.40838623046875,16996600,0.016918232678293288,0.7446294326720824,406.4074328613281,363.7574870300293,0.015331733336955613,421.96539306640625,-3.6867968538569786,20388080.0,False
2024-05-07,MSFT,407.50914701107223,407.51898415720547,402.03519506612554,402.2808837890625,20018200,-0.01015604643321899,0.7269108951451042,406.4428125,364.0897718811035,0.015454307913471065,421.96539306640625,-4.664958217141264,20464574.0,False
2024-05-08,MSFT,401.1310200807253,405.1210019721616,399.6961765499289,403.46014404296875,11792300,0.0029314349784630434,0.7319732221478215,406.5029565429688,364.4214079284668,0.015436970414189982,421.96539306640625,-4.385489740985764,20403704.0,False
2024-05-09,MSFT,403.48965172941627,405.60256858412407,402.04500095122404,405.20947265625,14689700,0.004335815170618096,0.7394827379195144,406.59337036132814,364.7331185913086,0.015438074358950877,421.96539306640625,-3.970922896873514,20433836.0,False
2024-05-10,MSFT,405.81879129865774,408.2167155386998,404.6984363706866,407.5877380371094,13402300,0.005869224540258733,0.749692152692268,406.61499084472655,365.1212440490723,0.015274867411053477,421.96539306640625,-3.407306680961443,20062936.0,False
2024-05-13,MSFT,410.80135374265615,411.13548678399485,403.7353441559508,406.5853271484375,15440200,-0.002459374498112621,0.7453890044323888,406.58000427246094,365.5387927246094,0.014999233235002721,421.96539306640625,-3.6448642876143,20015272.0,False
2024-05-14,MSFT,404.91462752191757,410.29029755221785,404.45273155985166,409.3763427734375,15109300,0.0068645261858675255,0.7573702729578402,406.61223876953125,365.93293060302733,0.014445860965018344,421.96539306640625,-2.983431935373801,19965538.0,False
2024-05-15,MSFT,411.43396907005973,417.25252925056685,410.81371203905996,416.5338134765625,22239500,0.017483840552765306,0.7880958546024048,407.02879150390623,366.3748226928711,0.014916314650878218,421.96539306640625,-1.2872097283553683,19871944.0,True
2024-05-16,MSFT,415.273599957198,418.83761399416454,413.84605341031005,414.47613525390625,17530100,-0.004940002842703239,0.779262655997643,407.4151959228516,366.804375,0.014877247368570965,421.96539306640625,-1.774851192908464,19775664.0,False
2024-05-17,MSFT,416.00221762948183,416.37634285020215,411.56198942365705,413.708251953125,15352200,-0.0018526598649903914,0.7759662874855999,407.6476745605469,367.2732661437988,0.014209615750380692,421.96539306640625,-1.9568289838360735,19708338.0,False
2024-05-20,MSFT,413.7082200976142,420.16671696584166,413.4916228836326,418.75885009765625,16272100,0.012208115551689547,0.7976474891391292,408.03855773925784,367.7715135192871,0.013954048811653293,421.96539306640625,-0.7599066230166829,19673736.0,False
2024-05-21,MSFT,420.2258450310574,426.27085809319817,418.27649987771593,422.40167236328125,21453300,0.008699093200718044,0.8132853921891872,408.53571228027346,368.28250411987307,0.014002950531549234,422.40167236328125,0.0,19780386.0,True
2024-05-22,MSFT,423.43539455106486,425.71950537683756,420.5212017999642,423.8587341308594,18073700,0.003449469694156493,0.8195402651964003,408.85051818847654,368.7893997192383,0.013679469304038709,423.8587341308594,0.0,19692720.0,False
2024-05-23,MSFT,426.2708180980622,426.89107515061806,418.83764844643395,420.3931884765625,17211700,-0.008176180824498336,0.8046633749706988,409.0995520019531,369.2987982177734,0.013884063968965405,423.8587341308594,-0.8176180824498346,19694636.0,False
2024-05-24,MSFT,420.58025544710625,424.39037161476875,417.84327052223153,423.5043029785156,11855300,0.00740048741804622,0.8180187635709784,409.21189880371094,369.8424105834961,0.012489531174448494,423.8587341308594,-0.08362011297715179,19248596.0,False
2024-05-28,MSFT,422.9825388810405,424.15412896604386,419.999421868943,423.661865234375,15718000,0.0003720440494965338,0.8186951466338379,409.500361328125,370.3833917236328,0.012053331942416092,423.8587341308594,-0.046446818392940084,18661358.0,False
2024-05-29,MSFT,419.1034664398289,424.27223522977,419.1034664398289,422.5296325683594,15517100,-0.002672491340208971,0.8138346996039789,409.74848999023436,370.9280894470215,0.01176311211389035,423.8587341308594,-0.3135718236938965,18569580.0,False
2024-05-30,MSFT,417.7349403773821,417.7349403773821,407.8305976923989,408.25396728515625,28394500,-0.033786187246627075,0.7525521408087292,409.63071533203123,371.3866094970703,0.012016538622987712,423.8587341308594,-3.6815961520060148,18740712.0,True
2024-05-31,MSFT,410.3017776619535,410.3017776619535,398.2511723788605,408.70684814453125,47995300,0.0011093115944140752,0.7544962672183435,409.4469152832031,371.8580419921875,0.011741471909092242,423.8587341308594,-3.5747490298619704,19343416.0,True
2024-06-03,MSFT,409.1006748520027,409.9867435149057,402.5929630717942,407.12176513671875,17484700,-0.003878288350216197,0.7476918247846929,409.15004272460936,372.32536682128904,0.011766753995124085,423.8587341308594,-3.948713957366126,19267186.0,False
2024-06-04,MSFT,406.04863004617806,409.99659455099004,403.341179685009,409.63232421875,14348900,0.006166604925158303,0.758469149799069,408.91576293945315,372.8224742126465,0.010879581928044795,423.8587341308594,-3.356403623787827,19201194.0,False
2024-06-05,MSFT,411.3454112041521,417.5183874951578,409.8587651411263,417.4494934082031,16988000,0.019083379721954286,0.7920266843140267,408.9533996582031,373.3606251525879,0.011044667497726018,423.8587341308594,-1.5121171764452783,19179744.0,False
2024-06-06,MSFT,417.44948005128595,418.7293536763162,414.0725281736093,417.9515686035156,14861300,0.0012027208159084424,0.7941819921099145,409.0248596191406,373.87485443115236,0.010727312223682383,423.8587341308594,-1.3936637496586328,19142458.0,False
2024-06-07,MSFT,419.60560716420275,419.68435613947076,416.4551073364084,417.2919616699219,13621700,-0.0015781898744815503,0.7913504322569895,409.087451171875,374.3829469299316,0.01075025584062224,423.8587341308594,-1.5492832710886446,19080792.0,False
2024-06-10,MSFT,418.12876008062784,421.4564371463653,417.3312953641021,421.24969482421875,13982900,0.009484326365786666,0.8083401843920079,409.2431530761719,374.8886058044434,0.010872298819601854,423.8587341308594,-0.6155445426860373,18923026.0,False
2024-06-11,MSFT,418.89674157876317,426.1231693068597,418.670289453605,425.9853210449219,14551100,0.01124185080461415,0.8286692749489313,409.4178955078125,375.45235321044925,0.011032229834143703,425.9853210449219,0.0,18887728.0,False
2024-06-12,MSFT,428.58444890305617,436.5394165910894,426.54647009815636,434.2356262207031,22366200,0.01936758091932278,0.8640861751061841,409.8191650390625,376.042618560791,0.011589106827089943,434.2356262207031,0.0,18976812.0,True
2024-06-13,MSFT,434.0289338170149,436.52964196122593,432.57182236972,434.74761962890625,15960600,0.0011790681770151856,0.8662840597944659,410.25013244628906,376.63191955566407,0.011565662147058559,434.74761962890625,0.0,18965978.0,False
2024-06-14,MSFT,431.4986289418585,436.2834473000101,429.962768739338,435.7222595214844,13582000,0.0022418521656544232,0.8704679927556425,410.75110595703126,377.20303985595706,0.011074602744650655,435.7222595214844,0.0,18850200.0,False
2024-06-17,MSFT,435.7419888452348,443.96279884211964,433.90092737019853,441.43255615234375,20790000,0.013105358989762284,0.8949811472795652,411.2161199951172,377.8008511352539,0.011191889460293215,441.43255615234375,0.0,18934904.0,True
2024-06-18,MSFT,442.75181252074634,443.1751821409538,438.00641324566425,439.4339599609375,17112500,-0.0045275233182314745,0.886401575947648,411.65944213867186,378.3937112426758,0.011265635121566427,441.43255615234375,-0.45275233182314495,18991706.0,False
2024-06-20,MSFT,439.39452535605096,439.6209774531351,434.442354200725,438.8038330078125,19877400,-0.0014339514251038299,0.8836965677194997,412.05694580078125,378.9790155029297,0.011096396147849508,441.43255615234375,-0.5954982494820898,19139316.0,True
2024-06-21,MSFT,440.45787995794916,443.6083496603445,439.60134591371855,442.82073974609375,34187100,0.009154219804205166,0.9009403401448308,412.5941448974609,379.56046875,0.011109979843988062,442.82073974609375,0.0,19498726.0,True
2024-06-24,MSFT,442.84045705555275,445.74482519591487,439.5029244573709,440.7434387207031,15913700,-0.004691065343013778,0.8920229047960406,412.9980090332031,380.13481506347654,0.01120979575226967,442.82073974609375,-0.469106534301378,19457672.0,False
2024-06-25,MSFT,441.3143898379412,444.4353547941903,439.83759879553867,443.9726257324219,16413400,0.007326681983268468,0.905885154924541,413.5849768066406,380.73984497070313,0.011020387293037786,443.9726257324219,0.0,19400864.0,False
2024-06-26,MSFT,442.05283004707155,446.58166237734525,441.2553652071883,445.1639404296875,16507000,0.0026833066459903687,0.9109992292272444,414.3581213378906,381.3294903564453,0.010966884094459051,445.1639404296875,0.0,19325534.0,False
2024-06-27,MSFT,445.1836151073107,449.11190006347704,444.7799552473841,445.84326171875,14806300,0.0015260025068670746,0.9139154188416663,415.1263763427734,381.9045684814453,0.01095891485954274,445.84326171875,0.0,19286348.0,False
2024-06-28,MSFT,446.0597870787558,448.3340427180204,439.50283171327214,440.03448486328125,28362300,-0.013028742058533327,0.8889795085277283,415.83231079101563,382.48080352783205,0.011425943003921508,445.84326171875,-1.3028742058533305,19536484.0,True
2024-07-01,MSFT,441.7180347396165,450.293259356771,438.76445275458883,449.6631774902344,17662800,0.02188167736432023,0.9303135486811442,416.8796087646484,383.08418334960936,0.00888363713149665,449.6631774902344,0.0,19469142.0,False
2024-07-02,MSFT,446.18782328625804,452.4789376582484,446.09918938158694,452.1737365722656,13979800,0.005583199175978271,0.9410908736955206,418.0783410644531,383.6871939086914,0.008848095393929317,452.1737365722656,0.0,19137422.0,False
2024-07-03,MSFT,451.1006488720151,453.8868484229565,450.79544775657115,453.6407165527344,9932800,0.0032442839152695413,0.9473883235951275,419.2702478027344,384.3390469360352,0.008630157981998357,453.6407165527344,0.0,18930340.0,False
2024-07-05,MSFT,452.4986178155469,461.10340760685847,451.8685359116121,460.32562255859375,16000300,0.01473612434231808,0.9760852800744035,420.46593322753904,385.0300024414062,0.008877185861539962,460.32562255859375,0.0,18935656.0,False
2024-07-08,MSFT,459.33123257528905,460.46346308739743,457.2735739768986,459.0260314941406,12962300,-0.002823199493501405,0.9705063971125818,421.6063409423828,385.7164666748047,0.008493424200200146,460.32562255859375,-0.28231994935013704,18893596.0,False
2024-07-09,MSFT,459.7742528044674,460.0991335961139,450.91350703307506,452.4296875,17207200,-0.014370304822733826,0.942189619530927,422.81176513671875,386.40852020263674,0.009429934002305912,460.32562255859375,-1.715293407893821,18426010.0,False
2024-07-10,MSFT,454.0836869882495,459.24260047662796,451.7601869137214,459.0358581542969,18196100,0.014601541050059508,0.9705485809875072,424.0062243652344,387.13967391967776,0.00962543810716454,460.32562255859375,-0.2801852299961217,18196038.0,True
2024-07-11,MSFT,455.81652839633193,457.58866578342753,444.5633568384772,447.6646423339844,23111200,-0.02477195543292454,0.9217342393608721,425.0532550048828,387.8263063049316,0.011479485286529843,460.32562255859375,-2.7504400372581452,18266620.0,True
2024-07-12,MSFT,447.30037044160537,449.29896008528294,443.67731641534965,446.5324401855469,16324300,-0.002529130159877102,0.9168739233368359,426.3315856933594,388.50468353271486,0.011375784021478345,460.32562255859375,-2.996396832394698,18017478.0,False
2024-07-15,MSFT,446.28624348851673,450.1849934949163,444.44518211930125,446.93603515625,14429400,0.0009038424409555379,0.9186064753427088,427.5077233886719,389.2115104675293,0.010683761021124876,460.32562255859375,-2.90872085892621,17834816.0,False
2024-07-16,MSFT,447.1919875539024,447.27073651725266,439.7489636336777,442.564697265625,17175700,-0.009780678993799974,0.8998412012919557,428.5394348144531,389.8932991027832,0.01096063667627169,460.32562255859375,-3.8583394933024837,17824142.0,False
2024-07-17,MSFT,435.74198947896895,437.9670310742686,432.38474735385836,436.6575927734375,21778000,-0.013347437174009547,0.8744831902171164,429.2796453857422,390.5413914489746,0.011385347288424845,460.32562255859375,-5.141584266720587,17910768.0,True
2024-07-18,MSFT,437.46491051123894,437.7701116080265,427.6787055457858,433.55633544921875,20794800,-0.007102263594046421,0.8611701164975853,429.8226043701172,391.16364974975585,0.011086915622431049,460.32562255859375,-5.815293739371982,17986732.0,True
2024-07-19,MSFT,426.39883667006126,434.3144456334854,425.31585048613374,430.3467712402344,20940400,-0.007402876965594052,0.8473921031131133,430.3839221191406,391.7402467346191,0.011152832149203947,460.32562255859375,-6.512531531860024,18005176.0,True
2024-07-22,MSFT,434.95434740544323,437.72086686190295,432.1189038234256,436.0865478515625,15808800,0.013337561694227285,0.8720318092618127,431.0364501953125,392.386707611084,0.011577538722863158,460.32562255859375,-5.265636653529082,18085506.0,False
2024-07-23,MSFT,437.0316974699668,441.45224583194545,436.24408758502966,437.9670104980469,13107100,0.004312131744830694,0.8801042570538633,431.69160095214846,393.01530700683594,0.011428518903164266,460.32562255859375,-4.857129598016434,18053854.0,False
2024-07-24,MSFT,433.6351033912307,434.64916540683873,420.9740654607642,422.2637939453125,26805800,-0.03585479311530115,0.8126935078820001,431.9851220703125,393.5634327697754,0.01378533917528306,460.32562255859375,-8.268457532675459,18321924.0,True
2024-07-25,MSFT,422.1653487650477,423.14987619224735,411.05005574464656,411.92626953125,29943800,-0.024481200051457153,0.7683165954835633,432.09194091796877,394.02120162963865,0.014447073444445454,460.32562255859375,-10.514155774846774,18611996.0,True
2024-07-26,MSFT,411.7293557750341,422.28349032231534,410.8137224917234,418.68994140625,23583800,0.016419617721143975,0.7973516779913583,432.278212890625,394.5002583312988,0.015038055924622363,460.32562255859375,-9.04483242121593,18781486.0,True
2024-07-29,MSFT,424.9023450000168,425.46353285919287,418.12882136064246,420.1274108886719,15125800,0.0034332553526217335,0.8035224452603658,432.3500848388672,394.9935020446777,0.015071255925804408,460.32562255859375,-8.732560105277463,18639212.0,False
2024-07-30,MSFT,421.10209315676275,422.4115014796213,410.90237288373,416.3763732910156,32687600,-0.008928333406577504,0.7874199955628354,432.3880895996094,395.4482646179199,0.014957099004353689,460.32562255859375,-9.547426237822322,18942362.0,True
2024-07-31,MSFT,413.9937725831716,415.2539664560443,405.8320320070505,411.8770446777344,42891400,-0.010805917198708492,0.7681052830914674,432.3514654541016,395.88669830322266,0.013958101368438065,460.32562255859375,-10.524849260306485,19493146.0,True
2024-08-01,MSFT,414.27930323794226,420.8460843318748,406.69843005351635,410.6562194824219,30296400,-0.002964052527539396,0.7628645261581644,432.18941284179687,396.33581649780274,0.013785870458973634,460.32562255859375,-10.790058307008444,19773632.0,True
2024-08-02,MSFT,406.1077265801338,408.57890014493404,398.0838337068482,402.16961669921875,29437900,-0.020665954588242608,0.7264332479153559,431.78477172851564,396.71846862792967,0.014099446267428943,460.32562255859375,-12.63366691085558,19933324.0,True
2024-08-05,MSFT,383.1485558976655,394.83489176821496,379.6140759587015,389.0360107421875,40709200,-0.03265688259800548,0.6700533200248908,431.0883172607422,397.0382917785644,0.0144659305645612,460.32562255859375,-15.48677899356601,20386034.0,True
2024-08-06,MSFT,393.81095153508136,399.39323499306323,392.3341604668248,393.4269714355469,24946500,0.011286771846602317,0.6889028308196725,430.5489929199219,397.3896144104004,0.015029258672681204,460.32562255859375,-14.532897550044915,20540730.0,True
2024-08-07,MSFT,402.3173368345742,403.73502880977026,391.32015130804484,392.2652893066406,20650900,-0.0029527262065116577,0.6839159631708596,429.92421264648436,397.72920593261716,0.014963576401916022,460.32562255859375,-14.785258503243515,20716642.0,False
2024-08-08,MSFT,396.21324922868644,399.58031645092876,393.75193048039444,396.4593811035156,20203000,0.010691977881317039,0.7019203554030791,429.3801629638672,398.11252822875974,0.014707904718553894,460.32562255859375,-13.874144371998051,20806342.0,False
2024-08-09,MSFT,397.7786234799922,401.736413003281,396.0360207139592,399.7378234863281,19276700,0.008269302074999985,0.7159940489294985,428.92432678222656,398.49927215576173,0.014460096126859947,460.32562255859375,-13.161943655342267,20881534.0,False
2024-08-12,MSFT,400.76175687200634,402.4354656198074,397.9853821448799,400.515625,16762900,0.0019457791281500825,0.7193329943339353,428.7695599365234,398.88398239135745,0.014535391501451849,460.32562255859375,-12.992975977777704,20648902.0,False
2024-08-13,MSFT,403.2525929980432,408.52967573215994,403.23291326546496,407.6042175292969,19414300,0.0176986666357819,0.7497628958365523,428.74750732421876,399.2545024108887,0.015320970031306044,460.32562255859375,-11.453067664636915,20077282.0,False
2024-08-14,MSFT,408.38197108714223,411.2568044389076,406.0683556338293,410.41009521484375,18267000,0.006883828883211152,0.7618079641976832,428.81327392578123,399.7016069030762,0.015451966121412896,460.32562255859375,-10.843525734306995,20092928.0,False
2024-08-15,MSFT,414.0495635460023,415.34161674551206,411.9388929382302,415.2627258300781,20752100,0.011823857823707096,0.7826393310790314,428.92588195800784,400.16357681274417,0.015622843506870066,460.32562255859375,-9.789352258526447,20220992.0,True
2024-08-16,MSFT,414.83859034033384,415.5684441235936,411.5837759699612,412.7377624511719,22775600,-0.006080399761040578,0.771800171316317,428.8316473388672,400.5762110900879,0.015608631502076668,460.32562255859375,-10.337869059497015,20336744.0,True
2024-08-19,MSFT,413.22099547904133,415.9727859407596,410.7552409684263,415.75579833984375,15234000,0.007312235911607345,0.7847559921572083,428.78773193359376,401.00001953125,0.015694547345296597,460.32562255859375,-9.68223840572264,20344198.0,False
2024-08-20,MSFT,415.92356696995296,420.0265568174448,415.8643912576991,418.9810791015625,16387600,0.007757632664649794,0.7986014735403966,428.8215142822266,401.40099182128904,0.015476097109237502,460.32562255859375,-8.981586388180816,20399516.0,False
2024-08-21,MSFT,418.27090283610073,420.55913050260955,415.943244764668,418.3301086425781,16067300,-0.0015536989412034963,0.7958069883353098,428.76312255859375,401.78769622802736,0.01541329365571691,460.32562255859375,-9.123001601039515,20441204.0,False
2024-08-22,MSFT,418.54707521874735,420.94381179948715,408.9306313403218,409.8577575683594,19361900,-0.02025278816700604,0.7594368898117256,428.4405712890625,402.110110168457,0.014015936740941651,460.32562255859375,-10.963514198867008,20537420.0,False
2024-08-23,MSFT,411.2681797994915,413.51694694228206,406.4451490290269,411.0807800292969,18493800,0.002984016865249961,0.7646870791642668,427.9774743652344,402.4203820800781,0.012991056911972988,460.32562255859375,-10.69782782361384,20459972.0,False
2024-08-26,MSFT,410.6665432369522,411.56408163461276,405.7054455704439,407.82598876953125,13152800,-0.00791764397142003,0.7507149151504791,427.43904174804686,402.6948008728027,0.012528789821038258,460.32562255859375,-11.404890628780922,20403816.0,False
2024-08-27,MSFT,407.2046168469379,408.68406980179446,404.6303831532702,408.17120361328125,13492900,0.0008464758334592037,0.7521968530174306,426.8880206298828,402.95787673950196,0.012493876971806433,460.32562255859375,-11.329897009735515,20402034.0,False
2024-08-28,MSFT,409.19692623598894,409.315277644923,401.73061382710534,404.9755554199219,14882700,-0.00782918580505021,0.7384785782881329,426.15888061523435,403.21726028442384,0.01246258035917233,460.32562255859375,-12.024111721399237,20283888.0,False
2024-08-29,MSFT,409.2561363555491,416.26872882049446,404.975589475056,407.4610595703125,17045200,0.00613741772096188,0.7491483475220311,425.51942260742186,403.44511627197267,0.01236080743831636,460.32562255859375,-11.484166945660785,20282542.0,False
2024-08-30,MSFT,409.90708149754283,411.7711764633265,406.4846126518204,411.4259948730469,24308300,0.009730832455291827,0.7661690170312185,424.97186584472655,403.70743240356444,0.01254030763742012,460.32562255859375,-10.622834204568433,20371160.0,True
2024-09-03,MSFT,412.18542969380115,414.1284456363182,401.45446023053216,403.8314514160156,20313600,-0.01845907539064151,0.733567169993224,424.192080078125,403.91420379638674,0.012365037526852337,460.32562255859375,-12.272654046188167,20093690.0,True
2024-09-04,MSFT,400.3498254636215,405.6068015782242,398.830912042889,403.2988586425781,15135800,-0.0013188491673196134,0.7312808563745858,423.4431884765625,404.1175761413574,0.009822100882982564,460.32562255859375,-12.388353183350514,20078132.0,False
2024-09-05,MSFT,402.0363656944642,407.44131080829675,400.56678553175374,402.79583740234375,14195500,-0.0012472667091779632,0.7291214873981926,422.6196527099609,404.28655258178713,0.009592522003562533,460.32562255859375,-12.497628273761183,20033774.0,False
2024-09-06,MSFT,403.4566777506577,405.0248942566708,395.30981392110493,396.197509765625,19609500,-0.016381320321659176,0.700796194438059,421.6403240966797,404.45353515625,0.010302104498279792,460.32562255859375,-13.931032653913597,20095824.0,False
2024-09-09,MSFT,401.66164389103545,403.05233341661295,396.64136998497855,400.1624755859375,15295100,0.010007548565002411,0.717816994953069,420.7267083740234,404.60311599731443,0.010269365165111522,460.32562255859375,-13.069693283258033,20105600.0,False
2024-09-10,MSFT,402.6084339185776,410.62704280907684,402.1152829853601,408.5262451171875,19594300,0.020900934099338908,0.7537209747593074,420.09654357910154,404.81594940185545,0.011085140638048696,460.32562255859375,-11.252768671336089,19930240.0,False
2024-09-11,MSFT,409.8084532189213,418.1821469994098,403.9695325309428,417.24517822265625,19266900,0.021342406295017158,0.7911496003307141,419.44818359375,405.0489329528809,0.01193510768509358,460.32562255859375,-9.358689202761877,19962322.0,False
2024-09-12,MSFT,417.51145302107784,421.5158363092752,414.0002206806835,421.1509094238281,17395700,0.0093607581465871,0.807916118543766,418.8277270507813,405.30350524902343,0.011518819915890465,460.32562255859375,-8.510217814299304,20030640.0,False
2024-09-13,MSFT,419.9969351521576,425.914746697553,419.6320082561189,424.6917419433594,15874600,0.008407514836844099,0.8231162001341923,418.2487475585938,405.56999404907225,0.011558356571898158,460.32562255859375,-7.741016113153385,20149476.0,False
2024-09-16,MSFT,424.70160374609685,427.5914610863902,422.3542004104568,425.43145751953125,13834700,0.0017417705670164096,0.8262916502718369,417.5508642578125,405.82012100219725,0.01132355398656958,460.32562255859375,-7.580322130476433,20106164.0,False
2024-09-17,MSFT,434.1997314507894,435.79753584231287,426.34874601904636,429.1893005371094,18874200,0.008833016344132583,0.842423314267841,416.9541296386719,406.1079202270508,0.011310867211847007,460.32562255859375,-6.763977605335472,20224402.0,False
2024-09-18,MSFT,429.041298505566,430.05718819229855,424.5141766919007,424.90869140625,18898000,-0.00997370886343718,0.8240475205281246,416.40370971679687,406.3740225219727,0.011526070204903559,460.32562255859375,-7.693886548284766,20258218.0,False
2024-09-19,MSFT,435.18603209956774,435.4523227974912,430.9153276838819,432.6808166503906,21706600,0.018291283283518034,0.8574116904487032,415.87660888671877,406.70056564331054,0.012047658465874087,460.32562255859375,-6.005489278338897,20328428.0,True
2024-09-20,MSFT,431.23091793236443,433.22323693457605,428.27201223229315,429.3076171875,55167100,-0.007796045798850848,0.8429312238426441,415.50946838378906,407.03658111572264,0.01220539997115588,460.32562255859375,-6.738274788765543,20969546.0,True
2024-09-23,MSFT,428.3311884542686,430.48131937501944,424.4944897103184,427.5717468261719,15128900,-0.004043418499537044,0.8354794816387843,415.13025451660155,407.34733978271487,0.011248970495929827,460.32562255859375,-7.115370973783393,20945638.0,False
2024-09-24,MSFT,427.0687217553129,427.4139334394583,420.2632446802758,423.29119873046875,17015800,-0.010011297817213771,0.8171039499107133,414.65735778808596,407.6549411010742,0.011549999479622028,460.32562255859375,-8.045266657606263,20997366.0,False
2024-09-25,MSFT,423.94212038705155,427.18706197372046,422.6994004960537,426.1908874511719,13396400,0.006850340213545358,0.8295517301709787,414.3298815917969,407.96649566650393,0.011399195506199956,460.32562255859375,-7.415345449965029,20921780.0,False
2024-09-26,MSFT,429.1300445336721,429.33715948282713,423.25169426116497,425.4018249511719,14492000,-0.0018514297776730526,0.8261644436179469,414.1047662353516,408.2580174255371,0.01142991803139654,460.32562255859375,-7.586759436354535,20776060.0,False
2024-09-27,MSFT,425.6089779793521,425.93447445668835,421.6144673905514,422.15692138671875,14896100,-0.007627855298518282,0.8122347254907301,413.87677795410156,408.5476853942871,0.011421313464346662,460.32562255859375,-8.291674263041179,20658086.0,False
2024-09-30,MSFT,422.3443332995087,424.52408219664926,419.54323948144145,424.40570068359375,16807300,0.005326880084041141,0.8218882825575544,413.75795654296877,408.8334909057617,0.011408145387172467,460.32562255859375,-7.803155009132223,20575424.0,False
2024-10-01,MSFT,422.58108089859957,422.61066875300435,413.07311568923785,414.9273681640625,19092900,-0.022333188513406932,0.7811997080928295,413.33477294921875,409.07195373535154,0.012422862423633052,460.32562255859375,-9.86220452865463,20641106.0,False
2024-10-02,MSFT,416.7914652693021,417.0281982052677,411.00187763203274,411.4161376953125,16582300,-0.008462277348168734,0.7661267021504707,412.8037554931641,409.3342559814453,0.01183876088926315,460.32562255859375,-10.624975553485658,20710610.0,False
2024-10-03,MSFT,411.90926344701154,413.8029462214933,408.61501874387466,410.8341979980469,13686400,-0.0014144795110020425,0.7636285521164452,412.5751635742188,409.5701062011719,0.011839696867793235,460.32562255859375,-10.751394694360563,20448222.0,False
2024-10-04,MSFT,412.5109097932594,414.00023534021534,409.28571331626097,410.36077880859375,19169700,-0.001152336372580609,0.7615962587881198,412.5438537597656,409.7941719055176,0.0118388346476164,460.32562255859375,-10.85423910845634,20232740.0,False
2024-10-07,MSFT,410.3016170053712,411.39639773757887,403.3975032576847,403.93011474609375,20919800,-0.01567075703767362,0.7339907118181763,412.2486572265625,409.98309280395506,0.01178771939077323,460.32562255859375,-12.251220668326267,20179460.0,True
2024-10-08,MSFT,405.2714281620606,409.9662346464486,402.5788433485802,409.02923583984375,19229300,0.012623770567230963,0.7558802127298785,412.0266937255859,410.21045791625977,0.011901103104002119,460.32562255859375,-11.14350021048863,20261530.0,False
2024-10-09,MSFT,410.16348810998284,414.6215919010832,408.62485957486433,411.7415771484375,14974300,0.006631167337035393,0.7675237482442796,411.9339978027344,410.4370628356934,0.011094760374795948,460.32562255859375,-10.554277891401124,19907264.0,False
2024-10-10,MSFT,409.5421386142519,411.63309377445904,407.49061385739407,410.1437683105469,13848400,-0.0038806108650878413,0.760664676382542,411.89933227539063,410.6505780029297,0.010032279604300863,460.32562255859375,-10.90138193245138,19326404.0,False
2024-10-11,MSFT,410.4397214022164,411.4161507329335,407.58929422530787,410.61724853515625,14144900,0.0011544250118920019,0.7626972317225127,411.8985528564453,410.86606796264647,0.009774486953192605,460.32562255859375,-10.79852425922918,19003374.0,False
2024-10-14,MSFT,412.0473616280092,418.2314942204609,411.8007861364326,413.39862060546875,16653100,0.006773636714567655,0.774637102407975,412.1231329345703,411.09835845947265,0.0097007485881352,460.32562255859375,-10.194305868157876,18747678.0,False
2024-10-15,MSFT,416.3969091028174,416.692817718463,409.5717171353566,413.0040283203125,18900200,-0.0009545079869359707,0.7729431971198137,412.6024932861328,411.3227410888672,0.009677157071577333,460.32562255859375,-10.280026120479052,18311498.0,True
2024-10-16,MSFT,409.4829836231505,410.65665522282575,404.85722518493617,410.4199523925781,15508900,-0.006256781412626422,0.7618502790784321,412.9423529052734,411.53047592163085,0.009439285546184326,460.32562255859375,-10.841384385389768,18122746.0,False
2024-10-17,MSFT,416.57447660649984,416.7125733271007,409.89722324961605,411.0117492675781,14820000,0.0014419300805188495,0.7643907439932058,413.31728210449216,411.7665269470215,0.0092897677290763,460.32562255859375,-10.712823895597639,18006128.0,False
2024-10-18,MSFT,411.4260201751563,413.90161766396704,410.5580696214905,412.4320373535156,17145300,0.003455589988530683,0.770487754984005,413.63673522949216,412.01100372314454,0.00820719352702614,460.32562255859375,-10.404284023747095,17944974.0,False
2024-10-21,MSFT,410.41998166329415,413.22107571933117,408.08245074925037,413.0435485839844,14206100,0.0014826957536875351,0.7731128496602755,413.9028497314453,412.27158462524415,0.008143060000388795,460.32562255859375,-10.271440836120513,17843562.0,False
2024-10-22,MSFT,412.75749822543423,424.68188532771023,412.3136804024992,421.6539611816406,25482200,0.020846258529336303,0.8100756185259819,414.32561645507815,412.57614959716796,0.009499446616807615,460.32562255859375,-8.400936094325425,18017948.0,True
2024-10-23,MSFT,424.9580432083023,425.17503084101816,416.74216121867397,418.7838134765625,19654400,-0.006806879501463303,0.7977546519021388,414.54920837402346,412.83232513427737,0.009365854075639004,460.32562255859375,-9.024439884778191,18022750.0,True
2024-10-24,MSFT,419.5037443233538,420.14486459281426,416.61388718387514,418.9119873046875,13581600,0.00030606203965000134,0.7983048763576903,414.7192462158203,413.08374618530274,0.009217885737498861,460.32562255859375,-8.996595719291033,17929042.0,False
2024-10-25,MSFT,420.9142122484759,426.5952907757042,420.72681247783265,422.28515625,16899100,0.00805221394359168,0.8127852119579266,414.85969482421876,413.31779846191404,0.00941160757201203,460.32562255859375,-8.2638168384276,17851982.0,False
2024-10-28,MSFT,425.74710969864265,426.02327304477956,420.46051551603273,420.7465515136719,14882400,-0.0036435207668470415,0.8061802913923246,415.0198706054687,413.53503479003905,0.009296116093760595,460.32562255859375,-8.598059526848074,17694118.0,False
2024-10-29,MSFT,422.1372373224,427.2364316805858,419.9673609785876,426.03314208984375,17644100,0.012564786466229938,0.828874561073182,415.22541748046876,413.7598701477051,0.009636049700875941,460.32562255859375,-7.449613662203866,17742320.0,False
2024-10-30,MSFT,431.4478786962363,432.4933562372157,426.18103048992214,426.6051330566406,29749100,0.0013425973481571152,0.831330003208991,415.3778985595703,413.9787370300293,0.008132284784524109,460.32562255859375,-7.325355758935823,18009550.0,True
2024-10-31,MSFT,409.6703738017444,410.4594334413064,400.73448031809437,400.7838134765625,53971000,-0.060527446997806766,0.7204842735042656,415.02697265625,414.0724208068848,0.015694816665017607,460.32562255859375,-12.934715376277433,18767624.0,True
2024-11-01,MSFT,403.40736208449033,409.80845197934053,401.9180365381017,404.74871826171875,24230400,0.00989287653800952,0.7375048120076302,414.9247918701172,414.1643486022949,0.015877302277110955,460.32562255859375,-12.073389264748293,18864994.0,True
2024-11-04,MSFT,404.18650910637746,404.7980415718176,400.01447130701087,402.8648681640625,19672300,-0.0046543695202960755,0.729417822569254,414.7604736328125,414.223314666748,0.015901910504520066,460.32562255859375,-12.482632201777385,18888564.0,True
2024-11-05,MSFT,402.7760918050739,409.2166418436789,402.4900558335031,405.8237609863281,17626000,0.00734462857421625,0.742119754125655,414.7204290771484,414.3076693725586,0.015612900862204085,460.32562255859375,-11.839849641506369,18978028.0,False
2024-11-06,MSFT,406.77066424480597,414.69066771455005,404.8966664565658,414.4243469238281,26681800,0.021192908755753637,0.779040339116436,414.8454919433594,414.42330490112306,0.01605563760643236,460.32562255859375,-9.971479619065297,19241806.0,True
2024-11-07,MSFT,415.5092700597973,421.0029789570154,414.12845339700306,419.6024169921875,19901800,0.01249460874293451,0.8012687520915933,415.1380291748047,414.5468794250488,0.01621322957723005,460.32562255859375,-8.846608481200215,19342188.0,True
2024-11-08,MSFT,419.4939322441371,420.65776126477715,416.0024150826717,416.75201416015625,16891400,-0.006793103939828682,0.7890325462350696,415.32384826660154,414.64487228393557,0.016269690716616488,460.32562255859375,-9.465822944255317,19339112.0,False
2024-11-11,MSFT,416.7322586188732,418.9908983471605,410.3015812107333,412.2840576171875,24503300,-0.010720899698523634,0.7698525077494891,415.34100952148435,414.7251354980469,0.016465274732382084,460.32562255859375,-10.436430775758339,19343012.0,True
2024-11-12,MSFT,412.5207686609151,418.6259798148705,411.485163708279,417.23529052734375,19401200,0.012009275689125909,0.7911071544441435,415.6090863037109,414.80175674438476,0.016606825951029143,460.32562255859375,-9.360837181242314,19324764.0,True
2024-11-13,MSFT,415.8643777407356,423.44901221052845,412.481339102593,419.3756103515625,21502200,0.005129766999127927,0.800295116816913,415.9306213378906,414.8946221923828,0.016631867922155815,460.32562255859375,-8.89587939498606,19452092.0,True
2024-11-14,MSFT,419.17832483529844,422.30491523139983,414.24681513135374,421.0424499511719,30246900,0.003974574482793702,0.8074505238497116,416.29555358886716,415.0498223876953,0.016562543588550152,460.32562255859375,-8.53377928195201,19773120.0,True
2024-11-15,MSFT,414.06929022111444,417.0084507566798,407.9739514183208,409.3153076171875,28247600,-0.027852636558010624,0.7571082613123397,416.55790954589844,415.1159777832031,0.017745948298385925,460.32562255859375,-11.081354684946582,19945882.0,True
2024-11-18,MSFT,409.1870572477352,412.66870168958155,406.45501186857297,410.06488037109375,24727000,0.0018312844400318884,0.7603260263307325,416.7559576416016,415.1493896484375,0.017733470767078145,460.32562255859375,-10.918519353352405,20134520.0,True
2024-11-19,MSFT,407.45119206262405,412.2150474297726,405.9125633985823,412.0671081542969,18133500,0.004882709734594259,0.7689211873555573,416.82677490234374,415.2201319885254,0.017764335529048707,460.32562255859375,-10.483560340626957,20105304.0,False
2024-11-20,MSFT,411.15962424150325,411.57388423897584,404.95577752646466,409.79852294921875,19191700,-0.005505378032329311,0.7591826075097681,416.677841796875,415.28031631469725,0.01714100429229551,460.32562255859375,-10.976382181060002,20103800.0,False
2024-11-21,MSFT,414.5818162626976,414.85853235917494,405.47980199521203,408.029541015625,20780200,-0.004316711346011748,0.7515887239882242,416.41541442871096,415.2896714782715,0.017108959473930336,460.32562255859375,-11.360671442162033,20171490.0,True
2024-11-22,MSFT,406.547145598137,412.50644943843054,406.2407824115055,412.11114501953125,24814600,0.010003207105413914,0.769110228757786,416.1638024902344,415.31914047241213,0.01727868627320422,460.32562255859375,-10.473993880913156,20350290.0,True
2024-11-25,MSFT,413.474991137145,416.1433187151558,409.9863774439722,413.88018798828125,27691100,0.004292635591464533,0.7767043742909756,415.9327770996094,415.32586837768554,0.017203508142347116,460.32562255859375,-10.0896913606847,20627418.0,True
2024-11-26,MSFT,414.6707766023476,424.0099980685231,413.93946191933657,422.9722900390625,23458900,0.02196795670499374,0.8157349390629727,415.8084368896484,415.404002532959,0.01788700966591789,460.32562255859375,-8.114545593163594,20719112.0,True
2024-11-27,MSFT,420.12605489536344,422.22122564388053,417.07228524559736,418.0309143066406,18332400,-0.011682504619783818,0.7945226072490665,415.67088134765623,415.501277923584,0.017845537827869382,460.32562255859375,-9.187997838762394,20707800.0,False
2024-11-29,MSFT,415.1649667399431,419.89881842784905,412.90180567999255,418.4954528808594,16271900,0.001111254116191951,0.7965167778829716,415.3871740722656,415.58161376953126,0.017844254531045756,460.32562255859375,-9.087082627561083,20599106.0,False
2024-12-02,MSFT,416.6275643373692,427.9235529659965,416.370602899235,425.92724609375,20207200,0.017758360722276212,0.8284199708682387,415.31956665039064,415.7135061645508,0.011931116451371331,460.32562255859375,-7.472618246546826,19899908.0,True
2024-12-03,MSFT,424.80061260374794,427.3997836787713,422.72522667678595,426.1446838378906,18302000,0.0005105044256614732,0.8293533873553347,415.291025390625,415.8587699890137,0.011834173615706486,460.32562255859375,-7.425382608666828,19963370.0,False
2024-12-04,MSFT,427.95320145991604,434.5153692878957,427.5578970490266,432.291748046875,26009400,0.01442482903605291,0.8557414972144597,415.4710363769531,416.0410095214844,0.011987007699563759,460.32562255859375,-6.09000957971884,20143242.0,True
2024-12-05,MSFT,432.7859063083414,439.44687793021666,431.0564230401268,437.4307861328125,21697800,0.011887893093393664,0.8778023537423194,415.6958343505859,416.2519418334961,0.012101619713493307,460.32562255859375,-4.973617653200919,20309270.0,True
2024-12-06,MSFT,437.1145294101148,440.8699968788184,436.5907442566123,438.3696594238281,18821000,0.0021463356507571696,0.8818327478792323,415.95519104003904,416.42103485107424,0.011415180181123774,460.32562255859375,-4.769659141007495,20395850.0,False
2024-12-09,MSFT,437.41103647885797,443.0738395996816,435.33565050126293,440.7909240722656,19144400,0.005523339940131544,0.8922267498562411,416.32787109375,416.6086715698242,0.011216988036804189,460.32562255859375,-4.2436695958286785,20480816.0,False
2024-12-10,MSFT,439.1800773312265,444.3487425824553,436.42277827381423,438.1324768066406,18469500,-0.006031084399526265,0.8808145706248167,416.60240661621094,416.7967744445801,0.011186924346432842,460.32562255859375,-4.821184106285157,20514060.0,False
2024-12-11,MSFT,438.84401807874156,445.0701760009867,438.84401807874156,443.7261047363281,19200200,0.012766978541415286,0.9048268898883649,417.1783813476562,417.01314025878906,0.010976971345118044,460.32562255859375,-3.6060382061727863,20516206.0,False
2024-12-12,MSFT,443.8446618873549,450.81202644259827,443.8446618873549,444.2893981933594,20834800,0.001269462064590332,0.9072449953646897,417.8358465576172,417.23114334106447,0.010812760978652986,460.32562255859375,-3.483669728419943,20601256.0,True
2024-12-13,MSFT,443.1825720342727,446.13750815775296,440.3560864798084,442.0262756347656,20177800,-0.0050938027506315375,0.8975298655611728,418.4596881103516,417.40874114990237,0.010943894496708436,460.32562255859375,-3.9753048770381763,20731084.0,False
2024-12-16,MSFT,442.02629379074256,446.87873364714176,440.0596337652838,446.295654296875,23598800,0.009658653563022757,0.9158574491581173,419.1783856201172,417.59854614257813,0.011050268697360246,460.32562255859375,-3.0478356133506144,20819666.0,True
2024-12-17,MSFT,445.7223931965137,449.95221350533063,444.2992732645948,449.1319274902344,22733500,0.0063551440979809914,0.9280329993187073,420.082421875,417.80538269042967,0.008535359035165422,460.32562255859375,-2.431690638062311,20855940.0,True
2024-12-18,MSFT,446.0287948744165,447.34318887069384,431.89642797238076,432.2621154785156,24444500,-0.03756092804621547,0.8556142905605684,420.5470794677734,417.9881623840332,0.012534715411806525,460.32562255859375,-6.096446885596942,20960244.0,True
2024-12-19,MSFT,436.4425256398133,437.98423408144293,431.2046739034814,431.9063415527344,22963700,-0.0008230513686988683,0.8540870246789454,420.9503747558594,418.17191452026367,0.012544346233888067,460.32562255859375,-6.173734333513437,21120032.0,True
2024-12-20,MSFT,428.03227991601136,438.5376604876813,423.6048219518138,431.48138427734375,64263700,-0.0009839107105092948,0.8522627685971476,421.3771270751953,418.3188998413086,0.012441749736268775,460.32562255859375,-6.266051001229784,22128338.0,True
2024-12-23,MSFT,431.619738686297,432.5190736490341,427.755575118412,430.147216796875,19152500,-0.00309206266848161,0.84653545603815,421.76772644042967,418.47356246948243,0.012410872413669283,460.32562255859375,-6.555882245698243,22228490.0,False
2024-12-24,MSFT,429.5542568118305,434.4462362082623,429.09965819133004,434.17938232421875,7164500,0.009373919834631428,0.8638447313748561,422.1833416748047,418.656739654541,0.012392827167647145,460.32562255859375,-5.679944576851554,22038718.0,False
2024-12-26,MSFT,433.9322618472237,435.7704710980457,431.51100346947777,432.9736328125,8194200,-0.0027770768507343613,0.8586686913179917,422.5827337646484,418.781015625,0.012439371048808297,460.32562255859375,-5.9418786193271655,21824598.0,False
2024-12-27,MSFT,429.5048044431988,430.1175308072659,421.35152651661633,425.4825134277344,18117700,-0.017301560226901103,0.826510823013298,422.88398498535156,418.868720703125,0.012273493493684546,460.32562255859375,-7.569230871224049,21876774.0,False
2024-12-30,MSFT,421.0649558192297,422.5374777077036,416.9537232035626,419.849365234375,13158700,-0.013239435266042099,0.8023288512092881,423.0607373046875,418.87853271484374,0.01235427547858172,460.32562255859375,-8.79296205569496,21843548.0,False
2024-12-31,MSFT,421.1044562623139,421.727075036825,415.72823181420273,416.5583801269531,13246500,-0.007838490134633669,0.7882013142897184,423.14326416015626,418.91513092041015,0.012477921243442113,460.32562255859375,-9.50788752283056,21765572.0,False
2025-01-02,MSFT,420.54113855935236,421.0748161119684,409.98635677531166,413.672607421875,16896500,-0.006927654904454572,0.7758132726846272,423.15584533691407,418.9328779602051,0.011854062821719979,460.32562255859375,-10.134785649647474,21819380.0,False
2025-01-03,MSFT,416.1433125624827,419.0587393010629,414.62138898974536,418.38671875,16662900,0.01139575413877325,0.7960500041365115,423.09050048828124,418.9540980529785,0.012171907447791135,460.32562255859375,-9.110703761282688,21642994.0,False
2025-01-06,MSFT,422.98225030348175,429.2281636678101,420.4918049209047,422.8340148925781,20573600,0.010629630299606951,0.81514135168009,423.17150451660154,418.9787838745117,0.011960847879115446,460.32562255859375,-8.144584144073667,21661378.0,False
2025-01-07,MSFT,423.9704579117962,425.6011074871905,415.8665816173968,417.4181823730469,18139100,-0.012808412589292661,0.7918922723398851,423.1416284179688,418.95604782104493,0.011845527334984719,460.32562255859375,-9.321106208917424,21752528.0,False
2025-01-08,MSFT,418.4953792965591,421.96423797941225,416.59790611740993,419.5824890136719,15054600,0.005184984104719126,0.8011832052893364,423.0875750732422,418.94722869873044,0.011919090633814135,460.32562255859375,-8.850937585977148,21715638.0,False
2025-01-10,MSFT,419.651700779007,419.73074959963856,410.15435142162687,414.0382995605469,20201100,-0.013213586358567841,0.7773831154586437,422.9534100341797,418.9395819091797,0.01202736515190176,460.32562255859375,-10.05534359368733,21822012.0,False
2025-01-13,MSFT,410.3717691669062,413.5935589908242,407.456372689251,412.2989196777344,17604800,-0.004201012043230423,0.7699163075851676,422.6787255859375,418.92918365478516,0.012010218546472877,460.32562255859375,-10.43320217847447,21821226.0,False
2025-01-14,MSFT,412.9116788431012,414.8190446806072,405.90480416806594,410.7967834472656,16935900,-0.003643318376004623,0.7634679389777523,422.36255859375,418.9123556518555,0.011466902687515157,460.32562255859375,-10.759522538857528,21564962.0,False
2025-01-15,MSFT,414.2161660512409,423.1304056035061,413.3662329233126,421.3119812011719,19637800,0.02559707908534814,0.8086075672762418,422.7731219482422,418.95159255981446,0.013096674284264212,460.32562255859375,-8.475226979670444,20878298.0,False
2025-01-16,MSFT,423.67398737859014,424.45470380326,419.4145196873236,419.6022644042969,15300000,-0.004058077797836512,0.801268097062479,423.07019287109375,418.9633628845215,0.013088141178958318,460.32562255859375,-8.846641629016272,20699690.0,False
2025-01-17,MSFT,429.0007970548674,429.386239236107,423.1502190446997,424.0001220703125,26197500,0.010481015092373758,0.8201472151732023,423.49289794921873,419.012502746582,0.013127178098039403,460.32562255859375,-7.891261904209442,20830194.0,True
2025-01-21,MSFT,425.1564304696716,425.84820570918225,420.61035394801814,423.4763488769531,26085700,-0.0012353137796325964,0.817898762237339,423.84594970703125,419.0638882446289,0.0129790262818338,460.32562255859375,-8.005045097603745,20999388.0,True
2025-01-22,MSFT,432.4301508467356,442.02630472978717,430.88844231911156,440.9688720703125,27803800,0.04130696611451623,0.8929906448086977,424.37684020996096,419.2153646850586,0.013778241918862484,460.32562255859375,-4.205012612744009,21021828.0,True
2025-01-23,MSFT,436.81806704057095,441.5123788470024,436.3239289556834,441.47283935546875,18389300,0.0011428636284238625,0.8951540749655962,424.8142486572266,419.3318196105957,0.013771632325019602,460.32562255859375,-4.0955320058737925,20991578.0,False
2025-01-24,MSFT,439.94102216929423,441.4135440071518,436.225094129831,438.8539123535156,15549500,-0.005932249435269044,0.8839115482746336,425.25628662109375,419.43974990844725,0.013851763866478305,460.32562255859375,-4.664461231971732,20964740.0,False
2025-01-27,MSFT,419.0389699284215,430.0977821935737,418.53493945291683,429.46527099609375,35647800,-0.02139354599135701,0.8436079999229715,425.5999108886719,419.492433013916,0.014667047198081642,460.32562255859375,-6.704026465216339,21187630.0,True
2025-01-28,MSFT,429.50483681704293,443.1232814648123,426.3225862891417,441.9571228027344,23491700,0.02908698945008359,0.8972330063668208,426.0943475341797,419.62241470336915,0.015876247319014568,460.32562255859375,-3.9903274672748186,21269440.0,True
2025-01-29,MSFT,441.45306462654537,441.6408395030523,435.23679935643304,437.1441650390625,23581400,-0.010890101132774666,0.8765719470550479,426.4497186279297,419.7053843688965,0.016069385828591774,460.32562255859375,-5.0358825108807705,21311024.0,True
2025-01-30,MSFT,413.86040812362955,417.90245411076046,408.3161931892364,410.1247253417969,54586300,-0.06180899085053826,0.7605829287491457,426.2313641357422,419.68288681030276,0.020787798385230434,460.32562255859375,-10.905518779895186,21797812.0,True
2025-01-31,MSFT,414.06796458574274,415.7579084081136,410.0456732964256,410.19390869140625,34161900,0.000168688560660879,0.7608799189493205,426.2489361572266,419.70132278442384,0.02061572824725267,460.32562255859375,-10.890489560095332,21916098.0,True
2025-02-03,MSFT,406.774468051233,410.53979775772405,403.8689337668832,406.1024475097656,25679100,-0.009974456214362437,0.7433160992990104,426.1696875,419.6946824645996,0.020656886657517807,460.32562255859375,-11.779308470261435,21935140.0,True
2025-02-04,MSFT,407.8516865143663,409.0672770356713,404.9362598096777,407.5354309082031,20532100,0.003528625368363514,0.7494676087120735,426.0790539550781,419.70867080688475,0.020632979273739076,460.32562255859375,-11.468010700115023,21983112.0,False
2025-02-05,MSFT,407.515689607161,408.97831905399164,405.5885389886856,408.4446716308594,16316700,0.0022310715920577096,0.7533707961950962,426.0519769287109,419.76440277099607,0.020464881816632655,460.32562255859375,-11.270489493799701,21925612.0,False
2025-02-06,MSFT,409.14633744300244,413.2971094519946,409.14633744300244,410.94500732421875,16309800,0.006121601937848498,0.7641042342588511,426.1102862548828,419.85794219970705,0.020360800141545187,460.32562255859375,-10.727322750340594,21836204.0,False
2025-02-07,MSFT,411.5972455590395,413.74178783038474,403.3154869234488,404.9461364746094,22886800,-0.014597746030958647,0.7383522886750016,425.96698608398435,419.9124459838867,0.020415664755865683,460.32562255859375,-12.03050262033486,21797648.0,True
2025-02-10,MSFT,408.85969825647294,410.58918143726896,406.10242964328353,407.3871765136719,20817900,0.006028061065883383,0.7488311824251526,425.8371258544922,419.9466751098633,0.020429760756032728,460.32562255859375,-11.500217118195168,21660184.0,False
2025-02-11,MSFT,404.8374480391833,407.6540108795472,404.50140761463905,406.6163330078125,18140600,-0.0018921643839064917,0.7455221063483026,425.5100067138672,419.96972854614256,0.02024550758324589,460.32562255859375,-11.667673255347571,21553818.0,False
2025-02-12,MSFT,402.435914112503,405.93442005448907,399.6292135248499,404.2444763183594,19121700,-0.005833156459574718,0.7353402027983265,425.2342779541016,420.03015853881834,0.020262892155907167,460.32562255859375,-12.182929537687409,21569604.0,False
2025-02-13,MSFT,402.22836193070845,406.18146622486773,401.59585076694265,405.72686767578125,23891700,0.003667066451773726,0.7417038106384224,424.97890625,420.0622283935547,0.020273335092853072,460.32562255859375,-11.860898504702018,21722000.0,True
2025-02-14,MSFT,403.00918147910807,404.11604605641566,401.12157021752904,403.64166259765625,22758500,-0.005139430597904893,0.7327524447815397,424.53319458007815,420.10387115478517,0.019393570199651915,460.32562255859375,-12.313883299798793,21773026.0,True
2025-02-18,MSFT,403.2166759889158,405.78620005413757,401.7342617389566,404.83746337890625,21423100,0.002962530610825409,0.7378857769401876,424.10705017089845,420.2149789428711,0.0194142269836676,460.32562255859375,-12.054110494930041,21835448.0,False
2025-02-19,MSFT,403.09808061190597,410.61884763156144,402.8707662400353,409.90728759765625,24114200,0.012523110327872233,0.7596495122620495,423.65936096191405,420.32386962890627,0.01948235129959333,460.32562255859375,-10.952754417775184,21797544.0,True
2025-02-20,MSFT,411.24417583261857,415.2250013636158,408.52096684547683,412.07598876953125,23508700,0.005290711430345985,0.768959310049977,423.15226501464844,420.4293539428711,0.019537502195720317,460.32562255859375,-10.48163113773249,21833762.0,True
2025-02-21,MSFT,413.27418223243296,413.97725680128366,403.91626425407014,404.2331237792969,27524800,-0.019032569729804827,0.7352914686322634,422.4695343017578,420.45228424072263,0.01729506785704422,460.32562255859375,-12.185395735201986,22007838.0,True
2025-02-24,MSFT,404.5302202614153,405.38182745676596,395.429748735741,400.06414794921875,26443700,-0.010313295929589184,0.7173948941921675,421.6549987792969,420.4205630493164,0.01730581797033825,460.32562255859375,-13.09105373592461,22153824.0,True
2025-02-25,MSFT,397.19236575081766,398.0043843099881,392.835237956153,394.0235290527344,29387400,-0.015099125796323887,0.6914637326427957,420.77281982421874,420.37927627563477,0.017457813244435787,460.32562255859375,-14.403302848391833,22372182.0,True
2025-02-26,MSFT,394.13250979931917,399.66804717869115,390.40913086553707,395.83575439453125,19619000,0.004599282043266761,0.6992432514151767,419.8150128173828,420.3411543273926,0.017153951225064166,460.32562255859375,-14.009619496219491,22380558.0,False
2025-02-27,MSFT,397.3607146060961,401.78716793671936,388.3493932994261,388.70587158203125,21127400,-0.01801222535696867,0.6686360990343785,418.7033422851562,420.25863632202146,0.015662628686471582,460.32562255859375,-15.558497608385071,22386410.0,False
2025-02-28,MSFT,388.83460333794534,393.7561854578909,382.80393739721217,393.1224060058594,32845700,0.011362150012946381,0.6875953927086247,417.72526489257814,420.1863096618652,0.016061122085859424,460.32562255859375,-14.599060590892968,22639768.0,True
2025-03-03,MSFT,394.93461038215554,394.93461038215554,382.39794340981075,384.7052307128906,23007700,-0.02141108002082004,0.651462152712573,416.49345642089844,420.0769091796875,0.01028759858415983,460.32562255859375,-16.427586938434562,22627946.0,True
2025-03-04,MSFT,379.66483152587324,388.755390806373,377.2882188683939,384.8240661621094,29342900,0.00030890000897199066,0.6519722893863629,415.2072991943359,419.9541477966309,0.010289797413620565,460.32562255859375,-16.40177141929004,22760134.0,True
2025-03-05,MSFT,385.54695570418704,397.7568509049982,385.02212029604283,397.1131591796875,23433100,0.03193431517976131,0.7047268931438588,414.5043200683594,419.8570445251465,0.012657918060164029,460.32562255859375,-13.732119239323918,22739906.0,True
2025-03-06,MSFT,390.43881857931865,398.2321421191711,388.8544001591339,393.0234069824219,23304600,-0.01029870731484639,0.6871704098196227,413.72666137695313,419.7497808837891,0.012770296044303967,460.32562255859375,-14.620566893950194,22746724.0,True
2025-03-07,MSFT,388.497925986767,390.9537458547577,381.7839796807534,389.478271484375,22034100,-0.009020163774127177,0.6719518564081886,412.88659912109375,419.6286309814453,0.012835284444346466,460.32562255859375,-15.390703363508894,21902132.0,True
2025-03-10,MSFT,382.08104715568106,382.6355890788174,373.5450301742595,376.4563903808594,32840100,-0.03343416579797065,0.6160515408348124,411.81278259277343,419.4171186828613,0.01436665977290568,460.32562255859375,-18.219544615303022,22175884.0,True
2025-03-11,MSFT,375.30770541349494,382.23950999896846,373.2380702422645,376.74359130859375,30380200,0.0007629062358160965,0.6172844366327155,410.66406677246096,419.1888282775879,0.014193686934374828,460.32562255859375,-18.157153795922156,22640198.0,True
2025-03-12,MSFT,379.2192427611773,381.46711712441265,375.25821149680263,379.5361022949219,24253600,0.007412232220403547,0.6292721244434818,409.5953161621094,418.9672151184082,0.014242474184078294,460.32562255859375,-17.55051561427875,22961386.0,True
2025-03-13,MSFT,379.4271716632625,381.5661320778761,373.7728082450696,375.0799255371094,20473000,-0.01174111429945024,0.6101426542054829,408.5872644042969,418.74064880371094,0.014356549564705766,460.32562255859375,-18.518564434382238,23008492.0,False
2025-03-14,MSFT,376.0801342416101,386.42834111474417,375.81277549488345,384.77459716796875,19952800,0.025846948798917246,0.6517599289476848,407.8857690429688,418.5470002746582,0.015724725262121465,460.32562255859375,-16.41251794125544,23144374.0,False
2025-03-17,MSFT,382.93266210354994,388.8840902907555,381.81366607483056,384.9131774902344,22474300,0.00036015974881298263,0.6523548263887939,407.2528649902344,418.3532568359375,0.01567920906554684,460.32562255859375,-16.382413094713254,23328930.0,False
2025-03-18,MSFT,383.29909421372145,383.59615946585757,377.38725393405446,379.7836608886719,19486900,-0.01332642502657011,0.6303348436776324,406.5750860595703,418.13952697753905,0.015851886730644037,460.32562255859375,-17.496736597509273,23380738.0,False
2025-03-19,MSFT,381.7740797920575,385.8836435250732,380.2589866011294,384.0417785644531,19185500,0.01121195594833524,0.6486140861259819,405.88818725585935,418.01846603393557,0.016101492311005633,460.32562255859375,-16.571713642646653,23431190.0,False
2025-03-20,MSFT,381.98202996781214,387.97310772514027,379.5460042678497,383.0713195800781,18470500,-0.002526962009192224,0.6444481009625225,405.0929333496094,417.8902883911133,0.015735558724279477,460.32562255859375,-16.782533752763698,23389128.0,False
2025-03-21,MSFT,379.4865916093534,387.92357710345186,379.07067004050685,387.4482727050781,39675900,0.011425948384227835,0.6632374800846617,404.49353515625,417.79192092895505,0.01595458903005726,460.32562255859375,-15.831695278756557,23819864.0,True
2025-03-24,MSFT,391.54789342681113,391.54789342681113,386.0123564410982,389.25048828125,21004500,0.004651499834001704,0.6709740289471808,403.88689514160154,417.69001174926757,0.015583206443488583,460.32562255859375,-15.4401864233175,23938862.0,False
2025-03-25,MSFT,390.08236222676067,392.4985634335279,388.81483346341923,391.3102722167969,15775000,0.0052916669280029804,0.6798162669537124,403.43233459472657,417.5593156433105,0.01552295225502384,460.32562255859375,-14.992724054375678,23850340.0,False
2025-03-26,MSFT,391.15183295239507,391.45881045430576,384.7844825194778,386.17083740234375,16108400,-0.013133912343619047,0.6577537073501569,402.90977294921873,417.40041198730466,0.015439009958405272,460.32562255859375,-16.109202165215343,23820412.0,False
2025-03-27,MSFT,386.3292739557081,388.41870337339975,383.62585932715103,386.7748718261719,13766800,0.0015641637465202418,0.6603467055998535,402.42933471679686,417.2478265380859,0.015399656070753128,460.32562255859375,-15.977983220575512,23757030.0,False
2025-03-28,MSFT,384.2992097422753,385.3389984995421,373.2578420054409,375.109619140625,21632000,-0.030160316854269675,0.6102701228710192,401.50528747558593,417.01712615966795,0.01627441683641372,460.32562255859375,-18.512113869377718,23796914.0,False
2025-03-31,MSFT,368.9106086577597,373.396474789069,363.6622247634287,371.73284912109375,35184700,-0.009002088582178769,0.5957743285836985,400.5478991699219,416.7458638000488,0.016070901579233254,460.32562255859375,-19.245675038700075,24194608.0,True
2025-04-01,MSFT,371.0000917512926,379.12021808448793,369.59394254927554,378.4666442871094,19689500,0.018114608870151372,0.6246811563910206,399.6372296142578,416.46701889038087,0.016064508340043696,460.32562255859375,-17.78284202745302,24064448.0,False
2025-04-02,MSFT,374.2877562933966,381.3284750168948,372.95090216784337,378.4171447753906,16092600,-0.00013078962826962304,0.6244686649465196,398.73604553222657,416.1853665161133,0.016063475499912192,460.32562255859375,-17.793595178981633,23864586.0,False
2025-04-03,MSFT,371.13872318254886,373.80251903809335,365.7517184220645,369.4750671386719,30198000,-0.023630212743205203,0.5860821247991628,397.30616943359377,415.85413055419923,0.014961845526245281,460.32562255859375,-19.736150013756344,23912470.0,True
2025-04-04,MSFT,360.5825339787073,370.94062085342546,355.97784180916346,356.3343200683594,49209900,-0.03556599142691408,0.5296715415461741,395.60339904785155,415.4286393737793,0.016488986361294606,460.32562255859375,-22.5908134142582,24528882.0,True
2025-04-07,MSFT,347.4616469003483,367.3856281525139,341.43098078163547,354.3736267089844,50425000,-0.005502398306733047,0.5212546794461128,393.9137933349609,415.0033377075195,0.016458880060379114,460.32562255859375,-23.016749591453166,25226392.0,True
2025-04-08,MSFT,364.6723167446661,370.0097901278565,346.83776558065426,351.10577392578125,35868900,-0.00922148979750892,0.5072264449401878,392.3466033935547,414.5648474121094,0.015113230552842903,460.32562255859375,-23.726649849674654,25230814.0,True
2025-04-09,MSFT,350.0957251156184,389.39905670107095,349.66000929830324,386.68572998046875,50199700,0.10133685828307848,0.6599640375915998,391.24117553710937,414.28417236328124,0.027385878304622486,460.32562255859375,-15.997348174715508,25764974.0,True
2025-04-10,MSFT,378.3379012524662,380.15997201946135,364.21681503291546,377.63482666015625,38024400,-0.02340635461455909,0.6211103306803156,390.0509887695313,413.9686293029785,0.02787927422493467,460.32562255859375,-17.963544031901456,26053834.0,True
2025-04-11,MSFT,376.93173851590154,386.25003769690613,375.1987873888056,384.6656494140625,23839200,0.018618046476506445,0.6512922381604664,389.54180725097655,413.6720944213867,0.02802040918060282,460.32562255859375,-16.436185481919523,25438892.0,False
2025-04-14,MSFT,389.38918941494444,390.80525087459347,380.46695659777833,384.0318908691406,19251200,-0.0016475569000955481,0.648571640239411,389.01856689453126,413.36643417358397,0.027465838266809515,460.32562255859375,-16.573861621127094,25140678.0,False
2025-04-15,MSFT,384.7250835584995,388.0721598970285,380.41745590518724,381.97216796875,17199900,-0.005363416292665346,0.6397296642445249,388.53596130371096,413.047078704834,0.02749311018617737,460.32562255859375,-17.021310730942492,24971094.0,False
2025-04-16,MSFT,376.9614484928254,377.892263018399,364.4148689208335,367.98968505859375,21967800,-0.03660602547173064,0.5797056783884376,387.74504638671874,412.68685470581056,0.028507129926250055,460.32562255859375,-20.058830743936433,24999808.0,False
2025-04-17,MSFT,370.10883089247193,370.6732850580017,363.31567729138493,364.1969909667969,21120200,-0.010306522834173992,0.5634244057428528,386.8600927734375,412.25952377319334,0.028428032703783624,460.32562255859375,-20.88274623026462,25095878.0,False
2025-04-21,MSFT,359.2853342749941,360.9291658129438,352.20499720618693,355.6213684082031,20807300,-0.023546659558688066,0.5266109835150816,385.75361999511716,411.77676193237306,0.028809368101181752,460.32562255859375,-22.745693269998906,25185828.0,False
2025-04-22,MSFT,359.83987920585236,364.18709517298703,356.3541524572501,363.2463684082031,19485000,0.021441343736261498,0.5593435743641808,384.91962463378906,411.3247901916504,0.02914374788318647,460.32562255859375,-21.089257124294367,25117792.0,False
2025-04-23,MSFT,372.3963282706759,376.68416126561135,369.38593623911186,370.74261474609375,20545500,0.020636810137263595,0.5915234516470964,384.1867333984375,410.8768751525879,0.02955063629540931,460.32562255859375,-19.460791105777997,25112344.0,False
2025-04-24,MSFT,372.0398589139721,384.6656455709585,371.53481777720657,383.5268249511719,22232300,0.03448271036722739,0.6464034938728933,383.7249432373047,410.499379119873,0.03057539610544381,460.32562255859375,-16.68358089227291,25194178.0,False
2025-04-25,MSFT,383.229805420361,388.3395397857319,380.8531925160722,388.0325622558594,18973200,0.011748167302928936,0.6657457175670387,383.4007049560547,410.17739349365235,0.03054445206504421,460.32562255859375,-15.704765661514392,25191208.0,False
2025-04-28,MSFT,388.1414373128656,388.91383718504306,382.8732888048125,387.3492431640625,16579400,-0.0017609838922392207,0.6628123661898366,383.0331524658203,409.8189604187012,0.03054814718769328,460.32562255859375,-15.853208211376993,25044962.0,False
2025-04-29,MSFT,387.4878753983452,391.2508732709842,386.5768551213708,390.2012023925781,14974000,0.007362759264015528,0.6750552533433205,382.76434326171875,409.53164321899413,0.02975204406014767,460.32562255859375,-15.233655640598121,24889272.0,False
2025-04-30,MSFT,386.4976013857663,392.7956566127169,380.6947052715702,391.4093017578125,36461100,0.0030960933944506053,0.6802413808485366,382.4957800292969,409.25602752685546,0.02963941326785663,460.32562255859375,-14.971211121755243,25190032.0,True
2025-05-01,MSFT,426.9100091091665,432.7327295827746,420.76051687113977,421.2556457519531,58938100,0.07625353781859867,0.808365730527445,382.7227471923828,409.127625579834,0.0335874627578127,460.32562255859375,-8.487465153358372,25886510.0,True
2025-05-02,MSFT,427.5338469786456,435.15884330772667,425.8008960147878,431.03936767578125,30757400,0.02322514136603182,0.8503652802604322,383.1020147705078,409.06999893188475,0.03377325152975944,460.32562255859375,-6.362073594781208,26031484.0,True
2025-05-05,MSFT,428.652877068793,435.2182909345157,427.9002714913439,431.9207458496094,20136100,0.0020447741898392824,0.8541488594272835,383.65576721191405,409.04631469726564,0.033076200685554766,460.32562255859375,-6.170605179677737,25883710.0,False
2025-05-06,MSFT,427.9894209087166,433.46554517602334,426.9694566129341,429.0885925292969,15104200,-0.006557113423069083,0.8419909950527646,384.23625610351564,409.023975982666,0.0317462003246476,460.32562255859375,-6.785855163932525,25656920.0,False
2025-05-07,MSFT,429.6134515274466,433.8517538131467,426.9100367836598,429.12823486328125,23295300,9.238729407989865e-05,0.8421611716165172,384.93835021972654,409.01788330078125,0.03163862803277652,460.32562255859375,-6.777243361321139,25535078.0,False
2025-05-08,MSFT,433.66356271096413,439.3476626606329,431.41568853142036,433.9012451171875,23491300,0.011122573315239803,0.8626507443063098,385.6996600341797,409.0069567871094,0.03134309489036363,460.32562255859375,-5.740366415958684,25612524.0,False
2025-05-09,MSFT,435.7133964534002,436.4461774951318,431.6335394854884,434.4557800292969,15324200,0.0012780210205656228,0.8650312511115055,386.614658203125,408.9894006347656,0.023475077634182457,460.32562255859375,-5.619900622847464,25496460.0,False
2025-05-12,MSFT,441.5955462250109,444.9921230759706,435.4955548202822,444.8832092285156,22821900,0.024001128949223682,0.9097941066637647,387.6498742675781,409.1024977111816,0.0227936307707318,460.32562255859375,-3.354671687455872,25295984.0,False
2025-05-13,MSFT,443.41763796979524,446.2794975271711,441.021200788799,444.764404296875,23618800,-0.0002670474613925,0.9092841009957977,388.85105773925784,409.2666883850098,0.022729402932762967,460.32562255859375,-3.3804805770371824,25308206.0,False
2025-05-14,MSFT,443.77414887416586,449.47801330220653,443.77414887416586,448.5273742675781,19902800,0.008460591572412302,0.9254377739700235,390.1251239013672,409.4158755493164,0.022640021934141854,460.32562255859375,-2.5630222852767344,25119404.0,False
2025-05-15,MSFT,447.19793132038893,452.5749946823822,446.86062923137035,449.53924560546875,21992300,0.0022559856899324604,0.9297815340349553,391.1736456298828,409.56293472290037,0.02248138907274362,460.32562255859375,-2.3432058578820536,25090588.0,False
2025-05-16,MSFT,448.4678481067336,450.7595407562394,445.1741794982958,450.6702575683594,23849800,0.0025159359810005277,0.9346367408319043,392.3265826416016,409.7344041442871,0.020092345581911156,460.32562255859375,-2.0975076157107386,25101492.0,False
2025-05-19,MSFT,447.3070896149787,455.9480603525366,447.2277066057748,455.2337646484375,21336500,0.010126044493597108,0.9542269585485159,393.6416925048828,409.9511877441406,0.01955318069046994,460.32562255859375,-1.1061426217933632,25087540.0,False
2025-05-20,MSFT,451.9797952414424,454.7080036018212,450.719869916101,454.53936767578125,15441800,-0.0015253635089930162,0.9512460520576556,395.20335205078123,410.17060348510745,0.018156437556235982,460.32562255859375,-1.256991703101641,24739574.0,False
2025-05-21,MSFT,450.9678549991314,454.1524094962116,448.229716398419,448.98370361328125,19216900,-0.012222624612050814,0.9273967040376088,396.648154296875,410.40467391967775,0.018748935149256622,460.32562255859375,-2.4638904265792445,24516308.0,False
2025-05-22,MSFT,451.34489818162797,456.6028878213618,450.3032004241896,451.2555847167969,18025600,0.005060052481264288,0.9371494325122549,398.0825439453125,410.7157717895508,0.018627409739201024,460.32562255859375,-1.9703525933193893,24391748.0,False
2025-05-23,MSFT,446.4142434023006,450.0948358464348,445.3527151156796,446.6126403808594,16883500,-0.01028894598357466,0.917218206639024,399.5131982421875,410.98170013427733,0.018189467192317,460.32562255859375,-2.978974340275591,24319958.0,False
2025-05-27,MSFT,452.86270711658346,457.2972865174385,452.5055441364309,457.0393371582031,20974300,0.02334617481594825,0.9619779180515375,400.9584930419922,411.30557037353515,0.018500563211096596,460.32562255859375,-0.7139045144010687,24340388.0,False
2025-05-28,MSFT,457.56517641086623,458.8548627693229,453.3091629867606,453.7357482910156,17086300,-0.007228237481107569,0.9477962757271721,402.33494445800784,411.59195220947265,0.01868210038933163,460.32562255859375,-1.4315679911429036,24232628.0,False
2025-05-29,MSFT,457.89257129241645,458.0612374989779,451.702028016876,455.0453186035156,13974800,0.0028861960236381545,0.953417997593033,403.8401776123047,411.8684896850586,0.018711914464611477,460.32562255859375,-1.1470801746226948,24122386.0,False
2025-05-30,MSFT,456.07703188956276,458.02149174118404,451.93016282180776,456.7119445800781,34770500,0.0036625494394211255,0.9605724875850725,405.2935809326172,412.149471282959,0.018705643205933785,460.32562255859375,-0.7850264685311208,24434086.0,True
2025-06-02,MSFT,453.51752207653715,458.44810948050275,453.2695031394806,458.3092346191406,16626500,0.0034973686543957605,0.9674293323478234,406.79833923339845,412.4029963684082,0.010099663622437837,460.32562255859375,-0.4380351300554563,24397206.0,False
2025-06-03,MSFT,457.8131864599202,460.4620419695056,457.20800452370844,459.3013000488281,15743800,0.002164620205638901,0.9716880696337902,408.23539978027344,412.64745239257815,0.009098585593113308,460.32562255859375,-0.22252128918486205,23918564.0,False
2025-06-04,MSFT,460.32309699178137,461.9997072455568,459.35085196524574,460.1941223144531,14162700,0.0019438705388599153,0.9755207759841729,409.6542724609375,412.872109375,0.009099179520468959,460.32562255859375,-0.028566787877180713,23781728.0,False
2025-06-05,MSFT,461.2754909786452,465.9283282519781,460.3528678798598,463.97393798828125,20131700,0.008213524446636367,0.9917467641725568,411.1075457763672,413.12829025268553,0.008886765173643502,463.97393798828125,0.0,23868862.0,False
2025-06-06,MSFT,466.3648469522318,469.5890928719542,465.06523024972654,466.6525573730469,15285600,0.005773210875549717,1.003245538252819,412.71718017578127,413.38277404785157,0.008855743491241495,466.6525573730469,0.0,23852406.0,False
2025-06-09,MSFT,465.9779957450024,469.67841894667356,464.90653697170796,469.0038146972656,16469900,0.005038560888757981,1.0133390128724384,414.3617590332031,413.6328877258301,0.008710677951839243,469.0038146972656,0.0,23906468.0,False
2025-06-10,MSFT,467.45617352695865,469.0534009468453,463.25968221899245,467.1883239746094,15375900,-0.0038709508659926506,1.0055454764770233,416.2033331298828,413.8771788024902,0.008854928904074782,469.0038146972656,-0.38709508659926783,23781346.0,False
2025-06-11,MSFT,466.29541399515057,471.7022387212418,465.93828127215454,468.87481689453125,16399200,0.0036098781441582517,1.0127852512596731,418.14617248535154,414.1722640991211,0.007510638364208702,469.0038146972656,-0.027504638276266688,23405636.0,False
2025-06-12,MSFT,471.255819627256,476.61305298608835,469.76770597774697,475.0753173828125,18950600,0.013224213083885772,1.0394027523144338,420.07834594726563,414.4922367858887,0.007829564687509472,475.0753173828125,0.0,23390858.0,False
2025-06-13,MSFT,472.63478039747713,475.38281914376,469.0137102048777,471.1962585449219,16814500,-0.008165144969560445,1.022750733190466,421.9339282226563,414.8090881347656,0.008103978139337949,475.0753173828125,-0.816514496956049,23405296.0,False
2025-06-16,MSFT,471.44428961660435,476.8808754060361,471.23596219473825,475.3431701660156,15626100,0.008800816105585474,1.0405525904207136,424.0512902832031,415.1449479675293,0.008223861529434696,475.3431701660156,0.0,23113858.0,False
2025-06-17,MSFT,471.63279762120845,474.9463269378011,470.3232503868908,474.25189208984375,15414100,-0.002295768919517105,1.0358679532049857,426.40964172363283,415.4913296508789,0.00829576983095448,475.3431701660156,-0.22957689195171174,22437942.0,False
2025-06-18,MSFT,474.21220825159133,477.1884355000323,470.70025162122124,476.4344482421875,17526500,0.004602103204535579,1.0452372276364414,428.8508581542969,415.8361965942383,0.008126532583780698,476.4344482421875,0.0,21779972.0,False
2025-06-20,MSFT,478.4086860483398,479.62891980922967,473.09114443804276,473.616943359375,37576200,-0.005913730405531559,1.0331422460568427,431.30108154296875,416.14715133666994,0.008282085478434752,476.4344482421875,-0.5913730405531609,21814118.0,True
2025-06-23,MSFT,474.42052531416374,483.884936234588,468.76571183115124,482.1488037109375,24864000,0.018014263364494187,1.0697678059347897,433.2103430175781,416.5387380981445,0.008315536702569805,482.1488037109375,0.0,21307404.0,True
2025-06-24,MSFT,485.07541514458467,487.9524285572733,482.9424282150726,486.2261962890625,22305600,0.008456709934241635,1.0872712319008118,435.3821704101563,416.95337478637697,0.008381556910790627,486.2261962890625,0.0,20993028.0,True
2025-06-25,MSFT,488.14098256866794,490.64100267238626,485.5119877675007,488.369140625,17495100,0.004407299220594574,1.0964704607743379,437.456240234375,417.38124130249025,0.0077545285251448106,488.369140625,0.0,20866146.0,False
2025-06-26,MSFT,489.0735074056833,494.09340820956044,488.9048412091741,493.5080871582031,21578900,0.010522668419684411,1.118530924284729,439.64576416015626,417.86779418945315,0.0065978280717398155,493.5080871582031,0.0,20912700.0,True
2025-06-27,MSFT,493.60726767719865,495.3434002058453,489.12309627390664,492.0100402832031,34539200,-0.0030355062338011107,1.112100110457562,441.8465216064453,418.32703201293947,0.006308218550657107,493.5080871582031,-0.3035506233801136,21259486.0,True
2025-06-30,MSFT,493.101351114434,496.79187420420715,491.4048797426009,493.4684143066406,28369000,0.0029641143554672844,1.1183606167151532,444.35609619140627,418.7517428588867,0.006307626001836921,493.5080871582031,-0.008038946593753009,21387510.0,True
2025-07-01,MSFT,492.53583641461546,494.10330273882704,487.08935037246306,488.1508483886719,19945400,-0.010775899254748311,1.0955333761242043,446.8351733398438,419.1062712097168,0.00707364513799509,493.5080871582031,-1.0855422451899737,21364014.0,False
2025-07-02,MSFT,486.107196925814,489.5893925672679,484.82744098086494,487.198486328125,16319600,-0.001950958527861868,1.0914450774136357,449.4667156982422,419.43650909423826,0.007161519325637125,493.5080871582031,-1.2785202500755508,21274260.0,False
2025-07-03,MSFT,489.8969147231798,496.1668406146565,489.5298515465148,494.8870544433594,13984800,0.015781182271687566,1.124450553391524,452.09952941894534,419.7874856567383,0.007685143281560185,494.8870544433594,0.0,21164256.0,False
2025-07-07,MSFT,493.4386378219278,494.7977767455099,491.3056810299541,493.77593994140625,13981600,-0.0022451880524595458,1.1196807623910083,454.56019592285156,420.1292080688477,0.007783683007290054,494.8870544433594,-0.22451880524595413,21032978.0,False
2025-07-08,MSFT,493.2996828844284,494.2520972999508,490.19448127868003,492.6846008300781,11846600,-0.0022101909450218393,1.1149958631636347,456.7433514404297,420.4466845703125,0.007792951397489574,494.8870544433594,-0.4450416703177925,20825264.0,False
2025-07-09,MSFT,496.3354652236218,502.76412671878114,495.77990524850594,499.5200500488281,18659500,0.013873884442975548,1.1443390713665385,458.97310119628906,420.8197413635254,0.008135655104869481,499.5200500488281,0.0,20818990.0,False
2025-07-10,MSFT,499.06366987607214,500.4426696344743,493.8056807647675,497.5061340332031,16492100,-0.004031702061665254,1.1356937351116008,461.1762390136719,421.14386795043947,0.008277038630579311,499.5200500488281,-0.40317020616652716,20817244.0,False
2025-07-11,MSFT,494.5200000462786,501.0280145407016,493.85529597280816,499.3315734863281,16459500,0.0036691797914660818,1.143529979405233,463.35884643554687,421.4939877319336,0.00813339738099465,499.5200500488281,-0.03773153099291538,20846954.0,False
2025-07-14,MSFT,497.5458219138798,499.9764196247383,497.0597144820079,499.033935546875,12058800,-0.0005960727405539545,1.142252279615949,465.51133911132814,421.8512986755371,0.008174606389252381,499.5200500488281,-0.09731631431122881,20358908.0,False
2025-07-15,MSFT,499.03393728805895,504.2720960834484,498.80577924001653,501.811767578125,14927200,0.005566419101750819,1.1541769536259725,467.1224615478516,422.24390151977536,0.007860704522103966,501.811767578125,0.0,19478690.0,False
2025-07-16,MSFT,501.1768265275145,502.70463167926073,497.9129190668174,501.61334228515625,15154400,-0.0003954177757257149,1.15332515376645,468.53394104003905,422.62101379394534,0.007501341689906753,501.811767578125,-0.039541777572575154,19166630.0,False
2025-07-17,MSFT,501.67285674255714,509.3019216630888,501.61333461976557,507.6451721191406,17503100,0.012024859240198138,1.1792185856388695,470.0484295654297,423.0322305297852,0.007657160883732471,507.6451721191406,0.0,19113970.0,False
2025-07-18,MSFT,510.4031281876361,510.56189422136015,503.40900604524023,506.00823974609375,21209700,-0.0032245601119648137,1.172191564312366,471.5868225097656,423.45148712158203,0.007692869300262516,507.6451721191406,-0.32245601119647777,19236080.0,True
2025-07-21,MSFT,502.69466780228106,508.0320701704435,501.54385636100875,506.01812744140625,14066800,1.95405816265648e-05,1.1722340101989368,473.12462036132814,423.8595492553711,0.007713668925961443,507.6451721191406,-0.3205082540118237,19051510.0,False
2025-07-22,MSFT,506.92092641726225,507.1491147296819,501.2660827636719,501.2660827636719,13868600,-0.009391056209314574,1.1518344385093737,474.4719171142578,424.29124282836915,0.007946172364940895,507.6451721191406,-1.2566039639143114,18859056.0,False
2025-07-23,MSFT,502.7343595827018,502.77405108780124,496.7323137246232,501.861328125,16396600,0.001187483817070456,1.1543897070821183,475.82002807617187,424.74346878051756,0.007135484822239318,507.6451721191406,-1.1393477790788875,18880504.0,False
2025-07-24,MSFT,504.73833906736274,509.5995039044367,503.27998658866585,506.8316345214844,16107000,0.00990374455639742,1.1757262324159914,477.0589965820312,425.22345596313477,0.007208237863784869,507.6451721191406,-0.16025713280403633,18746206.0,False
2025-07-25,MSFT,508.409026924469,514.1829150146133,506.3157616392057,509.6392517089844,19125700,0.005539546066714474,1.1877787681090188,478.35649353027344,425.7198483276367,0.0072313181015290495,509.6392517089844,0.0,18656344.0,True
2025-07-28,MSFT,510.0062782539609,510.91897091749235,506.07763679555273,508.43878173828125,14308000,-0.002355528870034207,1.18262539205949,479.5547216796875,426.24239166259764,0.007020482309075254,509.6392517089844,-0.23555288700341723,18544448.0,False
2025-07-29,MSFT,511.4448055642593,513.5182098314434,507.50623361872493,508.50823974609375,16469200,0.00013661036550960404,1.1829235613120699,480.7341015625,426.7397866821289,0.006953090755908804,509.6392517089844,-0.22192402941845196,18433986.0,False
2025-07-30,MSFT,511.08761139494,511.8614594904868,505.40303712186204,509.17291259765625,26380400,0.0013071034048424135,1.1857768681315717,481.90415466308593,427.226943359375,0.006946172665526906,509.6392517089844,-0.09150376658868796,18484598.0,True
2025-07-31,MSFT,550.8301225339796,551.0484106553389,527.6850421089878,529.2723388671875,51617300,0.03947465737521205,1.2720596610997297,483.38492614746093,427.8225862121582,0.010330841927158881,529.2723388671875,0.0,19090214.0,True
2025-08-01,MSFT,530.7605061500977,531.5541546097426,516.7325410439772,519.956787109375,28977600,-0.017600677522182195,1.2320698716935548,484.69327453613283,428.3692839050293,0.011294207165722589,529.2723388671875,-1.7600677522182184,19360930.0,True
2025-08-04,MSFT,524.0839138486996,533.9848111754816,523.9450087012631,531.3955078125,25349000,0.02199936799886193,1.2811739982001136,486.34151062011716,428.95926834106444,0.011715214273884328,531.3955078125,0.0,19483572.0,True
2025-08-05,MSFT,532.9232605080902,533.0423047576313,523.0620248277625,523.5679931640625,19171600,-0.014730110686595022,1.2475720527112433,487.7877587890625,429.5120881652832,0.012320356769513954,531.3955078125,-1.4730110686595033,19506492.0,False
2025-08-06,MSFT,526.6930670104376,527.486715540996,519.8775111011839,520.7802734375,21355700,-0.005324465519207067,1.235604932814649,489.2711114501953,430.0638897705078,0.012402968142031021,531.3955078125,-1.9976146239357235,19595936.0,True
2025-08-07,MSFT,522.6255013664995,523.9053178574718,513.4488005319126,516.7127685546875,16079100,-0.007810405060015513,1.2181439527351978,490.464580078125,430.5923948669434,0.012330091284858964,531.3955078125,-2.7630529505705237,19498032.0,False
2025-08-08,MSFT,518.4587582353118,520.502431840537,515.2940341981842,517.9031982421875,15531000,0.002303851888215913,1.2232542278690417,491.74792907714846,431.1197506713867,0.01226055437340453,531.3955078125,-2.539033426506343,19466926.0,False
2025-08-11,MSFT,518.161083532538,523.4092023083725,515.6015114818953,517.6353149414062,20194400,-0.0005172458901402388,1.2221042587569397,492.9997290039062,431.6427095031738,0.012265850292510604,531.3955078125,-2.5894447109155765,19591318.0,True
2025-08-12,MSFT,519.5996565820958,526.7723446368122,518.5579891899393,525.046142578125,18667000,0.014316696374468973,1.2539174507419775,494.36641296386716,432.15967041015625,0.01254942066188525,531.3955078125,-1.1948473671733293,19269248.0,False
2025-08-13,MSFT,527.8934364066101,528.4787877679453,515.2544004746543,516.454833984375,19619200,-0.01636295917072017,1.2170366915213129,495.5293249511719,432.6480255126953,0.013177864510800455,531.3955078125,-2.81159204556105,19329102.0,True
2025-08-14,MSFT,518.4191046945965,521.7822560401938,516.0182983192124,518.3397216796875,20269100,0.0036496660913614143,1.2251281351576622,496.71009338378906,433.1451641845703,0.01317906747101777,531.3955078125,-2.4568868085763276,19419608.0,True
2025-08-15,MSFT,518.6274679925785,521.9310366989816,514.9667059909838,516.0480346679688,25213300,-0.004421206625439544,1.2152903839040512,497.82717163085937,433.61397857666014,0.013019093391512407,531.3955078125,-2.888145066884254,19640620.0,True
2025-08-18,MSFT,517.4567900842618,518.6770238166106,509.9467697824549,513.0023193359375,23760600,-0.005901999673326719,1.2022157407819258,498.8077392578125,434.0752574157715,0.013074107446440329,531.3955078125,-3.4612992029756553,19713198.0,True
2025-08-19,MSFT,510.91900524319027,511.0777107186651,504.5201046206217,505.7304382324219,21481000,-0.014175142741905788,1.1709990183078705,499.589296875,434.4737438964844,0.013473742471221278,531.3955078125,-4.829749066891606,19837106.0,True
2025-08-20,MSFT,505.82969405156365,506.9507445735079,500.4427296092623,501.71258544921875,27723000,-0.00794465288117896,1.1537511847020343,500.24347229003905,434.84928115844724,0.013426636813895738,531.3955078125,-5.585843675169852,20062168.0,True
2025-08-21,MSFT,500.5200628741361,504.435269171935,499.5561662916726,501.06658935546875,18443300,-0.001287581999107279,1.1509780534460559,500.92103759765627,435.3506950378418,0.013427728690321364,531.3955078125,-5.707409643314606,20123516.0,False
2025-08-22,MSFT,501.0765850227361,507.5158151187978,499.2481684011306,504.037841796875,24324200,0.005929855441425991,1.1637330423606707,501.6242980957031,435.8471406555176,0.01330879485641867,531.3955078125,-5.148268213301872,20282016.0,True
2025-08-25,MSFT,503.44159720621536,504.9917771303553,500.9473838488724,501.0865173339844,21638600,-0.0058553628679332,1.1510636002483117,502.14452209472654,436.3382489013672,0.01329623957857934,531.3955078125,-5.703659521564865,20335776.0,True
2025-08-26,MSFT,501.1858695359189,501.801993130018,495.3727099158942,498.8804931640625,30835700,-0.004402481594713348,1.1415935823391608,502.69820678710937,436.80353256225584,0.01331629879922641,531.3955078125,-6.118797424969999,20616200.0,True
2025-08-27,MSFT,498.8407434548062,504.09746017877256,496.75395340313815,503.5509033203125,17277900,0.009361781469202635,1.1616427134528666,503.2623614501953,437.2491653442383,0.01350032257748365,531.3955078125,-5.239902122396623,20649236.0,False
2025-08-28,MSFT,503.8987080370186,507.8735346885091,502.3187180821136,506.43267822265625,18015600,0.0057229068269799566,1.1740135932951774,503.9059771728516,437.6833166503906,0.013562170855163678,531.3955078125,-4.697598911327596,20701266.0,False
2025-08-29,MSFT,505.4588240002719,506.39291066950057,501.3150539612025,503.501220703125,20961600,-0.005788444635562051,1.161429435973429,504.4473126220703,438.1170626831055,0.010101817739868308,531.3955078125,-5.249251583665504,20769968.0,True
2025-09-02,MSFT,497.32034095368414,502.81553721257154,493.68337117589067,501.9410705566406,18128000,-0.003098602510448023,1.1547320252969655,505.0137951660156,438.5653477478027,0.009482063589058218,531.3955078125,-5.542846490575191,20381004.0,False
2025-09-03,MSFT,500.6194673133705,504.5942937991858,499.1587173668126,502.1696472167969,16345100,0.000455385449735779,1.1557132589093655,505.4142120361328,438.99001953125,0.007816238709509824,531.3955078125,-5.49983207724355,20210626.0,False
2025-09-04,MSFT,501.1262461318779,504.95202275876863,499.983489561643,504.7731628417969,15509500,0.005184534030341359,1.166889627659839,505.7851513671875,439.41700729370115,0.007479553545069344,531.3955078125,-5.0098927407750455,20074704.0,False
2025-09-05,MSFT,505.86625611105876,508.7479993566889,489.27134277765646,491.8847961425781,31994800,-0.02553298718707464,1.1115624625609954,505.85546447753904,439.7712190246582,0.009093377735958873,531.3955078125,-7.435273932323683,20364698.0,True
2025-09-08,MSFT,494.97517595073856,498.04575600626316,491.91457299081776,495.06463623046875,16771000,0.006464603323435236,1.1252128762741083,505.8865954589844,440.1999656677246,0.009222922264708201,531.3955078125,-6.836879696553701,20268540.0,False
2025-09-09,MSFT,498.27429847652155,499.0891451753406,494.5677922273047,495.2733154296875,14410500,0.00042151909861232184,1.1261086940900746,505.95186096191406,440.6260078430176,0.009188133188730987,531.3955078125,-6.797609662059473,19865966.0,False
2025-09-10,MSFT,499.81456783685906,500.06299449245154,493.5939546766565,497.2209777832031,21611800,0.003932500081951451,1.1344696167038215,506.0269122314453,441.0517771911621,0.009276971557236516,531.3955078125,-6.431091254417448,19730822.0,True
2025-09-11,MSFT,499.08915061774627,500.00337405269875,494.7466575341409,497.8569641113281,18881600,0.0012790818500065804,1.1371997780499377,506.2210345458984,441.4920693969727,0.008546871925786102,531.3955078125,-6.311408961516056,19709546.0,False
2025-09-12,MSFT,503.4614629424367,509.32432605160386,500.67909648146514,506.6910095214844,23624900,0.017744143492950837,1.1751225575847584,506.61088500976564,441.98537673950193,0.009007789721171994,531.3955078125,-4.6489851584768145,19855652.0,True
2025-09-15,MSFT,505.58800862213144,512.2259313574772,503.80926524972944,512.1166381835938,17143800,0.010707963157335909,1.1984136897940663,506.9554766845703,442.48540420532225,0.009311417591552656,531.3955078125,-3.627970004539198,19918832.0,False
2025-09-16,MSFT,513.6270820344445,513.9748550906477,505.3991924428879,505.83642578125,19711900,-0.012263246171065223,1.171454001530282,507.1966864013672,442.94518539428714,0.009627028781290004,531.3955078125,-4.8098039323788155,20033438.0,False
2025-09-17,MSFT,507.4064717390096,508.07226852063866,502.74598524416496,506.81024169921875,15816600,0.0019251597321499059,1.1756343973342438,507.47919921875,443.3643751525879,0.009575350753717063,531.3955078125,-4.626547600013967,20112838.0,False
2025-09-18,MSFT,508.270998935228,509.84107240669834,504.4651158521554,505.2501525878906,18913700,-0.0030782509566056326,1.1689372486694256,507.59380126953124,443.80047134399416,0.009078217826313253,531.3955078125,-4.920131021099,20117922.0,False
2025-09-19,MSFT,507.34685812925306,516.0318444319288,507.09843147001845,514.6704711914062,52474100,0.018644860482010195,1.2093767810651022,507.9370880126953,444.2813464355469,0.009745349432605892,531.3955078125,-3.1473801293395742,20837562.0,True
2025-09-22,MSFT,512.3452424901319,514.48167541423,509.3143886623668,511.21240234375,20009300,-0.006718996020213086,1.1945319872659748,508.17470458984377,444.70777221679685,0.009887390797198695,531.3955078125,-3.798132496797752,20908558.0,False
2025-09-23,MSFT,510.5664850795932,511.35155218118825,504.1173383670773,506.0252685546875,19799600,-0.0101467291585281,1.1722646655614604,508.31453125,445.10717514038083,0.010106689806778826,531.3955078125,-4.774266790897346,21063374.0,False
2025-09-24,MSFT,507.16798604562155,509.2547456727144,503.72976965544393,506.9394226074219,13533700,0.001806538348065878,1.1761889449819458,508.4170843505859,445.4804135131836,0.010013659588535609,531.3955078125,-4.602237852132412,21035504.0,False
2025-09-25,MSFT,505.10107733704126,506.8003375404676,501.8616142840625,503.8390808105469,15786500,-0.006115803306297463,1.1628798014370973,508.46159912109374,445.8124549865723,0.010063320625810942,531.3955078125,-5.18567180128972,21048146.0,False
2025-09-26,MSFT,506.8499667801191,510.7055530942258,503.4316137794998,508.24114990234375,16213100,0.008737053673397277,1.18177699835136,508.4735186767578,446.16181243896483,0.010036762446125476,531.3955078125,-4.357273926810488,21022346.0,False
2025-09-29,MSFT,508.28092297827857,513.5972289973041,505.67741655332713,511.36138916015625,17617800,0.0061392889151381524,1.195171557692642,508.58058166503906,446.5146647644043,0.010048022625244376,531.3955078125,-3.7700955988157654,20950508.0,False
2025-09-30,MSFT,510.0099885223437,514.8990082310244,506.45253207823936,514.6903686523438,19728200,0.006510032948821021,1.2094621968615358,508.7540264892578,446.8974542236328,0.010020965213475428,531.3955078125,-3.1436357505021606,21063736.0,False
2025-10-01,MSFT,511.56013673304216,517.2342231556227,508.4697238165545,516.4392700195312,22632300,0.00339796793121816,1.2169698785517102,509.057490234375,447.26102005004884,0.009985240524290175,531.3955078125,-2.814520930847985,21239010.0,True
2025-10-02,MSFT,514.3822683481345,518.3173074331339,507.46604898963056,512.4942016601562,21222900,-0.007638978265974594,1.2000344938331335,509.2701477050781,447.6020440673828,0.010178075457392419,531.3955078125,-3.5569186932255685,21335536.0,False
2025-10-03,MSFT,513.8456285403139,517.2143082734997,511.75886906280147,514.0940551757812,15112300,0.003121700714744602,1.206902343084995,509.41539611816404,447.9623829650879,0.010145766829513538,531.3955078125,-3.2558522573780344,21315642.0,False
2025-10-06,MSFT,515.3461902238155,527.6880704621805,514.9387971845453,525.2435302734375,21388600,0.02168761724708901,1.2547647964035265,509.7274816894531,448.3571223449707,0.009176073429783783,531.3955078125,-1.15770221024021,21360900.0,True
2025-10-07,MSFT,524.9652461341774,526.4657528279373,518.1583800775612,520.682373046875,14615200,-0.008683890354990176,1.2351846661352663,509.972353515625,448.7148745727539,0.00949400346078072,531.3955078125,-2.0160378866817728,21367044.0,False
2025-10-08,MSFT,519.9868090400763,523.6336952116123,519.7980023635643,521.546875,13363400,0.0016603249848197166,1.2388957990821368,510.2331262207031,449.16129837036135,0.009484625934474852,531.3955078125,-1.8533526662733921,21304928.0,False
2025-10-09,MSFT,519.0527457511332,521.0302122328587,514.1438325922749,519.1123657226562,18343600,-0.004667862840408654,1.2284449405780542,510.4319152832031,449.59732849121093,0.009604915625950351,531.3955078125,-2.311487754273186,21144192.0,False
2025-10-10,MSFT,516.3697201998212,520.2849266906686,506.42270727517143,507.74432373046875,24133800,-0.021899000568715077,1.179644223556985,510.00135498046876,449.97864318847655,0.010942278772932443,531.3955078125,-4.4507685394992915,20594522.0,True
2025-10-13,MSFT,513.1600441163425,513.1600441163425,508.45983088995337,510.8149108886719,14284200,0.006047506618376497,1.1928256364246521,509.8185174560547,450.38198165893556,0.010327440434482209,531.3955078125,-3.872933929861123,20300654.0,False
2025-10-14,MSFT,507.0188839999062,512.0371200755203,502.8154945413961,510.3378601074219,14684300,-0.0009339014407783175,1.1907777534034194,509.3973645019531,450.76277404785156,0.010057457686441756,531.3955078125,-3.9627071353618217,20087360.0,False
2025-10-15,MSFT,511.71919177145384,513.93513816427,506.7903850161382,510.19879150390625,14694700,-0.0002725030110177773,1.190180759869146,509.12998046875,451.1488998413086,0.009666200585557923,531.3955078125,-3.988877586837429,19997822.0,False
2025-10-16,MSFT,509.3541552294708,513.597241245564,504.93214864922606,508.3902282714844,15559600,-0.0035448206905602797,1.1824169617954947,508.8821795654297,451.56343841552734,0.009698205905918453,531.3955078125,-4.3292198000915185,19881900.0,False
2025-10-17,MSFT,505.8364332653001,512.235876086287,504.1173098719632,510.3478698730469,19867800,0.0038506672486968707,1.1908207233132813,508.7548815917969,452.0159309387207,0.009699215881013109,531.3955078125,-3.96082346011846,19957674.0,False
2025-10-20,MSFT,511.37132460679527,515.4356111738924,510.19875812962454,513.53759765625,14665600,0.006250105019536267,1.2045135829129658,508.6675695800781,452.5008270263672,0.008884187334773327,531.3955078125,-3.3605685207544256,19940366.0,False
2025-10-21,MSFT,514.2431942660954,515.4257076122852,509.81124074780416,514.4021606445312,15586200,0.0016835437020132904,1.2082249778714815,508.6029064941406,453.0044747924805,0.00875795169923889,531.3955078125,-3.19787181452139,19848202.0,False
2025-10-22,MSFT,517.870184130928,521.9244631183706,514.4518312300626,517.2639770507812,18962700,0.005563383331563365,1.2205101799057134,508.44726318359375,453.49886108398437,0.008484751024861042,531.3955078125,-2.659324468114432,19854116.0,False
2025-10-23,MSFT,519.1720024577996,520.6526156742948,515.3461954332505,517.283935546875,14023500,3.858474005391521e-05,1.2205958577137923,508.46384521484373,453.9711106872559,0.008485962055173513,531.3955078125,-2.6555686034523633,19742202.0,False
2025-10-24,MSFT,519.499850577073,522.0437370421222,517.4329845218087,520.314697265625,15532400,0.005858990605509318,1.2336063079827704,508.5033447265625,454.48559326171875,0.008385870495865621,531.3955078125,-2.08522849440135,19647468.0,False
2025-10-27,MSFT,528.4333612309177,531.2157277722118,525.6807743511338,528.1749877929688,18734700,0.015106800881565352,1.2673489537252745,508.7458837890625,455.02855575561523,0.00876482076063686,531.3955078125,-0.6060495379023024,19517896.0,False
2025-10-28,MSFT,546.5385938392855,550.2351530342114,537.3667019364588,538.6585083007812,29986700,0.019848574336355673,1.312352597979749,509.2590075683594,455.6516567993164,0.009572060833017466,538.6585083007812,0.0,19642418.0,True
2025-10-29,MSFT,541.5104645203966,542.8321112501552,533.3521116884923,538.1417846679688,36023000,-0.0009592786985627155,1.310134407388941,509.9072344970703,456.2808711242676,0.009555264046943531,538.6585083007812,-0.09592786985627023,19933258.0,True
2025-10-30,MSFT,527.1414377363435,531.6031704966998,518.8340654321457,522.451171875,41023100,-0.029157023743565658,1.2427777636218735,510.32200622558594,456.8391430664062,0.011737331634307206,538.6585083007812,-3.0088332730337646,20199260.0,True
2025-10-31,MSFT,525.5515477587454,525.9887810857076,511.85824179468614,514.5512084960938,34006400,-0.015120960204863643,1.208864810309794,510.5916986083984,457.3053392028809,0.012108175126080744,538.6585083007812,-4.475432845335516,20510522.0,True
2025-11-03,MSFT,516.5385956979154,521.6562086548496,511.3514766558802,513.776123046875,22374700,-0.0015063329682659665,1.205537524423582,510.7864642333984,457.7762084960938,0.01209561271829924,538.6585083007812,-4.619324650119921,20471532.0,True
2025-11-04,MSFT,508.53933673798264,512.3054631947169,504.64399323613884,511.0931701660156,20958700,-0.005222027183646616,1.1940201475164893,510.9865972900391,458.21167373657227,0.0110695329131036,538.6585083007812,-5.117405129591572,20457934.0,True
2025-11-05,MSFT,510.0695738143288,511.58997398954807,503.39186440425516,503.9682312011719,23024300,-0.013940587315086628,1.1634342180789763,511.0883520507812,458.61413314819333,0.011303227790962045,538.6585083007812,-6.440124228064488,20301706.0,True
2025-11-06,MSFT,502.47768369906356,502.51744045426454,492.6896676102462,493.9715576171875,27406500,-0.01983592013361246,1.1205205097148374,510.8967651367187,458.87914657592773,0.011957947851760154,538.6585083007812,-8.295970451587301,20504278.0,True
2025-11-07,MSFT,493.8225155697467,496.2372153715257,490.1457889557352,493.6933288574219,24019800,-0.0005632485423001654,1.1193261296288228,510.64197814941406,459.1402490234375,0.011954541865932249,538.6585083007812,-8.347622612553497,20624362.0,True
2025-11-10,MSFT,496.8930687697553,503.66020845333964,495.66085193460816,502.8155517578125,26101500,0.018477508945690335,1.1584859971478747,510.6282647705078,459.46005722045896,0.011894832331306514,538.6585083007812,-6.654114989483173,20727160.0,True
2025-11-11,MSFT,501.6230817360039,506.39289163210333,499.18851875070465,505.4786682128906,17980000,0.005296408286832088,1.1699182202701799,510.69901672363284,459.84012420654295,0.01187560003860502,538.6585083007812,-6.159717070571798,20724200.0,False
2025-11-12,MSFT,506.1543908722183,508.4498810705414,495.9788447581273,507.9232177734375,26574900,0.004836108255941829,1.180412179689947,510.8140881347656,460.16995468139646,0.01193004341787591,538.6585083007812,-5.705895303556866,20928796.0,True
2025-11-13,MSFT,507.098398329558,510.26832472026865,498.1351759673349,500.1225891113281,25273100,-0.015357889517838341,1.1469256503309198,510.72107666015626,460.48484680175784,0.012382879748009211,538.6585083007812,-7.1540537456683175,21124068.0,True
2025-11-14,MSFT,495.0944921195485,508.3803456334317,494.30945534799014,506.9692687988281,28505700,0.013690002884424679,1.1763170686765956,511.02276611328125,460.969069519043,0.012762479485722834,538.6585083007812,-5.882992473639382,21054286.0,True
2025-11-17,MSFT,505.2501533046029,508.8970396915909,501.73242330739504,504.2961730957031,19092800,-0.005272697710964613,1.1648420066502512,511.20739685058595,461.43958084106447,0.012778140673243748,538.6585083007812,-6.379243003786465,21100722.0,False
2025-11-18,MSFT,492.2524466910109,499.8145698875434,483.71651040889276,490.6824035644531,33815100,-0.026995583662036693,1.1064008331446331,511.11557861328123,461.8624806213379,0.013910634702626146,538.6585083007812,-8.906589981780956,21488814.0,True
2025-11-19,MSFT,487.0156390818261,492.0736023312663,479.79137227085766,484.05438232421875,23245300,-0.013507762234974408,1.0779480715189633,510.85224670410156,462.245075378418,0.014099237502397808,538.6585083007812,-10.137058105480092,21521484.0,True
2025-11-20,MSFT,490.5255566668064,491.3817596467919,473.39186588492817,476.3088684082031,26802500,-0.016001330013427517,1.0446981386758232,510.42128479003907,462.5843963623047,0.014244494600611939,538.6585083007812,-11.574984694711764,21679902.0,True
2025-11-21,MSFT,476.3785437287191,476.796695003642,466.19388806310616,470.0268249511719,31769200,-0.013189012159327329,1.0177305900626736,509.6880010986328,462.87980545043945,0.014357202249967432,538.6585083007812,-12.74122329676192,21842788.0,True
2025-11-24,MSFT,472.8940955697233,474.7856658755464,465.9450303435204,471.8985290527344,34421000,0.0039821218751865395,1.025765439183595,508.8836389160156,463.2145674133301,0.01429550823019899,538.6585083007812,-12.393748213249943,22188332.0,True
2025-11-25,MSFT,471.9681767111092,477.0256407210385,462.82888433135173,474.8752136230469,28019800,0.0063078911822160855,1.0385437471346592,508.26441467285156,463.55200759887697,0.01381155436717623,538.6585083007812,-11.841137510097298,22354490.0,True
2025-11-26,MSFT,484.1539100429923,486.14504291080743,479.06658014921754,483.3475036621094,25709100,0.017841087081432283,1.0749135836465982,507.7951599121094,463.93566345214845,0.013637094729164764,538.6585083007812,-10.268287567414937,22552340.0,True
2025-11-28,MSFT,485.4382224868377,490.44592067381114,484.49242217644115,489.82867431640625,14386700,0.013408925473271216,1.1027359452531935,507.4867303466797,464.3635844421387,0.014201720839770638,538.6585083007812,-9.065081722817405,22461800.0,False
2025-12-01,MSFT,486.27447583839387,487.68816317334665,482.5012705124726,484.5820007324219,23964000,-0.010711242234453744,1.0802130311884937,506.8849609375,464.7578601074219,0.013121539622134687,538.6585083007812,-10.039107660054563,21891598.0,True
2025-12-02,MSFT,484.56211884124775,491.312058367048,484.16389832530854,487.82757568359375,19562700,0.006697679538790746,1.0941456314438107,506.4172644042969,465.17878967285156,0.013018319550674144,538.6585083007812,-9.436578432137944,21882666.0,False
2025-12-03,MSFT,474.2082166599713,482.09308589504883,473.0931871020635,475.6119689941406,34615100,-0.025040828559835693,1.0417064897074972,505.80899841308593,465.53266220092775,0.013914656390918753,538.6585083007812,-11.704361545410901,22178976.0,True
2025-12-04,MSFT,477.6329620200481,479.186043226252,474.3774403367437,478.7081604003906,22318200,0.006509910616417036,1.0549978164604514,505.2443731689453,465.8766665649414,0.014079808487101768,538.6585083007812,-11.129564831252045,22354666.0,False
2025-12-05,MSFT,480.3807061976695,481.2568095233099,476.7568601661199,481.01788330078125,22608700,0.004824908141233264,1.0649129921553082,504.78794921875,466.2213760375977,0.013946760606566029,538.6585083007812,-10.700773145091414,22491110.0,True
2025-12-08,MSFT,482.74025101921535,490.11737199051475,482.2325023858298,488.8430480957031,21965900,0.01626792904501806,1.0985048501958268,504.39998718261717,466.64442565917966,0.01387933562255627,538.6585083007812,-9.248059658840791,22606166.0,False
2025-12-09,MSFT,486.93155551686203,489.93815525049575,486.33420957194573,489.8385925292969,14696100,0.0020365318428314794,1.102778522145587,503.96953125,467.0932978820801,0.013889441806085052,538.6585083007812,-9.063240442537268,22547732.0,False
2025-12-10,MSFT,481.88401246545567,482.10303829287767,472.973680864489,476.4382629394531,35756200,-0.0273566227614912,1.045253603364284,503.20448913574216,467.5053715515137,0.014386643609644569,538.6585083007812,-11.5509630689032,22868292.0,True
2025-12-11,MSFT,474.51683677020293,483.8751552220924,473.750231167373,481.3265075683594,24669200,0.010259974920459936,1.0662378540407818,502.5022338867187,467.9328253173828,0.014560233029647643,538.6585083007812,-10.643478168251319,22909030.0,True
2025-12-12,MSFT,477.69270598810584,480.31105063829824,474.22812377070755,476.4084167480469,21248100,-0.010217785106327315,1.0451254796696343,501.78051818847655,468.3713380432129,0.014565674197443916,538.6585083007812,-11.556503906176967,22909534.0,False
2025-12-15,MSFT,477.97146396596463,478.588710310573,470.42505317808707,472.7148742675781,23727700,-0.007752890903315213,1.0292698449421653,500.9529345703125,468.7693003845215,0.014334301218999286,538.6585083007812,-12.242196682500166,23081842.0,True
2025-12-16,MSFT,469.8177748762136,475.7712732838117,468.79234263095657,474.2779235839844,20705600,0.0033065371992535564,1.0359797011717902,499.9336224365234,469.21716384887696,0.013917991378988862,538.6585083007812,-11.95202224130607,23068182.0,False
2025-12-17,MSFT,474.79560024235434,477.8718969329872,472.8940646732686,474.00909423828125,24527200,-0.0005668181720785981,1.034825670879183,499.0001568603516,469.6630889892578,0.013918743585215726,538.6585083007812,-12.001929435114473,23266422.0,True
2025-12-18,MSFT,476.06992080908344,487.4293375934554,475.7712630284666,481.8342590332031,28573500,0.016508469753089283,1.0684175289197015,498.2059045410156,470.0866944885254,0.013372430263953133,538.6585083007812,-10.54921594886385,23570624.0,True
2025-12-19,MSFT,485.1992432324443,485.68709144559693,480.35083955461556,483.7656555175781,70836100,0.004008424988813264,1.0767086254299225,497.49897033691406,470.5404057312012,0.013082012732362064,538.6585083007812,-10.190659190804341,24620474.0,True
2025-12-22,MSFT,483.9647726311972,486.5632169440421,480.5499868948874,482.7701110839844,16963000,-0.0020579063896725147,1.0724349534801623,496.9994860839844,471.0068649291992,0.012570248768036835,538.6585083007812,-10.375478407107863,24477058.0,False
2025-12-23,MSFT,482.829854335465,485.66719456773416,482.5908977144131,484.6915588378906,14683600,0.003980047044735091,1.0806833420921667,496.4770190429688,471.54804077148435,0.012172591311781692,538.6585083007812,-10.018768594806275,24485046.0,False
2025-12-24,MSFT,483.5267014178325,486.99128356758627,482.680463867149,485.8563232421875,5855900,0.002403104372375564,1.0856834413290772,495.98738830566407,472.09360443115236,0.012161591709988814,538.6585083007812,-9.802534304184714,24308478.0,False
2025-12-26,MSFT,484.5521629916047,485.95591540329985,483.8054881161676,485.5477294921875,8842200,-0.000635154335217325,1.0843587104494259,495.4943670654297,472.6236625671387,0.012117500970878159,538.6585083007812,-9.859823615547022,24191428.0,False
2025-12-29,MSFT,482.71034015280554,486.1848877649252,482.0333622504328,484.9404296875,10893400,-0.0012507520225100155,1.081751694576695,495.02537109375,473.17296508789065,0.011501518380363522,538.6585083007812,-9.972566623469287,24098104.0,False
2025-12-30,MSFT,483.77560983811236,487.5089841188462,483.3475235456682,485.3187561035156,13944500,0.0007801502882722744,1.0833757737613303,494.52478881835935,473.67568588256836,0.011100614582686016,538.6585083007812,-9.902331695368167,23979638.0,False
2025-12-31,MSFT,485.6771523949816,485.97584057107747,481.15727202744546,481.4758605957031,15601600,-0.007918291760792395,1.0668789965373215,493.88355407714846,474.1584992980957,0.010986809608315605,538.6585083007812,-10.615751319971341,23998358.0,False
2023-01-03,NVDA,14.81807613433421,14.96275513554216,14.06474980589438,14.28326416015625,401277000,,,,,,14.28326416015625,0.0,,False
2023-01-04,NVDA,14.5347061931835,14.820071447404848,14.209428703147058,14.716301918029785,431324000,0.030317842827657815,0.030317842827657815,,,,14.716301918029785,0.0,,False
2023-01-05,NVDA,14.458875319901486,14.5317134417493,14.11663529978249,14.233376502990723,389168000,-0.032815677316826664,-0.0034927350363435083,,,,14.716301918029785,-3.281567731682665,,False
2023-01-06,NVDA,14.441911689218768,14.976723649540899,14.002887570575863,14.826058387756348,405044000,0.04164028715470924,0.03800211362849715,,,,14.826058387756348,0.0,,False
2023-01-09,NVDA,15.250114184790577,16.020401941381497,15.1074306292161,15.593351364135742,504231000,0.051752998424250185,0.09172183537948109,,,,15.593351364135742,0.0,,False
2023-01-10,NVDA,15.472619594978903,15.926610744079499,15.437697345288079,15.87372875213623,384101000,0.01798057271032505,0.11135161921997128,,,,15.87372875213623,0.0,,False
2023-01-11,NVDA,15.804881372380587,15.992464284529852,15.528495081310508,15.965523719787598,353285000,0.005782823247437285,0.11777836919967366,,,,15.965523719787598,0.0,,False
2023-01-12,NVDA,16.06430389569738,16.600112025362304,15.45765118323187,16.47439193725586,551409000,0.031872942372543234,0.15340525474645017,,,,16.47439193725586,0.0,,False
2023-01-13,NVDA,16.241910621869895,16.884483841910928,16.129162184625386,16.861534118652344,447287000,0.023499634030254235,0.1805098561215639,,,,16.861534118652344,0.0,,False
2023-01-17,NVDA,16.861536645437063,17.688699300985697,16.861536645437063,17.662755966186523,511102000,0.04751773129871162,0.23660500626022918,,,,17.662755966186523,0.0,,False
2023-01-18,NVDA,17.62783226446367,17.833374940410984,17.243685577032387,17.338476181030273,439624000,-0.018359523608719397,0.21390152745313395,,,,17.662755966186523,-1.8359523608719348,,False
2023-01-19,NVDA,16.998231918602517,17.158876197897794,16.693909676604797,16.727832794189453,452932000,-0.03521897659662354,0.17114915796715646,,,,17.662755966186523,-5.293189657304227,,False
2023-01-20,NVDA,16.973286475081306,17.816414337109105,16.787699916065623,17.79945182800293,564967000,0.06406203642743913,0.24617535798681311,,,,17.79945182800293,0.0,,False
2023-01-23,NVDA,18.0239511412495,19.202334514054723,17.77849813911899,19.150449752807617,655163000,0.0759010972843126,0.3407614350666832,,,,19.150449752807617,0.0,,False
2023-01-24,NVDA,18.785263196880425,19.451783519320056,18.77827874521834,19.222291946411133,496204000,0.003751462473772005,0.3457912512766166,,,,19.222291946411133,0.0,,False
2023-01-25,NVDA,18.871066291562546,19.32705376410107,18.538804434903298,19.2801570892334,449537000,0.0030103144299120643,0.3498425060999839,,,,19.2801570892334,0.0,,False
2023-01-26,NVDA,19.65731889361707,20.121288041674845,19.23525643990055,19.758094787597656,489535000,0.02478909773152993,0.3833038839058698,,,,19.758094787597656,0.0,,False
2023-01-27,NVDA,19.418847510363385,20.582262546471917,19.36197468608303,20.31984519958496,542142000,0.028431405863075465,0.4226331580611662,,,,20.31984519958496,0.0,,False
2023-01-30,NVDA,19.90577336731511,20.095350783793005,19.107545755024255,19.11952018737793,488611000,-0.05907156282034809,0.33859599409444585,,,,20.31984519958496,-5.907156282034808,,False
2023-01-31,NVDA,19.127497873404206,19.64335181995639,18.907986325068734,19.493684768676758,498017000,0.01956976836405344,0.364792007631924,,,,20.31984519958496,-4.065781125759155,,False
2023-02-01,NVDA,19.647343286751223,21.14501488817615,19.567520729990026,20.896568298339844,660477000,0.0719660518937546,0.46301070007734446,,,,20.896568298339844,0.0,,False
2023-02-02,NVDA,20.953438165318428,21.90033342006355,20.654104095633148,21.660865783691406,564276000,0.036575263193444174,0.5165207014874984,,,0.03531468635734469,21.660865783691406,0.0,,False
2023-02-03,NVDA,20.953443971002155,21.696793177822467,20.742911306722025,21.05322265625,429366000,-0.0280525780229387,0.4739783861856186,,,0.036779690005275555,21.660865783691406,-2.8052578022938692,,False
2023-02-06,NVDA,20.759872338931974,21.522178471104034,20.739916222678673,21.042245864868164,452197000,-0.0005213829521998337,0.4732098789831505,,,0.03519698878689265,21.660865783691406,-2.8559334839192108,,False
2023-02-07,NVDA,21.334593701458743,22.20965010200628,21.103107721044175,22.12384033203125,664150000,0.051401094451087204,0.5489344791190383,,,0.035568207103862284,22.12384033203125,0.0,,False
2023-02-08,NVDA,22.337368891274036,22.82728150904177,21.95920939412325,22.155773162841797,559651000,0.0014433674412446251,0.5511701607148198,,,0.03500101314944265,22.155773162841797,0.0,,False
2023-02-09,NVDA,22.555880179506847,22.968961841072108,22.07095764976335,22.2874755859375,523876000,0.00594438398189534,0.560390911771367,,,0.03509022708306818,22.2874755859375,0.0,,False
2023-02-10,NVDA,21.641914381705053,22.029052780138088,20.764863390521825,21.21785545349121,550737000,-0.04799198223782586,0.4855046588495706,,,0.03779752359132347,22.2874755859375,-4.799198223782581,,False
2023-02-13,NVDA,21.490248862723064,21.999118385629707,20.915525681631326,21.739694595336914,474919000,0.024594339564125933,0.522039664853408,,,0.03766155228441249,22.2874755859375,-2.457797378121252,,False
2023-02-14,NVDA,21.530159368940577,22.99789874171555,21.318629492503824,22.920072555541992,675474000,0.05429597711360046,0.6046802956622808,,,0.038638346586753546,22.920072555541992,0.0,,False
2023-02-15,NVDA,22.499008003095835,22.804329348665444,22.056991258302702,22.713531494140625,420575000,-0.009011361587135336,0.5902199412863167,,,0.03825837520286469,22.920072555541992,-0.9011361587135389,,False
2023-02-16,NVDA,22.08393046172455,22.500005788164945,21.878387788866807,21.953222274780273,412026000,-0.03347384441545287,0.5369891663853479,,,0.039007486874265605,22.920072555541992,-4.218356108684908,,False
2023-02-17,NVDA,21.583041248476633,21.69179883261227,20.92849556480954,21.340579986572266,465888000,-0.02790671367236175,0.4940968498015099,,,0.03859519022765985,22.920072555541992,-6.891307019827958,,False
2023-02-21,NVDA,20.953439640659408,21.446343845986352,20.57228662621733,20.60920524597168,410015000,-0.03427154937029708,0.4428918358495322,,,0.037969785620657955,22.920072555541992,-10.08228618810176,,False
2023-02-22,NVDA,20.66109585965175,21.05721512005145,20.375728683689406,20.707990646362305,513184000,0.004793265883454412,0.4498080000598246,,,0.034603581921209624,22.920072555541992,-9.651286678168974,,False
2023-02-23,NVDA,23.388031723311734,23.83503841711281,22.97395090605858,23.611534118652344,1117995000,0.14021367509165317,0.6530909079254923,,,0.045570869113630896,23.611534118652344,0.0,,False
2023-02-24,NVDA,23.173511315975173,23.421959839225643,22.89612775467356,23.234375,589716000,-0.015973511791188555,0.6266852408158379,,,0.045920001533801824,23.611534118652344,-1.5973511791188542,,False
2023-02-27,NVDA,23.617520428698207,23.827053916300855,23.401999726272685,23.448894500732422,452994000,0.009232850065147957,0.6417041817474796,,,0.045792976925944286,23.611534118652344,-0.6888142765422509,,False
2023-02-28,NVDA,23.320184085898383,23.772180806302725,23.15455174201123,23.16452980041504,455963000,-0.01212699815372964,0.6217952381664575,,,0.04579447724645875,23.611534118652344,-1.8931608424553228,,False
2023-03-01,NVDA,23.14058460599458,23.204443804026024,22.458100964699696,22.647680282592773,460026000,-0.022312109171885974,0.5856095657580427,,,0.04379262584311968,23.611534118652344,-4.082131348247114,,False
2023-03-02,NVDA,22.438146710867823,23.328167510652396,22.38226919901642,23.262313842773438,389415000,0.02713891897586862,0.6286412952905125,,,0.043915199487130165,23.611534118652344,-1.4790240825691778,,False
2023-03-03,NVDA,23.268298244670323,23.8470122834048,23.07871895003249,23.837034225463867,412393000,0.024706071226400006,0.6688786231342163,,,0.04170000497646172,23.837034225463867,0.0,,False
2023-03-06,NVDA,23.838034225602097,24.19424120106475,23.434928663312892,23.501781463623047,437429000,-0.0140643655024284,0.6454069041992672,,,0.0413720266757573,23.837034225463867,-1.406436550242845,,False
2023-03-07,NVDA,23.551677824513874,24.07560247170694,23.193411743392723,23.24031639099121,515154000,-0.011125329926011895,0.6271012095275124,,,0.04086440557994163,23.837034225463867,-2.503322472202576,,False
2023-03-08,NVDA,23.438905826491442,24.150447084590173,23.37603510396069,24.131484985351562,513573000,0.03834580301608126,0.689493711995282,,,0.04145512850705016,24.131484985351562,0.0,,False
2023-03-09,NVDA,24.125499097663184,24.403929057492398,23.33512096029611,23.38801383972168,501257000,-0.030809175070709016,0.6374418044415573,,,0.04096366887834716,24.131484985351562,-3.080917507070904,,False
2023-03-10,NVDA,23.36106747628327,23.57862150456227,22.679465442665016,22.91797637939453,474866000,-0.020097365408979218,0.6045335381617569,,,0.04128385980696756,24.131484985351562,-5.028735723034295,,False
2023-03-13,NVDA,22.705413316762304,23.250294843227117,22.25134506080111,22.918973922729492,421890000,4.3526676109850726e-05,0.60460337817338,,,0.04127850879887616,24.131484985351562,-5.024601939574361,,False
2023-03-14,NVDA,23.447890629973315,24.169409811888126,23.411963139447696,24.013729095458984,474910000,0.04776632568370731,0.6812493857283866,,,0.04075349624975206,24.131484985351562,-0.4879761438803249,,False
2023-03-15,NVDA,23.71234578983034,24.236270399989948,23.31216782093887,24.178390502929688,524486000,0.006856969478423958,0.6927776614519452,20.412385272979737,,0.04054659790512368,24.178390502929688,0.0,499476760.0,True
2023-03-16,NVDA,23.977806480435152,25.535609338613927,23.84507746574005,25.488706588745117,583253000,0.05419368529334734,0.7845155213082804,20.636494121551515,,0.04054048878429309,25.488706588745117,0.0,503116280.0,True
2023-03-17,NVDA,25.92880271607246,26.344948734040642,25.61544454374299,25.67232894897461,848547000,0.0072040674009945516,0.7973712914019062,20.85561466217041,,0.04039814745185101,25.67232894897461,0.0,511460740.0,True
2023-03-20,NVDA,25.56254574623798,25.97070859788831,25.078538313099365,25.846961975097656,432747000,0.006802383471719242,0.8095977001670811,21.087886371612548,,0.03934342859706209,25.846961975097656,0.0,512332320.0,False
2023-03-21,NVDA,26.12639693275394,26.337962757604163,25.329033093000934,26.145357131958008,547408000,0.01154468974527223,0.8304889441792682,21.314272346496583,,0.038449576721102385,26.145357131958008,0.0,515179600.0,True
2023-03-22,NVDA,26.370891881444173,27.53250995771594,26.183277100976117,26.41380500793457,797295000,0.010267516126158949,0.8492835189323846,21.53068141937256,,0.03706672391743034,26.41380500793457,0.0,521040880.0,True
2023-03-23,NVDA,27.059477978352234,27.442692460706514,26.635348987272323,27.13532257080078,564889000,0.02731592675305472,0.8997984120811728,21.75591329574585,,0.03715816614867237,27.13532257080078,0.0,524656640.0,True
2023-03-24,NVDA,26.975653609349873,27.111374826778054,26.301037139360137,26.72416877746582,454920000,-0.015151977363165314,0.8710127095467415,21.971086196899414,,0.023721022488133865,27.13532257080078,-1.5151977363165265,526689340.0,False
2023-03-27,NVDA,26.782050151047695,26.944716509158773,26.3110164665487,26.47667694091797,361026000,-0.009260974161955593,0.8536853091869385,22.171131896972657,,0.023451281688453108,27.13532257080078,-2.4272629454258055,522881680.0,False
2023-03-28,NVDA,26.392849502534016,26.45871435039119,25.7970717555382,26.355924606323242,356104000,-0.004560705819094402,0.8452311958105598,22.361019706726076,,0.023563768865685113,27.13532257080078,-2.872263495095568,521058020.0,False
2023-03-29,NVDA,26.770074250919894,27.02255456693602,26.542540461107045,26.928747177124023,393694000,0.0217341102373374,0.8853356540336805,22.546339530944824,,0.02343087284292981,27.13532257080078,-0.7612785627949203,518709860.0,False
2023-03-30,NVDA,27.1732450978703,27.4426926938408,27.046504340175957,27.326929092407227,364516000,0.014786499819845256,0.9132131693423975,22.746108589172362,,0.022452514135547632,27.326929092407227,0.0,517207700.0,False
2023-03-31,NVDA,27.08442659853217,27.77700578403353,27.049498418004845,27.720123291015625,433933000,0.014388524860543095,0.9407414845929991,22.965954399108888,,0.02211358453605238,27.720123291015625,0.0,516827720.0,False
2023-04-03,NVDA,27.45267208283813,27.94266591204821,27.280025990589856,27.907737731933594,398716000,0.006768167621346022,0.9538767482704245,23.1681201171875,,0.02180519335303107,27.907737731933594,0.0,513502700.0,False
2023-04-04,NVDA,27.908735793018696,27.94266656976958,27.251084780335454,27.396785736083984,368592000,-0.018308613932004558,0.9181039732156209,23.33304683685303,,0.022036034494989157,27.907737731933594,-1.8308613932004583,507771280.0,False
2023-04-05,NVDA,26.774064682882994,26.942717354778598,26.340953337844432,26.825958251953125,515015000,-0.020835564055933342,0.8781391950157464,23.485120162963867,,0.022543692195179925,27.907737731933594,-3.8762707689582316,508147500.0,True
2023-04-06,NVDA,26.529564526400943,27.024549174224266,26.372886420842022,26.981637954711914,397654000,0.005803323083433787,0.889038643560083,23.63914978027344,,0.021376370189348595,27.907737731933594,-3.318433712245993,507109840.0,False
2023-04-10,NVDA,26.768080783046805,27.56444724045996,26.61439676276979,27.522533416748047,395279000,0.02004679860222036,0.9269078207993435,23.794438552856445,,0.019880229982847646,27.907737731933594,-1.3802778243281775,505224720.0,False
2023-04-11,NVDA,27.66722897395978,27.733093806913427,27.070452054276757,27.113365173339844,314378000,-0.014866663515765488,0.8982611306016228,23.930308952331544,,0.019540899981834458,27.907737731933594,-2.846424049932161,500669440.0,False
2023-04-12,NVDA,27.313962427495863,27.411761352086096,26.393849283210695,26.440753936767578,446259000,-0.024807368331896895,0.8511702675446653,24.076733627319335,,0.020774125490118207,27.907737731933594,-5.256548593286409,499822400.0,False
2023-04-13,NVDA,26.67925655636213,26.831943139385213,26.275087085274208,26.408811569213867,353615000,-0.0012080732504867742,0.8489339182623481,24.21503616333008,,0.018608809675439954,27.907737731933594,-5.37100562258965,496934360.0,False
2023-04-14,NVDA,26.44972742157741,26.827951053263416,26.16630857297882,26.70320701599121,395660000,0.011147621921788309,0.8695451345415075,24.331168937683106,,0.018657161374233785,27.907737731933594,-4.316117370431253,491638020.0,False
2023-04-17,NVDA,26.510605128627287,26.95070210668743,26.37887544680579,26.94671058654785,321471000,0.009118888619289,0.8865933083921251,24.436885833740234,,0.014922163712485658,27.907737731933594,-3.4435867020710935,486781920.0,False
2023-04-18,NVDA,27.476623258466837,28.052441434897503,27.30098304931903,27.610347747802734,604812000,0.024627761489603772,0.933055878419089,24.568028335571288,,0.01564842542013761,27.907737731933594,-1.0656183850780894,490290840.0,True
2023-04-19,NVDA,27.304977218888993,27.94266877758147,27.176241641344223,27.873809814453125,358660000,0.009542149525130661,0.9515013866513968,24.70465961456299,,0.01568793396159622,27.907737731933594,-0.12157172253215828,488420100.0,False
2023-04-20,NVDA,27.614340416338198,27.972606485594795,26.944714827313312,27.04850196838379,427713000,-0.029608720571860925,0.8937199273984364,24.80315284729004,,0.01716252592265208,27.907737731933594,-3.0788441965563518,483691360.0,False
2023-04-21,NVDA,26.896812971013922,27.127340875735126,26.66728437395246,27.0634708404541,345103000,0.0005534085432090663,0.8947679281847041,24.901306800842285,,0.01705228820737065,27.907737731933594,-3.025207200917023,479400400.0,False
2023-04-24,NVDA,26.957689535565127,27.309965480209698,26.61638884445198,26.986629486083984,339282000,-0.0028393015376008135,0.8893881106928125,24.995289878845213,,0.015988116621519624,27.907737731933594,-3.300547879219984,475708520.0,False
2023-04-25,NVDA,27.022557264988468,27.191211864022204,26.17130503524893,26.187271118164062,378527000,-0.02962053369177209,0.8334234265032026,25.094678192138673,,0.016950197843272032,27.907737731933594,-6.164837258739454,472264320.0,False
2023-04-26,NVDA,26.946713672472086,27.274041202719886,26.65032090270942,26.900806427001953,406337000,0.027247409843439874,0.8833794660216991,25.197900428771973,,0.017888358317551117,27.907737731933594,-3.6080721218024547,470892680.0,False
2023-04-27,NVDA,27.306972360442714,27.43870204664904,26.57048262204744,27.170251846313477,377161000,0.010016258064333261,0.9022438807864386,25.2829040145874,,0.017948182821480363,27.907737731933594,-2.6425856968558388,464926420.0,False
2023-04-28,NVDA,27.1692571711631,27.70116489389645,27.015571252856407,27.692184448242188,292216000,0.019209707914412677,0.9387854301183249,25.382477073669435,,0.017814575476644993,27.907737731933594,-0.7723782047899861,462359240.0,False
2023-05-01,NVDA,27.782994624988884,28.998501044313812,27.7231180146928,28.85080337524414,570329000,0.04183920301294619,1.019902667327588,25.52042869567871,,0.019702695159888532,28.85080337524414,0.0,465525300.0,True
2023-05-02,NVDA,28.621275795478528,28.776956510510566,28.025498077141993,28.152236938476562,402730000,-0.02421306705680837,0.970994628595359,25.656661834716797,,0.020354638982526593,28.85080337524414,-2.4213067056808315,464262140.0,False
2023-05-03,NVDA,27.782995617159955,28.30891697061435,27.415749094927655,27.745073318481445,383387000,-0.014462922462784245,0.9424882861074202,25.799379196166992,,0.020576427175939188,28.85080337524414,-3.832579780816375,463729580.0,False
2023-05-04,NVDA,27.594382208198148,27.80195650009337,27.184224452575453,27.505565643310547,321850000,-0.008632439800090874,0.9257198729152163,25.935330696105957,,0.020253559703724312,28.85080337524414,-4.66273924658852,459902900.0,False
2023-05-05,NVDA,27.769021662211923,28.696118323225086,27.674216876393494,28.621273040771484,361494000,0.04056296867075271,1.0038327877889222,26.03552547454834,,0.021434476575491596,28.85080337524414,-0.7955769254925086,444772880.0,False
2023-05-08,NVDA,28.46359684267218,29.160167550884644,28.291950055367597,29.09130859375,344979000,0.016422594211967567,1.0367409205314155,26.15266414642334,,0.02162075789538068,29.09130859375,0.0,439878140.0,False
2023-05-09,NVDA,28.83982635316878,28.91367423632623,28.3917463228912,28.512496948242188,314869000,-0.019896377079172245,0.996217155163942,26.253936195373534,,0.021876674591058635,29.09130859375,-1.9896377079172194,437115640.0,False
2023-05-10,NVDA,28.94561039227481,29.053390963914687,28.402725530757564,28.825857162475586,369350000,0.01099027611654746,1.0181561328877828,26.367162742614745,,0.02161120100085023,29.09130859375,-0.912476764044378,435383380.0,False
2023-05-11,NVDA,28.8368313012262,28.890721581405018,28.188162647959096,28.519481658935547,322149000,-0.010628495860961484,0.9967061687826111,26.484598770141602,,0.020904253316237617,29.09130859375,-1.9656280946306584,432625840.0,False
2023-05-12,NVDA,28.470583157825374,28.72107056378974,27.988572349830026,28.281970977783203,274222000,-0.008328015354301832,0.9800775691509602,26.584991912841797,,0.021047089899637498,29.09130859375,-2.7820598491079074,430321980.0,False
2023-05-15,NVDA,28.449628270125718,28.90968479771039,28.09435819789657,28.89371681213379,293926000,0.021630240510151832,1.022907123200452,26.686125564575196,,0.021360053382031355,29.09130859375,-0.6792124217425602,427952640.0,False
2023-05-16,NVDA,28.781944947212995,29.808839206478215,28.77296450239682,29.153182983398438,449405000,0.008980020568198022,1.0410728707743466,26.799153594970704,,0.021358403583439652,29.153182983398438,0.0,428192160.0,True
2023-05-17,NVDA,29.52342540212538,30.13716594058163,29.369741392303435,30.116209030151367,432535000,0.033033307110970744,1.1084962577505064,26.936671447753906,,0.021838244702168393,30.116209030151367,0.0,426539780.0,True
2023-05-18,NVDA,30.347732971846412,31.76282877397273,30.257917101676483,31.613136291503906,748725000,0.049705036243235856,1.2132991406607223,27.086304473876954,,0.02396849485479795,31.613136291503906,0.0,431242820.0,True
2023-05-19,NVDA,31.47142600851462,31.51533653819643,30.852696589930833,31.199983596801758,473908000,-0.013069019501655177,1.1843734910284307,27.242543869018554,,0.022981520359334186,31.613136291503906,-1.3069019501655204,430695840.0,True
2023-05-22,NVDA,30.83772890145582,31.45546287720747,30.617182635048753,31.112167358398438,372000000,-0.0028146245055180596,1.1782252998713783,27.406427688598633,,0.023040958020598738,31.613136291503906,-1.5846859624620833,428638520.0,False
2023-05-23,NVDA,30.93652931908374,31.22393976257645,30.568285342667394,30.625167846679688,356253000,-0.015653024301030882,1.1441294863193714,27.56055156707764,,0.02347761124532716,31.613136291503906,-3.125183264685248,427325780.0,False
2023-05-24,NVDA,30.14814019154648,30.54432854642124,29.74496810397816,30.4754695892334,721419000,-0.004888079575456672,1.1336488107701594,27.689786376953126,,0.02216943966114073,31.613136291503906,-3.5987150777452537,432255960.0,True
2023-05-25,NVDA,38.44412056648187,39.39916178020132,36.55998587698389,37.9022331237793,1543911000,0.24369644289811632,1.6536114363486436,27.96426322937012,,0.05612787901992087,37.9022331237793,0.0,452644460.0,True
2023-05-26,NVDA,37.812419131021514,39.08979709643769,37.47311513309701,38.86625671386719,714397000,0.02543447999329307,1.7211046633364266,28.23181423187256,,0.05612200779225255,38.86625671386719,0.0,455267340.0,True
2023-05-30,NVDA,40.51188361880298,41.852132355940626,39.867206384616175,40.028873443603516,923401000,0.02991326739530109,1.80250179474141,28.518945121765135,,0.056177162756709344,40.028873443603516,0.0,456764420.0,True
2023-05-31,NVDA,39.40714734389047,40.212494220771234,37.7445581109248,37.756534576416016,1002580000,-0.05676749485315857,1.6434107885324591,28.757136573791502,,0.05825778151459385,40.028873443603516,-5.676749485315861,468161080.0,True
2023-06-01,NVDA,38.410189027460895,39.967993574032356,38.2614958531395,39.688568115234375,635873000,0.05117083865067351,1.7786763354799033,29.028000793457032,,0.05808607595294765,40.028873443603516,-0.8501496522219021,469930380.0,True
2023-06-02,NVDA,40.01489905431234,40.41707376526735,38.97802500871207,39.24647521972656,482731000,-0.01113904876145222,1.7477245242866992,29.28465419769287,,0.05799787407165055,40.028873443603516,-1.9545846699364902,463639100.0,True
2023-06-05,NVDA,38.82932905392205,39.48398404045427,38.627743010740026,39.09079360961914,396094000,-0.0039667666774103605,1.7368249422050557,29.52376361846924,,0.057899273648441794,40.028873443603516,-2.3435079563406425,460263200.0,False
2023-06-06,NVDA,38.75049794421731,39.07982029424169,38.06989131464503,38.57485580444336,388729000,-0.013198447960105497,1.7007031006294433,29.760777359008788,,0.05805422062240821,40.028873443603516,-3.6324220845453334,458939380.0,False
2023-06-07,NVDA,38.83933255229278,39.422196626647725,37.28336203456749,37.402130126953125,511998000,-0.03040129776337752,1.6185982214967307,29.97928642272949,,0.0589196015187697,40.028873443603516,-6.562121515488554,461958820.0,True
2023-06-08,NVDA,37.650652361661095,38.78843525380602,37.43208020342754,38.435123443603516,417772000,0.027618569133472493,1.6909201575099262,30.220870399475096,,0.05848312774870875,40.028873443603516,-3.9815010088790697,463192180.0,False
2023-06-09,NVDA,38.96109353851752,39.63378277087799,38.49201001557308,38.69461441040039,427717000,0.006751401935201962,1.7090876410688125,30.456187744140625,,0.05850778502404699,40.028873443603516,-3.3332415289752184,463872640.0,False
2023-06-12,NVDA,39.123778310934604,39.45313466256055,38.5429092499931,39.40522766113281,388701000,0.018364655173858546,1.758839101432803,30.697753715515137,,0.05819980094470114,40.028873443603516,-1.5579898428801764,464356340.0,False
2023-06-13,NVDA,40.107868537313834,41.021090447407424,39.662736532909214,40.94224166870117,613208000,0.03900533251034566,1.8664485379267326,30.962196083068847,,0.05808810393799163,40.94224166870117,0.0,467941840.0,True
2023-06-14,NVDA,40.744627187256896,42.91639507972652,40.47315286932789,42.91340255737305,740465000,0.048144918507936785,2.0044534691924096,31.262309379577637,,0.05843049778661866,42.91340255737305,0.0,474776820.0,True
2023-06-15,NVDA,42.51916882992291,43.20483334915505,42.065051672698964,42.570068359375,568622000,-0.008000628650665198,1.9804159526871983,31.565775032043458,,0.05871429532989168,42.91340255737305,-0.8000628650665172,478777420.0,True
2023-06-16,NVDA,43.3655191410193,43.63599213320871,42.5780517641451,42.60899353027344,655709000,0.000914378867560961,1.9831411820508769,31.881435737609863,,0.05876693016479329,42.91340255737305,-0.7093565388869594,481591300.0,True
2023-06-20,NVDA,42.9144051358894,43.90447708552211,42.5910337413259,43.72282791137695,451153000,0.026140828234117786,2.061122963288992,32.216259536743166,,0.05835751645229274,43.72282791137695,0.0,482661280.0,False
2023-06-21,NVDA,43.41641836747542,43.530198935249985,41.998183661789234,42.9613037109375,551603000,-0.017417084777384684,2.007807125123388,32.52503494262695,,0.0584771709054777,43.72282791137695,-1.741708477738467,485787760.0,True
2023-06-22,NVDA,42.17085058953678,43.34157039232683,42.151890331263004,42.94135284423828,417737000,-0.00046439155649136143,2.0064103248909264,32.84159469604492,,0.0584399814868108,43.72282791137695,-1.7873387986766682,487854940.0,False
2023-06-23,NVDA,42.3814316538767,42.72575823031128,41.93330340139626,42.12692642211914,358140000,-0.018966016861958646,1.9493906959750786,33.155318145751956,,0.05853669407307635,43.72282791137695,-3.650041787078802,486092560.0,False
2023-06-26,NVDA,42.378435975213705,42.68084821314237,40.02202672023089,40.55299377441406,594322000,-0.03736167770546561,1.839196511364559,33.43820178985596,,0.05955717758271121,43.72282791137695,-7.249837872765042,490906700.0,True
2023-06-27,NVDA,40.71967293420545,41.858453292545065,40.369357466339395,41.794578552246094,462175000,0.03061635312891209,1.9261223543588715,33.74002922058106,,0.028992808611161713,43.72282791137695,-4.4101661563137755,492237000.0,False
2023-06-28,NVDA,40.58094002022697,41.76363726159132,40.43921783251657,41.037052154541016,582639000,-0.018124991899562293,1.8730864103889888,34.021836051940916,,0.029020921801698324,43.72282791137695,-6.142731120411088,497460360.0,True
2023-06-29,NVDA,41.47719520674288,41.51911336113598,40.521057714884826,40.74262619018555,380514000,-0.007174637282587715,1.852473057512916,34.284481620788576,,0.028423041511266758,43.72282791137695,-6.816122980956452,492974400.0,False
2023-06-30,NVDA,41.59896098123988,42.467268355429134,41.420308161971434,42.219749450683594,501148000,0.03625498399643834,1.9558894225633185,34.57140041351318,,0.026085555861107522,43.72282791137695,-3.4377430109049487,495824160.0,True
2023-07-03,NVDA,42.43432230383558,42.81458195203503,42.11993620443262,42.33052444458008,198209000,0.0026237719393829018,1.963645002286159,34.87704086303711,,0.02391071787435801,43.72282791137695,-3.184385670613471,491234080.0,False
2023-07-05,NVDA,42.053080590984536,43.09305457985884,42.003178561095986,42.2347297668457,323618000,-0.0022630165581764006,1.9569382245734288,35.18046604156494,,0.02371959117621727,43.72282791137695,-3.403481008930892,490804380.0,False
2023-07-06,NVDA,41.76264953628558,42.09699732253943,41.265616640980895,42.02114486694336,303582000,-0.0050570916655895415,1.9419847169222755,35.48115634918213,,0.023738550745929,43.72282791137695,-3.8919784600455936,490090380.0,False
2023-07-07,NVDA,42.239712723775206,43.129980526432945,42.097990517388034,42.42036056518555,355881000,0.009500352727329853,1.969934609451451,35.80581813812256,,0.023444899271876183,43.72282791137695,-2.978918355490213,489637460.0,False
2023-07-10,NVDA,42.57406572515449,42.727765640952,41.568022298100566,42.097991943359375,353908000,-0.007599384294030287,1.9473649350260884,36.10976184844971,,0.02222985368017976,43.72282791137695,-3.716218839529329,488588880.0,False
2023-07-11,NVDA,42.39839653240351,42.67485834432988,41.985203882736315,42.32254409790039,298244000,0.0053340348119961245,1.9630862821931743,36.41280769348145,,0.02166502878885716,43.72282791137695,-3.2026377989887522,487010540.0,False
2023-07-12,NVDA,42.949329116868,43.84957572671799,42.69382635632928,43.8166389465332,481277000,0.0353025764513748,2.0676908622023187,36.73529678344727,,0.02266506487868742,43.8166389465332,0.0,490791760.0,False
2023-07-13,NVDA,44.43144469055369,46.06525908080091,44.405494267990946,45.88760757446289,478204000,0.04726443373387834,2.2126835336749044,37.07603286743164,,0.024262950597802924,45.88760757446289,0.0,488949260.0,False
2023-07-14,NVDA,46.492428621249765,47.99450350820883,44.972390985691305,45.38059616088867,772075000,-0.011048983382964117,2.177186646696608,37.42060005187988,,0.0234644196879045,45.88760757446289,-1.1048983382964115,496336160.0,True
2023-07-17,NVDA,46.1990038397671,46.40559830268811,45.1740001632929,46.37066650390625,510488000,0.021817041351935185,2.2465034591504045,37.793111915588376,,0.02168983043955958,46.37066650390625,0.0,498878180.0,True
2023-07-18,NVDA,46.61019966194242,47.8028759240553,45.645080740043866,47.40165710449219,569164000,0.022233680865878513,2.318685180991125,38.19103374481201,,0.021861860774953196,47.40165710449219,0.0,503824460.0,True
2023-07-19,NVDA,47.37171073363014,47.7250225002053,46.65111448328101,46.9854621887207,427502000,-0.008780176500033043,2.289546539353979,38.558317527770996,,0.022061836460192805,47.40165710449219,-0.8780176500032995,505144620.0,False
2023-07-20,NVDA,46.416572252146125,46.99544633379389,44.974382199398164,45.43149185180664,537865000,-0.033073428769784585,2.180749956199764,38.88512119293213,,0.02297601108341179,47.40165710449219,-4.156321472775764,509002340.0,True
2023-07-21,NVDA,45.698975360580505,45.77682663388391,44.014257511133955,44.22285079956055,963769000,-0.026603595941523728,2.0961305695740062,39.1993282699585,,0.023448325858826807,47.40165710449219,-6.706107969863336,521980340.0,True
2023-07-24,NVDA,44.644025212328465,45.02129240158318,43.95437069346409,44.5252571105957,382516000,0.006838236467517911,2.117302642543064,39.513316268920896,,0.02346970444236476,47.40165710449219,-6.068142275186181,522243660.0,False
2023-07-25,NVDA,44.85362300335587,46.093204951452925,44.835656447425045,45.590187072753906,348081000,0.023917435434747558,2.191860527226656,39.854730377197264,,0.02342099733301707,47.40165710449219,-3.821533132787062,522762300.0,False
2023-07-26,NVDA,45.93152233751283,45.96346161310325,44.54322798421179,45.36362838745117,364237000,-0.004969461628687499,2.1759986988124806,40.19636352539062,,0.021550708269566315,47.40165710449219,-4.299488333389666,524562600.0,False
2023-07-27,NVDA,46.42855262404122,47.30284884094631,45.66104681024001,45.81075668334961,455976000,0.009856537313980063,2.207303048496478,40.53470432281494,,0.020807772767020706,47.40165710449219,-3.356212669180738,527803600.0,False
2023-07-28,NVDA,46.57725828817055,46.93556140812505,46.290817578046465,46.65909957885742,331194000,0.018518421369279725,2.266697237807511,40.88482265472412,,0.02033943543901222,47.40165710449219,-1.5665222926655755,525439380.0,False
2023-07-31,NVDA,46.66309454574556,47.03836291442901,46.41557565297474,46.63814163208008,251055000,-0.0004491716935497436,2.2652299298768908,41.2152613067627,,0.020168422389109302,47.40165710449219,-1.6107358245493746,521809780.0,False
2023-08-01,NVDA,46.36967450601732,46.80882152263187,45.937517657270234,46.41658401489258,237858000,-0.004750567013053986,2.249718236281981,41.51133026123047,,0.019116257059343254,47.40165710449219,-2.0781406173799257,511592440.0,False
2023-08-02,NVDA,45.74189331269121,45.75087468728102,43.302644871740895,44.18292999267578,530142000,-0.04812189586161997,2.0933356337360123,41.77098918914795,,0.022328698720203884,47.40165710449219,-6.790326137166567,512717120.0,True
2023-08-03,NVDA,43.714841517541664,45.03027980086514,43.714841517541664,44.42845153808594,324176000,0.005556932178351515,2.1105250900575614,42.037314872741696,,0.022314360262510748,47.40165710449219,-6.2723663011445305,511760640.0,False
2023-08-04,NVDA,44.897535492129286,45.55325576078865,44.30668747221976,44.5931282043457,362666000,0.0037065587604059314,2.1220544340795766,42.31667407989502,,0.02224482336456281,47.40165710449219,-5.924959319365914,511888900.0,False
2023-08-07,NVDA,45.02328860387296,45.451455331655026,44.47635377122551,45.32869338989258,322154000,0.01649503444064715,2.173552829495294,42.613738555908206,,0.022397778081979486,47.40165710449219,-4.373188283333575,503903600.0,False
2023-08-08,NVDA,44.76580307326063,45.15404676742595,43.9703516172202,44.577171325683594,353843000,-0.01657938952144067,2.1209372609682213,42.74723731994629,,0.022701978590759536,47.40165710449219,-5.958622443477659,480102240.0,False
2023-08-09,NVDA,44.18791316298273,44.2258412871121,42.05207472701769,42.47126007080078,586449000,-0.04724192209274325,1.9734981860292211,42.819337387084964,,0.025191354653197058,47.40165710449219,-10.40131787549714,477543280.0,True
2023-08-10,NVDA,42.07803800548034,43.48929055749267,41.75366906562571,42.30559539794922,492705000,-0.0039006300395937332,1.961899669682118,42.86487182617188,,0.023900589967359477,47.40165710449219,-10.750809186499986,468929360.0,True
2023-08-11,NVDA,41.66982393739307,41.936306917018776,40.55998646089097,40.77556610107422,533085000,-0.036166121348316205,1.854779246806857,42.92525245666504,,0.02228725680504945,47.40165710449219,-13.978606251700057,459539460.0,True
2023-08-14,NVDA,40.407277187048145,43.71483246792128,40.23261822669723,43.66792297363281,690286000,0.07093357981564341,2.0572789583662736,43.00483955383301,,0.027752635802383043,47.40165710449219,-7.876800852402129,460627720.0,True
2023-08-15,NVDA,44.473361921944495,45.17998551740348,43.62501232005784,43.85456466674805,676512000,0.004274114278985275,2.070346118017068,43.09700134277344,,0.02727673770920909,47.40165710449219,-7.483055771499575,464503340.0,True
2023-08-16,NVDA,44.43343721611258,44.588134620821634,43.321601018047524,43.40144729614258,527451000,-0.010332273824828042,2.0386224611887176,43.18321441650391,,0.026732474890275512,47.40165710449219,-8.438966172704783,467130480.0,True
2023-08-17,NVDA,43.88450979004493,43.97632996907339,42.91739206244817,43.259727478027344,452395000,-0.0032653247056079193,2.028700372195183,43.27691184997558,,0.026708708931197502,47.40165710449219,-8.737942678532052,468403800.0,False
2023-08-18,NVDA,42.55209903416188,43.49326626137414,41.57899634242321,43.21480941772461,583768000,-0.0010383343336027862,2.025555568612537,43.39316543579102,,0.025841218310258058,47.40165710449219,-8.832703206004155,469839200.0,True
2023-08-21,NVDA,44.4074878070853,46.9734880439128,44.13601730847926,46.87567901611328,692573000,0.08471331119389736,2.28186039903084,43.56197654724121,,0.031379274259869236,47.40165710449219,-1.1096196219879835,475335220.0,True
2023-08-22,NVDA,48.041406896438666,48.09330773941367,45.24485683130546,45.57920455932617,755293000,-0.027657721103974908,2.191091619412265,43.699668350219724,,0.03207653817264121,47.40165710449219,-3.844702182349031,481886740.0,True
2023-08-23,NVDA,45.776832751180166,47.10823894798695,45.120111028865615,47.0244026184082,779046000,0.03170739974632397,2.2922728370161143,43.85205184936523,,0.03239109350930913,47.40165710449219,-0.7958677167179299,489693640.0,True
2023-08-24,NVDA,50.11836604551162,50.16826807045973,47.06731047667301,47.0713005065918,1156044000,0.0009973096003825788,2.295556252323549,43.974633026123044,,0.03235336103815129,47.40165710449219,-0.6969304831941903,500550360.0,True
2023-08-25,NVDA,46.92059855717943,47.71205604609622,44.93646092899701,45.928531646728516,925341000,-0.02427740146468338,2.215548710136443,44.03493560791016,,0.03280638646381957,47.40165710449219,-3.107750968529043,504247880.0,True
2023-08-28,NVDA,46.39162792536596,46.88866080793937,44.80072902830529,46.74394226074219,685192000,0.01775390121952114,2.2726372443027643,44.1184130859375,,0.03278595471154254,47.40165710449219,-1.387535550287058,506579280.0,True
2023-08-29,NVDA,46.575266020642104,48.985571364963455,46.30079918990067,48.68914794921875,701397000,0.041614070067646836,2.40882499989317,44.24001617431641,,0.033982457577441096,48.68914794921875,0.0,507493040.0,True
2023-08-30,NVDA,48.94864322959215,49.82992584763343,48.33084725951484,49.168216705322266,735206000,0.009839333327483324,2.442365565322177,44.348923950195314,,0.03397398885261107,49.168216705322266,0.0,513174100.0,True
2023-08-31,NVDA,49.28399374905417,49.64728445636799,48.86281334141854,49.25904083251953,528570000,0.0018472121480752612,2.448724344812556,44.47487869262695,,0.03187868771236515,49.25904083251953,0.0,512713440.0,True
2023-09-01,NVDA,49.665250288293905,49.70317460901009,48.04839726391632,48.4146842956543,463830000,-0.017141148560647856,2.389609248473401,44.58434532165527,,0.03226501318210607,49.25904083251953,-1.714114856064782,513635300.0,False
2023-09-05,NVDA,48.129240595849275,48.75602175102256,47.76694740479326,48.453609466552734,382653000,0.0008039951404150703,2.3923344778370796,44.710878982543946,,0.032275179097425555,49.25904083251953,-1.6350934820376612,514125560.0,False
2023-09-06,NVDA,48.350797071158595,48.45859385625443,46.49326248710991,46.973365783691406,468670000,-0.03054970928188816,2.288699645752231,44.839286422729494,,0.03302115346151375,49.25904083251953,-4.6401127797015125,511612520.0,False
2023-09-07,NVDA,45.440225686097044,46.25770080270002,45.067919183407476,46.15489196777344,433330000,-0.017424210555551323,2.231396650670677,44.92649269104004,,0.03304568996297347,49.25904083251953,-6.30168353318162,511035620.0,False
2023-09-08,NVDA,45.856458279277405,46.519219579428515,45.186706235848995,45.487144470214844,473069000,-0.014467534622870204,2.1846463077468723,45.01549453735352,,0.0313246891512565,49.25904083251953,-7.65726717076996,508844220.0,False
2023-09-11,NVDA,46.062063171640766,46.07703462980452,44.229483586598796,45.0938720703125,473966000,-0.008645792222896298,2.157112517466679,45.10251945495605,,0.03139948614220277,49.25904083251953,-8.455643252105908,510713260.0,False
2023-09-12,NVDA,44.6546914479524,45.587951736657104,44.44807617569655,44.78644561767578,349256000,-0.006817477376024894,2.1355889743052847,45.1538533782959,,0.030174936028399945,49.25904083251953,-9.079744833137433,507675420.0,False
2023-09-13,NVDA,44.516948715229006,45.844473946840324,44.420129217307256,45.40030288696289,398355000,0.013706318079522717,2.1785663541537574,45.21524894714356,,0.026240735678718586,49.25904083251953,-7.833562895949048,511678340.0,False
2023-09-14,NVDA,45.864436629731664,45.90136648262812,45.04696145729557,45.496124267578125,370097000,0.0021105890164170305,2.185275001388787,45.280476837158204,,0.026236322099172198,49.25904083251953,-7.639037426114938,512607920.0,False
2023-09-15,NVDA,45.256567267439614,45.514086250608685,43.7264210191702,43.81825256347656,506831000,-0.03687944261435172,2.06780383476414,45.31641899108887,,0.02747416192133923,49.25904083251953,-11.04525824516482,516672900.0,False
2023-09-18,NVDA,42.66839815481211,44.15961559349167,41.921789942113186,43.88412857055664,500271000,0.0015033919251947747,2.072415946277406,45.345694351196286,,0.027458530304457537,49.25904083251953,-10.911524404702808,519560700.0,False
2023-09-19,NVDA,43.751381753727316,43.88413352477652,42.92192782259573,43.43896484375,373064000,-0.010144071246416808,2.041249140019741,45.3725138092041,,0.02756456992768619,49.25904083251953,-11.815244248376167,519943820.0,False
2023-09-20,NVDA,43.51880884841662,43.821246018935675,42.14437412203361,42.160343170166016,367108000,-0.02943490200982435,1.9517302695957972,45.36926979064941,,0.020497079912589967,49.25904083251953,-14.410953892685505,521321100.0,False
2023-09-21,NVDA,41.505572228064345,42.02160786318076,40.903694380315116,40.94062423706055,450736000,-0.028930479246397134,1.8663352982902937,45.31174949645996,,0.020569688317253983,49.25904083251953,-16.887086014812095,520710280.0,False
2023-09-22,NVDA,41.494589042058344,42.0365810200349,41.154224400495224,41.53252029418945,479236000,0.014457426288901232,1.9077751295846013,45.224647750854494,,0.019342695528163558,49.25904083251953,-15.685487187215449,520730920.0,False
2023-09-25,NVDA,41.513557426280826,42.45679753767784,41.10032682953403,42.14338302612305,419091000,0.014708058350580089,1.9505428558608973,45.15990348815918,,0.019806533071455565,49.25904083251953,-14.445384412964277,513671240.0,False
2023-09-26,NVDA,41.92279078773523,42.74026599878411,41.577434392681035,41.83295822143555,402282000,-0.007365920398347714,1.9288093920527123,45.069149322509766,,0.01932425752476173,49.25904083251953,-15.075572901089618,511507120.0,False
2023-09-27,NVDA,42.2511801171412,42.79217068875673,41.55148521974545,42.388919830322266,444935000,0.01329003810688767,1.9677333804809032,44.96889457702637,,0.019093170560806137,49.25904083251953,-13.946924028739494,509022540.0,False
2023-09-28,NVDA,42.38093203987961,43.36509601724836,42.036577072071424,43.00876235961914,424663000,0.014622748864043578,2.0111298003991145,44.88936058044433,,0.01657853073512143,49.25904083251953,-12.688591509833296,508965760.0,False
2023-09-29,NVDA,43.74539144535937,44.061802514667,43.226359256277895,43.41800308227539,397830000,0.009515287122990657,2.0397815650145055,44.84909080505371,,0.016563431584765555,49.25904083251953,-11.857798388936637,506165060.0,False
2023-10-02,NVDA,43.94801356401108,45.09088199561907,43.77932952657343,44.69861602783203,433298000,0.029494975693145742,2.1294398483870807,44.85860610961914,,0.018215810105855875,49.25904083251953,-9.258046294877968,495555640.0,False
2023-10-03,NVDA,44.7245629218231,45.045965740925496,43.16547120468859,43.43596649169922,470850000,-0.028248067800278442,2.041039219372949,44.83682029724121,,0.018755768776095246,49.25904083251953,-11.821331155469984,497322320.0,False
2023-10-04,NVDA,43.660548982906214,44.06080325905543,43.21138616245394,43.95899200439453,361821000,0.012041300215922757,2.077657285581814,44.80419639587402,,0.01908658816514718,49.25904083251953,-10.759545331272562,497597120.0,False
2023-10-05,NVDA,43.96796593517015,44.8163852842479,43.80626887294011,44.60477828979492,393483000,0.014690652718693631,2.1228700799514537,44.789019393920896,,0.018538739808125818,49.25904083251953,-9.448544803275965,498182040.0,False
2023-10-06,NVDA,44.11070969679084,45.70373848025028,43.9440208476475,45.676788330078125,434436000,0.024033524689180297,2.1979236551190695,44.78634002685547,,0.019047621945050535,49.25904083251953,-7.2722741691642865,497751240.0,False
2023-10-09,NVDA,44.75850060605626,45.520080342411596,44.28538419676615,45.188697814941406,409675000,-0.01068574505741493,2.1637514582273907,44.75693199157715,,0.0189246758331077,49.25904083251953,-8.263139007146462,499320860.0,False
2023-10-10,NVDA,45.22563248789511,46.17286291728584,45.00404573819931,45.71272277832031,368582000,0.011596372294791824,2.2004394979851862,44.738423614501954,,0.018985286177313973,49.25904083251953,-7.199324213917767,501671400.0,False
2023-10-11,NVDA,46.10996930434229,46.77173662374477,45.96424128846508,46.718833923339844,378137000,0.022009433782769205,2.2708793591918504,44.7444686126709,,0.019441951410495033,49.25904083251953,-5.156833885207747,504476980.0,False
2023-10-12,NVDA,46.68989946190785,47.52035097000379,46.243733198035265,46.85758590698242,481325000,0.0029699367897377815,2.280593664135508,44.797961730957034,,0.0192644581337415,49.25904083251953,-4.875155676908211,503500640.0,False
2023-10-13,NVDA,46.87255194030723,47.02826348384449,45.195680068516225,45.3763427734375,474115000,-0.031611597244581846,2.176888858501729,44.816919555664064,,0.020587158005575666,49.25904083251953,-7.882203943603335,506499420.0,False
2023-10-16,NVDA,44.97909439315566,46.13892955114849,44.82837457379921,46.00917434692383,375099000,0.013946288634278714,2.2211946674814187,44.84524047851563,,0.018947441520184027,49.25904083251953,-6.597502571447202,506748080.0,False
2023-10-17,NVDA,43.918066921379186,44.670664500769895,42.40089687991119,43.85618209838867,812333000,-0.046794846443035665,2.0704593576535,44.815790252685545,,0.02179200240120069,49.25904083251953,-10.968258096012363,516551660.0,True
2023-10-18,NVDA,42.51168892025405,43.13852165493323,41.74711648202066,42.11742401123047,627294000,-0.03964681839512174,1.9487254131110099,44.76659530639648,33.97262028217315,0.023384863776321537,49.25904083251953,-14.498083398681109,522020680.0,True
2023-10-19,NVDA,42.731286777485096,43.216381906827145,41.8040157217801,42.02260971069336,501233000,-0.0022511894486193507,1.9420872735741388,44.75762229919434,34.11131700992584,0.022479004178865114,49.25904083251953,-14.690564411170728,520316360.0,False
2023-10-20,NVDA,41.81199440818419,42.39091619548763,41.00150619051564,41.309932708740234,477266000,-0.016959370368941462,1.8921913258438456,44.737709045410156,34.2442851638794,0.02184929822678596,49.25904083251953,-16.13735872528704,520007580.0,False
2023-10-23,NVDA,41.152230295210934,43.1674718539468,40.86875871685224,42.89497756958008,478530000,0.03836958225072307,2.003163498805639,44.780097274780275,34.387593169212344,0.023186591307630424,49.25904083251953,-12.919584213134058,518916480.0,False
2023-10-24,NVDA,42.99678817947999,43.615632642963874,42.61150915403504,43.581695556640625,401463000,0.01600928654051903,2.051242003786046,44.77837272644043,34.53137135505676,0.02322452894375572,49.25904083251953,-11.525488884734578,513140020.0,False
2023-10-25,NVDA,43.31718712471628,43.56872058494652,41.477620479123594,41.701202392578125,398379000,-0.04314869212967021,1.9195849019515636,44.73530548095703,34.66191061019897,0.025166596512753815,49.25904083251953,-15.343048326170248,507577360.0,False
2023-10-26,NVDA,41.77506880872993,42.177318286010724,39.80574303401105,40.250911712646484,541001000,-0.03477815019045494,1.8180471397377076,44.672294769287106,34.78379652500153,0.026081474899124796,49.25904083251953,-18.287260506148783,507848360.0,True
2023-10-27,NVDA,41.0534152286562,41.12927392659706,39.94048973150051,40.42458724975586,416784000,0.0043148224405265,1.8302065127747094,44.61559196472168,34.906091842651364,0.025846271267623393,49.25904083251953,-17.934684544103824,507136140.0,False
2023-10-30,NVDA,41.01049469201982,41.68822738791205,40.405620307517786,41.084354400634766,388028000,0.016320937225720034,1.8763981356055295,44.57298286437988,35.029141654968264,0.026047990674519673,49.25904083251953,-16.595301682139233,503221340.0,False
2023-10-31,NVDA,40.37467609597359,40.80287807912132,39.15694672159714,40.70405960083008,517969000,-0.00925643849958635,1.849772933162972,44.44955047607422,35.14835428237915,0.025035793113452682,49.25904083251953,-17.36733214269507,499729260.0,True
2023-11-01,NVDA,40.807870455778854,42.30208459844571,40.79289899587781,42.24618911743164,437593000,0.037886381155213256,1.9577405167145945,44.382890167236326,35.27127144813537,0.02599368776475078,49.25904083251953,-14.236679392381083,493375260.0,False
2023-11-02,NVDA,43.247317846401735,43.802282272530825,42.814127888386025,43.42498779296875,409172000,0.02790307718077023,2.040270578633173,44.31090187072754,35.40170400619507,0.026614548250850387,49.25904083251953,-11.84361883818755,485977780.0,False
2023-11-03,NVDA,43.93802957100558,45.22462694220357,43.64158173973637,44.92119598388672,424610000,0.03445500544643165,2.145023117978605,44.26789978027344,35.542670822143556,0.02750361909774883,49.25904083251953,-8.806190245119595,471349100.0,False
2023-11-06,NVDA,45.200677734191665,45.849468936509936,44.815394894536624,45.665809631347656,400733000,0.01657599783692376,2.1971550143792933,44.26264533996582,35.68200261116028,0.027234090729353743,49.25904083251953,-7.294561851881854,460856940.0,False
2023-11-07,NVDA,45.63387372397261,46.13194133469671,45.07391747451028,45.86943435668945,343165000,0.004459019274718257,2.2114111902126727,44.24515518188477,35.81559753417969,0.02712772528238618,49.25904083251953,-6.881186516308187,454016400.0,False
2023-11-08,NVDA,46.01415398971753,46.779727832903724,45.8823998221808,46.487274169921875,346719000,0.013469531985678795,2.254667395958409,44.20111770629883,35.95192244529724,0.027167134913961877,49.25904083251953,-5.626919679621143,446922840.0,False
2023-11-09,NVDA,47.3786111235174,48.14019083451283,46.662947187934414,46.86257553100586,540496000,0.008073206437361202,2.2809429977309303,44.1550048828125,36.08983453750611,0.02679995622382033,49.25904083251953,-4.865026320065064,443028640.0,True
2023-11-10,NVDA,47.411554622346145,48.38174487246118,47.19495962235481,48.244998931884766,421245000,0.029499518223539578,2.3777292354828883,44.1347240447998,36.23226905822754,0.027537791855785042,49.25904083251953,-2.0585904302978664,440882140.0,False
2023-11-13,NVDA,48.23002031531456,49.02453947075824,48.009431181663935,48.52946090698242,384136000,0.005896196111420338,2.3976449894665732,44.137019577026365,36.37331713676453,0.026460816927366133,49.25904083251953,-1.4811086720459645,439288260.0,False
2023-11-14,NVDA,49.58749498042509,49.74120755867973,48.948687284637685,49.56353759765625,416954000,0.021308225382018264,2.470042774670212,44.15921813964844,36.52553722381592,0.026653641806851324,49.56353759765625,0.0,439974280.0,False
2023-11-15,NVDA,49.84201782618033,49.86696898933371,48.11024794590893,48.796966552734375,475497000,-0.015466431212894816,2.416373596789972,44.1956901550293,36.67205363273621,0.024461467615135693,49.56353759765625,-1.546643121289479,440110820.0,True
2023-11-16,NVDA,48.58836351173286,49.43278898125674,48.24001430327831,49.38787078857422,339756000,0.012109446090286413,2.4577439886845784,44.26034973144531,36.81451014518738,0.022200581841839304,49.56353759765625,-0.3544275037590096,438239340.0,False
2023-11-17,NVDA,49.43178055903223,49.62442196935827,48.915744960766254,49.20620346069336,325205000,-0.0036783794275838666,2.445025094330749,44.33473091125488,36.952236833572385,0.02223519848329705,49.56353759765625,-0.7209617276789948,435282060.0,False
2023-11-20,NVDA,49.22017851068948,50.453877068941594,49.08942192234672,50.31513595581055,414120000,0.022536436813358707,2.522663684689569,44.439156188964844,37.09854640007019,0.02170205056008463,50.31513595581055,0.0,434085140.0,False
2023-11-21,NVDA,50.03266588200401,50.4229366906256,49.13034978134325,49.85100555419922,565747000,-0.009224468796406593,2.4901689834499154,44.54044738769531,37.242590198516844,0.021028659266786917,50.31513595581055,-0.922446879640656,438414960.0,True
2023-11-22,NVDA,49.759168450104845,50.24126692176278,47.60119189596065,48.625282287597656,899420000,-0.024587734048191368,2.4043536367016025,44.60494697570801,37.37509740829468,0.022038806598303276,50.31513595581055,-3.358539405909607,448436260.0,True
2023-11-24,NVDA,48.37974251431558,48.829902895158824,47.656090292901155,47.687034606933594,294645000,-0.019295470103694812,2.338665032882222,44.64876518249512,37.502753715515134,0.019921216222457593,50.31513595581055,-5.22328181958028,446927220.0,False
2023-11-27,NVDA,47.71098998988454,48.4396301867081,47.5632667713432,48.15216827392578,395662000,0.00975388112987341,2.37122997474542,44.7354434967041,37.63207717895508,0.017522550538430985,50.31513595581055,-4.298840976568959,444703840.0,False
2023-11-28,NVDA,48.14618466607588,48.23302446932741,47.3846048841161,47.731956481933594,401491000,-0.008726747040791683,2.341810103539482,44.81240005493164,37.76464768409729,0.01791311845711946,50.31513595581055,-5.134000782877026,442728240.0,False
2023-11-29,NVDA,48.288914999950215,48.67120123627393,47.7708804254883,48.050357818603516,382005000,0.006670611475782184,2.3641020203660372,44.90462791442871,37.89620100021362,0.017815076864006,50.31513595581055,-4.501186559837741,442907060.0,False
2023-11-30,NVDA,47.934577593167546,48.02041980667685,46.33556313621097,46.68291473388672,526247000,-0.02845854113884183,2.2683645846241896,44.995079345703125,38.01501521110535,0.01916696567267618,50.31513595581055,-7.218943470835177,446089840.0,True
2023-12-01,NVDA,46.43837031596677,47.11211268040661,46.10099843511436,46.677921295166016,369317000,-0.00010696501598428387,2.268014983954153,45.10982528686523,38.13483716011047,0.017824306483543866,50.31513595581055,-7.2288677980298575,444461460.0,False
2023-12-04,NVDA,45.99119649745045,45.99119649745045,44.92618209165027,45.42525100708008,437543000,-0.026836462578629483,2.180313022130867,45.18767990112305,38.25219730377197,0.018290539479802685,50.31513595581055,-9.718516815745124,443627600.0,False
2023-12-05,NVDA,45.38532137121095,46.51730799060107,45.19066769826612,46.48337173461914,371718000,0.023293668258963285,2.2543941786280444,45.274479675292966,38.37791126251221,0.017452604478850647,50.31513595581055,-7.615529896523915,442680140.0,False
2023-12-06,NVDA,47.13122440124437,47.30292009715476,45.331422145943435,45.42226028442383,380590000,-0.022827764221867608,2.180103635633305,45.346265716552736,38.501976537704465,0.017894299728179495,50.31513595581055,-9.724460797808247,442246300.0,False
2023-12-07,NVDA,45.6189146142351,46.54626712955494,45.52308427817849,46.51332473754883,350823000,0.024020479084330137,2.256491248499037,45.42875381469727,38.6310032081604,0.018637306294845897,50.31513595581055,-7.555999096575379,440364060.0,False
2023-12-08,NVDA,46.5123243077979,47.65629078492983,46.467402174460815,47.42170715332031,359224000,0.01952950946630949,2.320088925163553,45.51701271057129,38.75005407333374,0.018888029746733,50.31513595581055,-5.750613105828431,439055280.0,False
2023-12-11,NVDA,47.40673880790064,47.446664942684954,45.74868658721169,46.54426956176758,509728000,-0.01850286807929269,2.2586577577697313,45.57953804016113,38.86660354614258,0.01928488377021468,50.31513595581055,-7.494497078085501,441293240.0,True
2023-12-12,NVDA,45.96430689603469,47.581431635575925,45.96430689603469,47.57244873046875,372387000,0.022090349217677607,2.330642645619759,45.63701469421387,38.98722131729126,0.018776447444407925,50.31513595581055,-5.451018213983506,440075020.0,False
2023-12-13,NVDA,47.54449269431196,48.50778063121328,47.52353004634861,48.00267791748047,447792000,0.009043662844628209,2.3607638547626846,45.728348922729495,39.111412057876585,0.01884250370304122,50.31513595581055,-4.595949100407883,439613860.0,True
2023-12-14,NVDA,48.30413587026834,48.58363781796952,47.33785498826681,48.26420593261719,391232000,0.0054481963607593276,2.3790739561655743,45.814453201293944,39.23949468612671,0.018239178639896717,50.31513595581055,-4.076169097495028,440202080.0,False
2023-12-15,NVDA,48.10848518903452,49.31633726064535,48.034615184125286,48.80324935913086,479948000,0.011168596190440638,2.416813468679622,45.89842262268066,39.367199363708494,0.018116274374088435,50.31513595581055,-3.0048345651048374,441931380.0,True
2023-12-18,NVDA,49.31235079913167,50.34351507731144,49.062794375670336,49.9881477355957,412587000,0.024279087807155486,2.499770582906366,45.98464981079101,39.49795493125916,0.018702684034043144,50.31513595581055,-0.6498804266414432,441494400.0,False
2023-12-19,NVDA,49.33630266590499,49.61181391094036,48.80824198487287,49.51598358154297,464444000,-0.009445522097561443,2.4667134225291285,46.07119552612305,39.628025941848755,0.01881285961125172,50.31513595581055,-1.5882941764669714,442589780.0,True
2023-12-20,NVDA,49.5668939044448,49.91028529819524,48.012657344636494,48.025634765625,397894000,-0.030098338114674883,2.362371109791165,46.11745376586914,39.751952533721926,0.01922732914057631,50.31513595581055,-4.550322972785584,443176020.0,False
2023-12-21,NVDA,48.72439672866285,49.00789323083867,48.33309014213933,48.903079986572266,300425000,0.018270351349427782,2.423802811334215,46.161138687133786,39.87581050872803,0.019645136849092006,50.31513595581055,-2.806423837308965,441621780.0,False
2023-12-22,NVDA,49.107708829124014,49.29537497058781,48.38099994161529,48.74335861206055,252507000,-0.0032660800619424,2.4126203972360942,46.19885414123535,40.00258723258972,0.018886762164741996,50.31513595581055,-3.123865838562812,437045420.0,False
2023-12-26,NVDA,48.88110985273242,49.51198840359391,48.873124626710656,49.191558837890625,244200000,0.009195103468294441,2.4439997948866923,46.275158462524416,40.1339551448822,0.01842754362738834,50.31513595581055,-2.233079761340022,432447120.0,False
2023-12-27,NVDA,49.42315398247824,49.59185284551433,48.997907338293054,49.32931900024414,233648000,0.0028004837742081623,2.4536446604306485,46.34156135559082,40.26600687026978,0.018336756076713062,50.31513595581055,-1.9592850875573578,429618100.0,False
2023-12-28,NVDA,49.554922947314495,49.795492674643874,49.324329994165225,49.43413543701172,246587000,0.0021248304029306553,2.460983069606051,46.453120422363284,40.39310890197754,0.018192059833449792,50.31513595581055,-1.7509651957863537,418303180.0,False
2023-12-29,NVDA,49.724619498674286,49.908294957673476,48.664503467597335,49.43413543701172,389293000,0.0,2.460983069606051,46.599454650878904,40.51938762664795,0.018161491401041712,50.31513595581055,-1.7509651957863537,413543160.0,False
2024-01-02,NVDA,49.1566219566508,49.20753015338818,47.51054964423797,48.0825309753418,411254000,-0.02734152119221578,2.366354527662517,46.72065307617188,40.63235674858093,0.01807073815118083,50.31513595581055,-4.437243263000509,411743580.0,False
2024-01-03,NVDA,47.40074566328975,48.09850289557728,47.23603751691528,47.484596252441406,320896000,-0.012435591695600046,2.3244919172538716,46.8441463470459,40.74141808509827,0.018326188940956705,50.31513595581055,-5.625622687087784,408616180.0,False
2024-01-04,NVDA,47.68224884044641,48.41395003873669,47.42370949212884,47.912841796875,306535000,0.009018620315458081,2.3544742475973934,46.9445036315918,40.85174748420715,0.017243647922957295,50.31513595581055,-4.774496010594845,405176280.0,False
2024-01-05,NVDA,48.37601228101952,49.459086175725254,48.220287041681374,49.009883880615234,415039000,0.022896618998119678,2.431280366383635,47.05306739807129,40.96607011795044,0.017220121885700802,50.31513595581055,-2.594153926845502,405447800.0,True
2024-01-08,NVDA,49.424151981929796,52.18225008334284,49.39120958940494,52.16028594970703,642510000,0.0642809535473694,2.651846340223142,47.262249069213865,41.0948025226593,0.020875751652728782,52.16028594970703,0.0,410330420.0,True
2024-01-09,NVDA,52.308031854280586,54.22861810717389,51.598290954841644,53.045719146728516,773100000,0.016975236636455948,2.7138372960084056,47.51814521789551,41.22435450553894,0.02064067937011528,53.045719146728516,0.0,414972400.0,True
2024-01-10,NVDA,53.520875471787654,54.503127005949786,53.39409808429299,54.253570556640625,533796000,0.0227700072567798,2.7984013981890166,47.7947248840332,41.362001514434816,0.020754930028442573,54.253570556640625,0.0,417312640.0,True
2024-01-11,NVDA,54.90141170121365,55.24779611496442,53.46496584925973,54.72472381591797,596759000,0.008684281134740512,2.8313877837934815,48.067532272338866,41.50324174880981,0.019940655733565855,54.72472381591797,0.0,421487260.0,True
2024-01-12,NVDA,54.52308221048439,54.872463461679565,54.23359967517569,54.61292266845703,352994000,-0.00204297326080638,2.8235603609994113,48.345709533691405,41.64452673912049,0.01977832542813243,54.72472381591797,-0.2042973260806435,418187760.0,False
2024-01-16,NVDA,54.92038130782368,56.73415487746208,54.80259064863885,56.281959533691406,449580000,0.030561207561930592,2.9404129828174845,48.6264249420166,41.79129280090332,0.020447649752825498,56.281959533691406,0.0,418427500.0,True
2024-01-17,NVDA,56.24702168282456,56.37080221365978,54.642874592370525,55.95354461669922,474394000,-0.005835172046481318,2.9174199951285558,48.87699607849121,41.93442587852478,0.020659741953177532,56.281959533691406,-0.5835172046481295,419731940.0,True
2024-01-18,NVDA,57.15840086229008,57.497797746406825,56.00744677307047,57.005672454833984,491650000,0.01880359582832858,2.991081577406766,49.11868560791016,42.080853624343874,0.02079859072048228,57.005672454833984,0.0,421072740.0,True
2024-01-19,NVDA,57.88610325059809,59.39442372974931,57.12345894632279,59.385440826416016,543501000,0.04174616786544427,3.157693938901871,49.39307823181152,42.238242139816286,0.021821867141259825,59.385440826416016,0.0,423928100.0,True
2024-01-22,NVDA,59.94245635666948,60.223957503871716,58.96519328035112,59.54815673828125,452955000,0.0027399966995420577,3.1690860065721678,49.66665267944336,42.398998994827274,0.021481288370494442,59.54815673828125,0.0,426123900.0,True
2024-01-23,NVDA,59.46430561582059,59.803702511682395,58.48105267598879,59.76676940917969,294654000,0.003671191231984894,3.184391518564887,49.93224258422852,42.563703050613405,0.019585199410730603,59.76676940917969,0.0,425082600.0,False
2024-01-24,NVDA,60.19701029640659,62.73749316337253,59.83165852160272,61.25313186645508,560271000,0.024869379288335658,3.288454738330972,50.2200537109375,42.73506052017212,0.019765713474874293,61.25313186645508,0.0,425478100.0,True
2024-01-25,NVDA,62.239368666397,62.607717226695215,60.742030169454694,61.50767135620117,482777000,0.00415553428845139,3.3062755590405786,50.485307159423826,42.904986209869385,0.01956390207701694,61.50767135620117,0.0,426708740.0,True
2024-01-26,NVDA,60.85184105783135,61.67338271174931,60.46553046315559,60.92271423339844,390309000,-0.009510311639261193,3.2653215364695694,50.733172225952146,43.07403295516968,0.020084203080803838,61.50767135620117,-0.9510311639261226,426832200.0,False
2024-01-29,NVDA,61.12335395532468,62.37812361839996,60.79893365210522,62.35416793823242,348733000,0.023496223417591056,3.3655404842383208,50.98898483276367,43.253600025177,0.020198783580374656,62.35416793823242,0.0,425467780.0,False
2024-01-30,NVDA,62.78839260190601,63.38033889790534,62.14952501071203,62.66261291503906,410735000,0.004946661738990388,3.387135336321716,51.26629776000976,43.434869031906125,0.020143228937554117,62.66261291503906,0.0,424172540.0,False
2024-01-31,NVDA,61.330983989988475,62.15851544921119,60.59229912426738,61.41783142089844,453795000,-0.019864819486993923,3.2999856848006726,51.50689697265625,43.60844215393067,0.021153607060280608,62.66261291503906,-1.9864819486993923,426453320.0,True
2024-02-01,NVDA,61.98981538927627,63.07888305643791,61.54061686379006,62.9151725769043,369146000,0.02437958360568815,3.404817545306533,51.78107635498047,43.78828446388245,0.01945829873072147,62.9151725769043,0.0,427332140.0,False
2024-02-02,NVDA,63.8604917267368,66.48183193924027,63.57699522405565,66.04261779785156,476578000,0.04970891905485009,3.6237762641175584,52.09562599182129,43.98044581413269,0.020101553893684714,66.04261779785156,0.0,428581300.0,True
2024-02-05,NVDA,68.10394628020288,69.37369252800232,67.08575942583846,69.208984375,680078000,0.04794429237860176,3.84545994521765,52.482785568237304,44.18712168693543,0.02118882156426704,69.208984375,0.0,430867920.0,True
2024-02-06,NVDA,69.50644505901005,69.63022558045657,66.18235963384292,68.10194396972656,683111000,-0.0159956169747425,3.767953823867492,52.872318801879885,44.39238889694214,0.02239341666091709,69.208984375,-1.5995616974742486,426541740.0,True
2024-02-07,NVDA,68.19777661316522,70.09540449820057,67.48005062301553,69.97461700439453,495575000,0.02749808486378047,3.8990634227427865,53.3180704498291,44.60694462776184,0.01970751986277633,69.97461700439453,0.0,430560340.0,True
2024-02-08,NVDA,69.94964819029468,70.66837173802037,69.33175095808991,69.51741790771484,414422000,-0.006533784910190743,3.8670539960772023,53.74537544250488,44.819598569869996,0.020207620578398467,69.97461700439453,-0.6533784910190713,430935540.0,False
2024-02-09,NVDA,70.40785287358678,72.05692221360141,70.08742326576261,72.00502014160156,436637000,0.035783869838045934,4.04121602276757,54.230836715698246,45.048687314987184,0.02071061166535242,72.00502014160156,0.0,431638460.0,True
2024-02-12,NVDA,72.47117717433613,74.4786104438433,71.12357413495056,72.11980438232422,613710000,0.0015941144172577637,4.049252297909975,54.712225646972655,45.2747823047638,0.020854983878655586,72.11980438232422,0.0,436272560.0,True
2024-02-13,NVDA,70.27509946360114,73.31968365428922,69.4964845401849,72.00003051757812,602580000,-0.0016607624739405358,4.040866689172148,55.21856796264648,45.49893119812012,0.020840963473338907,72.11980438232422,-0.16607624739405008,437799220.0,True
2024-02-14,NVDA,73.07211558631658,74.1042774694229,71.8103584587589,73.76887512207031,504917000,0.024567275760533747,4.164707051197129,55.76038703918457,45.72931465148926,0.020634961048361718,73.76887512207031,0.0,440511220.0,True
2024-02-15,NVDA,73.7379485382384,73.84375566502169,72.27155299901098,72.52909088134766,420122000,-0.01680633246299479,4.077907267420737,56.30246383666992,45.947706089019775,0.021269245451389102,73.76887512207031,-1.680633246299475,440162800.0,False
2024-02-16,NVDA,73.96850692718213,74.2699729733596,72.37234535124092,72.48414611816406,495327000,-0.0006196791196116935,4.074760594315792,56.82247932434082,46.169365634918215,0.021409872494296274,73.76887512207031,-1.7415597049301925,442634980.0,True
2024-02-20,NVDA,71.81934169951924,71.82832841143384,67.61381946264177,69.32877349853516,704833000,-0.04353190026526632,3.8538466222539327,57.30060958862305,46.377284135818485,0.02342271427719237,73.76887512207031,-6.018936328075793,449119840.0,True
2024-02-21,NVDA,67.88533642606332,68.76577530674938,66.13045996080022,67.35228729248047,673755000,-0.028508887527001314,3.7154688548267805,57.71738883972168,46.57651774406433,0.024708166310467027,73.76887512207031,-8.69823190196663,455578480.0,True
2024-02-22,NVDA,74.89189108055353,78.43558804957509,74.08831901858908,78.3986587524414,865100000,0.16400885410159205,4.488847498258667,58.3369278717041,46.82540467262268,0.042362915404796,78.3986587524414,0.0,465696000.0,True
2024-02-23,NVDA,80.64664555528343,82.24779566972408,77.43235796782388,78.6771469116211,829388000,0.0035522056577403927,4.508345013396456,58.97958541870117,47.07333386421204,0.042339948079175405,78.6771469116211,0.0,472089200.0,True
2024-02-26,NVDA,79.55858308487059,80.5029113343283,78.36570371037314,78.95166778564453,503973000,0.0034892072831747,4.527564770935438,59.60716979980469,47.325529718399046,0.0423469919414401,78.95166778564453,0.0,474720920.0,True
2024-02-27,NVDA,79.24014935736925,79.33898034064636,77.0250924240117,78.56135559082031,391705000,-0.004943685241506568,4.500238230555893,60.218343353271486,47.57420721054077,0.04223850440440254,78.95166778564453,-0.4943685241506547,473599180.0,False
2024-02-28,NVDA,77.48226929356848,78.79293534780788,76.98814490868608,77.52519226074219,393110000,-0.013189224171167413,4.427694355538266,60.803563079833985,47.819235763549806,0.042539222789851325,78.95166778564453,-1.8067706039792033,473636740.0,False
2024-02-29,NVDA,78.95365284686739,79.84805903387235,78.2109697529952,78.97161865234375,507289000,0.018657501509145025,4.528961571167899,61.406930465698245,48.07268400192261,0.04254319003128551,78.97161865234375,0.0,474183560.0,True
2024-03-01,NVDA,79.85804776923267,82.15396968894088,79.29404786978826,82.13300323486328,479135000,0.04003190812685342,4.750296452821796,62.049827575683594,48.338880434036255,0.04231556275592651,82.13300323486328,0.0,475514520.0,True
2024-03-04,NVDA,83.98071640863849,87.5393930852347,83.57045019844777,85.08575439453125,615616000,0.035950848542874336,4.957024489673819,62.761222991943356,48.61854329109192,0.04252226789052046,85.08575439453125,0.0,478537960.0,True
2024-03-05,NVDA,85.12269695886387,85.94827183043155,83.27290109267872,85.81549835205078,520639000,0.008576570340268708,5.00811532922821,63.517020263671874,48.89703973770142,0.04179853151596888,85.81549835205078,0.0,480992860.0,True
2024-03-06,NVDA,87.86993807352297,89.56899358821315,86.87964744648528,88.54676055908203,582520000,0.03182714380829532,5.19933647982838,64.30989387512207,49.18170785903931,0.04127582234189281,88.54676055908203,0.0,486634760.0,True
2024-03-07,NVDA,90.00224735235656,92.60674140930558,89.44720809741612,92.5089111328125,608119000,0.04474642040785626,5.47673459620454,65.1852049255371,49.48825249671936,0.04130301967384552,92.5089111328125,0.0,493747000.0,True
2024-03-08,NVDA,94.97365533037919,97.23174889760968,86.35656281212522,87.37680053710938,1142269000,-0.05547693225288419,5.11742522979099,65.94890975952148,49.769575662612915,0.04397540562416612,92.5089111328125,-5.5476932252884215,511708380.0,True
2024-03-11,NVDA,86.27969890435133,88.6436045203793,84.0206076407832,85.6258316040039,678364000,-0.020039288716709458,4.9948363794083255,66.67484001159669,50.04457898139954,0.04434950317062609,92.5089111328125,-7.44045027070608,520602700.0,True
2024-03-12,NVDA,87.89691045320731,91.80115020297974,86.00118865594371,91.75423431396484,668075000,0.07157189127579078,5.423898156971493,67.52124198913575,50.35097280502319,0.04601167596072191,92.5089111328125,-0.8157882409449048,529032460.0,True
2024-03-13,NVDA,90.89769886633881,91.34592070136199,88.28222228746216,90.73098754882812,635713000,-0.011152038625654837,5.352258596597674,68.34717903137206,50.615116577148434,0.04624705690090654,92.5089111328125,-1.921894401537014,533960860.0,True
2024-03-14,NVDA,89.42225831640668,90.48941185201531,86.45039611721776,87.79207611083984,602318000,-0.032391485173757895,5.146499506446105,69.14136993408204,50.8597456741333,0.04717628929074093,92.5089111328125,-5.098789904899892,537782140.0,True
2024-03-15,NVDA,86.77983369344113,89.39131202190967,86.10799973550625,87.68526458740234,642086000,-0.0012166419586961963,5.1390214172474575,69.94538330078124,51.0980276298523,0.047127135571867915,92.5089111328125,-5.214250699032637,544205940.0,True
2024-03-18,NVDA,90.23185202169164,92.24536587684682,86.9345566695886,88.30219268798828,668976000,0.007035710087536895,5.182213792160391,70.75317031860351,51.35075592041016,0.04675339003881106,92.5089111328125,-4.547365646521067,551454760.0,True
2024-03-19,NVDA,86.55022352343148,90.38758481674583,84.86314816147532,89.24356842041016,672171000,0.010660842089710965,5.2481213971634455,71.55784400939942,51.59853092193603,0.046685216012145946,92.5089111328125,-3.5297601846317064,556597400.0,True
2024-03-20,NVDA,89.6418701073994,90.25381771221527,88.07059173697641,90.21588134765625,479063000,0.010895047614699838,5.316194977287966,72.3189559173584,51.853377952575684,0.044990199040563915,92.5089111328125,-2.4787123284417545,553328460.0,False
2024-03-21,NVDA,92.14056512598715,92.48796356842453,90.24883426133269,91.27705383300781,480372000,0.01176259068247898,5.390489793476535,73.08358261108398,52.114309253692625,0.04395517976274057,92.5089111328125,-1.33160933873294,547473900.0,False
2024-03-22,NVDA,90.9835495525749,94.61426754269417,90.67708069798141,94.12611389160156,586719000,0.03121332184763692,5.589958208164357,73.8810334777832,52.39206554412842,0.028265694567560277,94.12611389160156,0.0,548532360.0,True
2024-03-25,NVDA,93.77871131394467,96.59882785449742,93.34845614456138,94.83787536621094,552136000,0.007561785408766175,5.639790057987233,74.68329650878906,52.67924427032471,0.028239720185315224,94.83787536621094,0.0,547639900.0,True
2024-03-26,NVDA,95.68542557895928,96.20852249662158,92.34221159309624,92.40110778808594,513648000,-0.02569403383105706,5.469187067606193,75.43906021118164,52.94907419204712,0.029240940714736707,94.83787536621094,-2.5694033831057093,550852980.0,False
2024-03-27,NVDA,92.95114873658731,93.0789259717654,88.96904130951937,90.0940933227539,586067000,-0.024967389683497876,5.307668353153825,76.1153028869629,53.206071586608886,0.0299981629772466,94.83787536621094,-5.001991055935398,553582720.0,True
2024-03-28,NVDA,89.8445176119648,91.14227480173439,89.03891256279711,90.19990539550781,435212000,0.0011744618193207934,5.315076468803542,76.80023010253906,53.46004497528076,0.02967757781260221,94.83787536621094,-4.8904195215190915,552799080.0,False
2024-04-01,NVDA,90.14300148966248,92.0656689808471,89.049892011898,90.2068862915039,452441000,7.739360662828432e-05,5.315565215347596,77.46425437927246,53.70636819839478,0.02961000772034159,94.83787536621094,-4.883058648060953,552014900.0,False
2024-04-02,NVDA,88.295199136712,89.93835929549583,87.46863424504667,89.29747009277344,433064000,-0.010081449832906153,5.251895161462622,78.06249496459961,53.93828853607178,0.028803624374028,94.83787536621094,-5.841975320560006,549806160.0,False
2024-04-03,NVDA,88.33114383542578,90.21787822523544,88.24728931215489,88.81031036376953,370067000,-0.005455470670084894,5.2177881307768175,78.64773803710938,54.16948974609375,0.027938832706372038,94.83787536621094,-6.355651662551817,548148400.0,False
2024-04-04,NVDA,90.24980742241583,90.4774179638533,85.73162583573242,85.75658416748047,434965000,-0.03438481617484401,5.00399062888593,79.1675343322754,54.38522769927979,0.029016878959448923,94.83787536621094,-9.575595365948036,550954620.0,False
2024-04-05,NVDA,86.71594667786945,88.32816244191248,85.7775755946387,87.8559799194336,399678000,0.024480869572102604,5.150973540383813,79.69959129333496,54.60589345932007,0.028660709615258236,94.83787536621094,-7.361927309966784,547742760.0,False
2024-04-08,NVDA,88.54675414355297,88.67653442305598,86.5821594652945,86.98246765136719,283220000,-0.009942547665707457,5.089817192768042,80.20908721923828,54.82599927902222,0.026818450206816658,94.83787536621094,-8.282985763346712,543751620.0,False
2024-04-09,NVDA,87.29093308519522,87.48360044285332,82.87857107978263,85.20653533935547,501700000,-0.020417129566038472,4.965480606109808,80.69476364135743,55.0373251914978,0.024337993624946673,94.83787536621094,-10.155583926426662,545979440.0,False
2024-04-10,NVDA,83.78101275251376,87.24901012884979,83.56438477591776,86.88863372802734,431929000,0.019741424551209752,5.0832476914070295,81.18545295715332,55.261133728027346,0.024323552903758955,94.83787536621094,-8.381927165162715,547643360.0,False
2024-04-11,NVDA,87.26897200773683,90.58223837088431,86.77582976459976,90.4594497680664,431637000,0.04109646897218089,5.3332476914070295,81.74138969421386,55.5106660079956,0.020511316075028856,94.83787536621094,-4.616747877614819,548061400.0,False
2024-04-12,NVDA,89.54404775764081,90.01923104025528,87.37879585703206,88.03366088867188,426805000,-0.02681631256451522,5.163413341765764,82.27370628356934,55.74186141967773,0.02119247646508243,94.83787536621094,-7.174574979948659,547521600.0,False
2024-04-15,NVDA,88.94408228829708,90.45646450816476,85.78055803275619,85.85243225097656,443077000,-0.024777211531095023,5.010701145643261,82.73245147705079,55.965938320159914,0.0206917561228907,94.83787536621094,-9.474530171134274,549000220.0,False
2024-04-16,NVDA,86.28367890740496,87.96576550123054,85.91532070970885,87.26398468017578,370453000,0.016441612569260133,5.1095267651495355,83.15687881469727,56.198545112609864,0.021032515451130353,94.83787536621094,-7.986145468557808,546877720.0,False
2024-04-17,NVDA,88.18738725935935,88.62164096734257,83.80497167986917,83.88983154296875,495400000,-0.03866604475573021,4.873295529811932,83.45049575805665,56.40689552307129,0.022574009229309924,94.83787536621094,-11.5439572860178,543184160.0,False
2024-04-18,NVDA,84.82321393436638,86.0411075798554,82.25964941091485,84.52472686767578,447260000,0.007568203595471834,4.917745826157923,83.77895141601563,56.61786653518677,0.022495898966800036,94.83787536621094,-10.874503945508621,538467140.0,False
2024-04-19,NVDA,83.00637428065669,84.17834237736079,75.47540651529913,76.06837463378906,875198000,-0.10004589836918631,4.325699628659451,83.90082656860352,56.78703475952148,0.03074571126037374,94.83787536621094,-19.791144265879577,546059600.0,True
2024-04-22,NVDA,77.96907171420484,79.93467203595871,76.26802061217705,79.38063049316406,596341000,0.04354313964667944,4.557597311306438,84.0980908203125,56.97383218765259,0.03248091387255492,94.83787536621094,-16.298598859748413,549697980.0,True
2024-04-23,NVDA,80.62946711947102,82.62601207910251,80.12534225900131,82.28060913085938,438559000,0.03653257248876418,4.760630637945101,84.30360260009766,57.17313343048096,0.03280566008618979,94.83787536621094,-13.24077135518105,549736420.0,False
2024-04-24,NVDA,83.80497344877082,83.93674919660243,79.0462101404743,79.53936004638672,512208000,-0.03331585793334324,4.568710286004857,84.45199371337891,57.36034027099609,0.03318015315680727,94.83787536621094,-16.131229491118283,547706380.0,False
2024-04-25,NVDA,78.73174524823247,83.17905069622672,78.08786289005887,82.48925018310547,424641000,0.037087174639051534,4.7752380168962025,84.66177810668945,57.56117380142212,0.034297280930100364,94.83787536621094,-13.020773752492843,544147600.0,False
2024-04-26,NVDA,83.67321658546781,88.17842147858853,83.2429613231266,87.58345031738281,551011000,0.061755927262879595,5.131893195793461,84.9380696105957,57.78000785827637,0.0368738368977343,94.83787536621094,-7.649290982970237,545069480.0,True
2024-04-29,NVDA,87.44367738781547,87.83998710672722,85.11869845127212,87.60540008544922,388971000,0.00025061547571914033,5.133429943123784,85.23959579467774,57.9885968208313,0.03687205748254119,94.83787536621094,-7.626146466096944,544446460.0,False
2024-04-30,NVDA,87.08929643239856,88.66557118869024,86.15092540038592,86.25274658203125,363709000,-0.015440298224751015,5.038727955661335,85.51496780395507,58.19295757293701,0.03701030314505896,94.83787536621094,-9.052426312829882,541814100.0,False
2024-05-01,NVDA,84.93002290842145,85.85142484392729,81.11461964994571,82.89753723144531,559863000,-0.038899739237810205,4.803823012858034,85.78634307861329,58.37559192657471,0.03786990909790462,94.83787536621094,-12.590263213572324,538914700.0,True
2024-05-02,NVDA,84.30310641773906,86.08801954331209,83.05626359727954,85.66874694824219,377898000,0.03342933709912055,4.997840968818499,86.15267227172852,58.566927375793455,0.03867771285612496,94.83787536621094,-9.668213656793442,532997560.0,False
2024-05-03,NVDA,87.6373400551101,89.12675929539812,86.8896334546632,88.63561248779297,398341000,0.03463183068783815,5.205557181743201,86.35741134643554,58.77517812728882,0.03863037101446095,94.83787536621094,-6.539858526425537,523662380.0,False
2024-05-06,NVDA,89.23557056109705,92.06068332323404,88.90115021604193,91.98081970214844,376203000,0.03774111917843603,5.43976185490797,86.6234848022461,59.007924766540526,0.03911642769721689,94.83787536621094,-3.0125681886378683,514598680.0,False
2024-05-07,NVDA,90.94062670307744,91.62244547206083,88.85723403089521,90.39756774902344,437342000,-0.01721284892058883,5.328915207014869,86.85240280151368,59.23879835128784,0.039267920298951625,94.83787536621094,-4.681998199602754,513266060.0,False
2024-05-08,NVDA,89.32843271803675,91.03647574977849,89.2655380075343,90.25582885742188,325721000,-0.0015679502793158884,5.318991782648263,87.0862922668457,59.46745121002197,0.03892988816401576,94.83787536621094,-4.831452087149524,511946380.0,False
2024-05-09,NVDA,90.37261598217049,90.91467725150264,88.07858911055452,88.59369659423828,378013000,-0.018415788589225435,5.20262256588196,87.30766235351562,59.682468757629394,0.03902330937645071,94.83787536621094,-6.58405594585615,511644440.0,False
2024-05-10,NVDA,90.14899684375659,91.24310415488777,89.07285618291228,89.72273254394531,335325000,0.012743976074031993,5.28166863945781,87.52268463134766,59.904264278411866,0.03806959144502511,94.83787536621094,-5.39356538989702,508205160.0,False
2024-05-13,NVDA,90.32170192056742,90.84080791917694,88.37607119051684,90.24284362792969,289680000,0.005796870751006544,5.318082660661398,87.68488143920898,60.12642471313477,0.037569480591041204,94.83787536621094,-4.845144116248705,504416060.0,False
2024-05-14,NVDA,89.44422015487879,91.49267735254841,88.78036800318161,91.19818878173828,296507000,0.01058638131736478,5.384968292901791,87.80713012695313,60.34912015914917,0.03710523404623406,94.83787536621094,-3.8377985276644146,498033880.0,False
2024-05-15,NVDA,92.31226052004403,94.69813133508781,91.44076747625896,94.4665298461914,417735000,0.035837784808151696,5.613791412589677,87.98015075683594,60.58826210021973,0.03767915264317112,94.83787536621094,-0.39155824462073,495975800.0,False
2024-05-16,NVDA,94.74604213563502,95.65346838301872,93.94042944222824,94.19599151611328,323952000,-0.002863853795821769,5.594850480947959,88.09313537597656,60.82715913772583,0.03641851148584652,94.83787536621094,-0.6768222586377637,490804440.0,False
2024-05-17,NVDA,94.20597095996422,94.57632459586712,91.64739527694968,92.31922912597656,359691000,-0.019924015448318455,5.463454578086202,88.08934173583984,61.067840633392336,0.0368575385045746,94.83787536621094,-2.6557387863327486,485835880.0,False
2024-05-20,NVDA,93.58805245494568,95.03554461976276,93.27859039868353,94.61627197265625,318764000,0.02488152109183228,5.624275159496953,88.23413116455077,61.31877973556519,0.02812447918145941,94.83787536621094,-0.23366549777605083,469365780.0,False
2024-05-21,NVDA,93.43729892728764,95.23519004733342,93.01902406434208,95.2212142944336,328946000,0.00639363937264581,5.666628385971952,88.42603881835937,61.57192016601562,0.02711332520652458,95.2212142944336,0.0,462377420.0,False
2024-05-22,NVDA,95.29409598809328,95.85412388547536,93.08791463591838,94.78597259521484,548648000,-0.004570848024190721,5.636156240785919,88.48667358398437,61.81920656204224,0.026506930471474382,95.2212142944336,-0.4570848024190689,459988880.0,True
2024-05-23,NVDA,101.85175314144693,106.1363388077003,101.34462744914427,103.61969757080078,835065000,0.0931965430508428,6.254623061572443,88.74444778442383,62.11441919326782,0.030879983737251312,103.61969757080078,0.0,463975920.0,True
2024-05-24,NVDA,104.26856517672162,106.29106630104066,102.82207077624999,106.28507995605469,429494000,0.02572273851149509,6.441231833584733,89.11430786132813,62.43348829269409,0.03053656171451429,106.28507995605469,0.0,460519440.0,False
2024-05-28,NVDA,110.05354384473526,114.74043237669933,109.69316745366345,113.7042236328125,652728000,0.06980418775453123,6.960660977621276,89.63468704223632,62.79048143386841,0.031227364145068794,113.7042236328125,0.0,460732280.0,True
2024-05-29,NVDA,112.8547051589029,115.29248024146612,110.70941556106891,114.62663269042969,557442000,0.008112355268313998,7.025240687642343,90.16117584228516,63.159736766815186,0.03111432346543124,114.62663269042969,0.0,458501600.0,True
2024-05-30,NVDA,114.45193707992216,115.61891628592592,109.47355289556607,110.3091049194336,484553000,-0.037666008934035156,6.722961900203824,90.58248657226562,63.49294267654419,0.03248959407555754,114.62663269042969,-3.7666008934035182,454749240.0,True
2024-05-31,NVDA,112.32560941345422,112.52227529514084,106.75525509489461,109.443603515625,613263000,-0.007846146557355604,6.6623664092779515,90.967041015625,63.820887870788575,0.030701476632604596,114.62663269042969,-4.521662246506369,457433240.0,True
2024-06-03,NVDA,113.42471506551881,114.80133056640625,111.80950641949946,114.80133056640625,438392000,0.04895422737077859,7.03747163667596,91.43752655029297,64.1778872871399,0.03137842211096438,114.80133056640625,0.0,456593640.0,False
2024-06-04,NVDA,115.51610755402032,116.39857553569502,113.8479889155611,116.23585510253906,403324000,0.012495713499618644,7.137905579509173,91.87972137451172,64.54276792526245,0.03103800412011053,116.23585510253906,0.0,452925740.0,False
2024-06-05,NVDA,118.16652151115385,122.23747225440593,117.26508152569082,122.2284927368164,528402000,0.05155584418414483,7.557462171551631,92.42753372192382,64.93783634185792,0.031717812347492685,122.2284927368164,0.0,452451060.0,True
2024-06-06,NVDA,123.83370517037008,125.3700480295792,118.11560338652608,120.78897857666016,664696000,-0.01177723890660931,7.456678895122996,92.99529113769532,65.30740283966064,0.0314707537214056,122.2284927368164,-1.177723890660933,455472020.0,True
2024-06-07,NVDA,119.56310374577737,121.48178833918006,117.81812979264019,120.6791763305664,412386000,-0.0009090419290537222,7.448991419426786,93.60699279785156,65.68290269851684,0.0314544091265328,122.2284927368164,-1.2675574831688412,451998400.0,False
2024-06-10,NVDA,120.16206756268633,122.88734731323206,116.80787124184927,121.5796127319336,313434100,0.0074614065884961445,7.512032779669845,94.23458694458007,66.05567874908448,0.030600404917039758,122.2284927368164,-0.5308745860754311,449562842.0,False
2024-06-11,NVDA,121.56962984389475,122.66782593913159,118.54461678500223,120.71105194091797,222551200,-0.007143967409492302,7.451223094903353,94.84467025756835,66.4238775062561,0.030998970316412237,122.2284927368164,-1.2414787762832076,444965046.0,False
2024-06-12,NVDA,122.85750988511934,126.67122400488891,122.36831828276222,124.99398803710938,299595000,0.03548089447756353,7.751080049739967,95.55860061645508,66.81920478820801,0.03124983647391168,124.99398803710938,0.0,442295666.0,False
2024-06-13,NVDA,129.1770893049594,129.5864183097163,126.9507630154097,129.396728515625,260704500,0.03522361793279605,8.05932474991132,96.37032897949219,67.23246871948243,0.03149460255287841,129.396728515625,0.0,440108416.0,False
2024-06-14,NVDA,129.7461556011969,132.62140615970972,128.10885485479358,131.66299438476562,309320400,0.017514089383387832,8.217990573334406,97.28845718383789,67.64733795166016,0.031206626596903965,131.66299438476562,0.0,437595524.0,False
2024-06-17,NVDA,132.77115209047653,133.50992456882432,129.3667600598718,130.7644500732422,288504400,-0.006824577518703356,8.15508168210001,98.14662658691407,68.05531911849975,0.03134046425279489,131.66299438476562,-0.6824577518703354,435372052.0,False
2024-06-18,NVDA,130.92420671975586,136.10566894087242,130.47495024767164,135.35690307617188,294335100,0.03512004218545184,8.47660853698662,99.11411529541016,68.48580842971802,0.030457823381215415,135.35690307617188,0.0,435594354.0,False
2024-06-20,NVDA,139.56996619369176,140.52837801062054,129.30688285479897,130.56480407714844,517768400,-0.03540343262971002,8.141104065089278,100.02128067016602,68.89655902862549,0.03262186576347836,135.35690307617188,-3.5403432629710005,435915722.0,True
2024-06-21,NVDA,126.91083052082259,130.4150570517715,124.09547105255645,126.36173248291016,649445800,-0.032191459436149095,7.846838584376339,100.81074264526367,69.28609964370727,0.03423368023606419,135.35690307617188,-6.645520390045938,440266058.0,True
2024-06-24,NVDA,123.03719724453093,124.2551908621237,117.8457572795687,117.91564178466797,476060900,-0.06684057374240637,7.255510817590167,101.3598664855957,69.64081102371216,0.03837855424180673,135.35690307617188,-12.885387368599046,441154536.0,True
2024-06-25,NVDA,121.00056206941291,126.29184395373642,119.1236583558784,125.88251495361328,414192600,0.06756417595126218,7.813287603037377,102.11684356689453,70.03944913864136,0.035970568178769695,135.35690307617188,-6.999560352845025,440902288.0,False
2024-06-26,NVDA,125.92244899462368,127.90917229563556,122.39825886605338,126.19200897216797,362975900,0.002458594179411966,7.834955900639688,102.92363510131835,70.44297346115113,0.035817594526170504,135.35690307617188,-6.77091001324578,439300266.0,False
2024-06-27,NVDA,123.89580747213047,126.2020118359468,122.71774870964305,123.7859878540039,252571700,-0.019066350855026948,7.666505531649401,103.65407516479492,70.83643404006958,0.03342142335681615,135.35690307617188,-8.548448552828116,436942640.0,False
2024-06-28,NVDA,124.37501298465715,127.49986001719877,122.54802231076043,123.33672332763672,315516700,-0.0036293649560487085,7.6350516201814305,104.44301300048828,71.22918542861939,0.03345764848492265,135.35690307617188,-8.880359608826764,433344974.0,False
2024-07-01,NVDA,123.26683055595603,124.63457133754859,118.63446631453066,124.09546661376953,284885500,0.006151803499086395,7.688172760953254,105.23442779541016,71.62266124725342,0.03206494705443303,135.35690307617188,-8.319809486232845,430097484.0,False
2024-07-02,NVDA,120.93067286767031,123.20692743216773,120.8308389451457,122.4681396484375,218374000,-0.013113508573176724,7.574240332967253,106.16242309570312,72.00752132415772,0.03219990981567662,135.35690307617188,-9.522058450525604,416961004.0,False
2024-07-03,NVDA,121.45980705227005,128.06890869140625,121.16029766804549,128.06890869140625,215749000,0.04573245791963987,7.966361418187557,107.13618865966797,72.42877460479737,0.03199132417180272,135.35690307617188,-5.384279795958628,409349164.0,False
2024-07-05,NVDA,127.17039258704797,128.63798252741702,125.47319299554034,125.6229476928711,214176700,-0.019098788484478435,7.795114777986205,108.0030354309082,72.83746870040893,0.03239648090927033,135.35690307617188,-7.191325423442212,404861518.0,False
2024-07-08,NVDA,127.28020581947078,130.55481479101948,126.83094936680692,127.9890365600586,237677300,0.018834845946874568,7.960769409914656,108.97202896118164,73.26021905899047,0.0307501704359701,135.35690307617188,-5.443288335259138,399370904.0,False
2024-07-09,NVDA,130.13552958791902,133.59982130546845,128.4383145629174,131.16383361816406,285366600,0.024805226630608246,8.18304332591221,109.94552062988281,73.70523651123047,0.03092799026406412,135.35690307617188,-3.0977876729701546,396585416.0,False
2024-07-10,NVDA,133.80946190177127,134.87770860466375,132.20211043348235,134.68801879882812,248978600,0.026868574083641406,8.42977860582777,110.88761199951172,74.17397348403931,0.031282139068412214,135.35690307617188,-0.49416340219259924,390544768.0,False
2024-07-11,NVDA,135.52662745493282,135.92596317348227,126.84094609019272,127.19036865234375,374782700,-0.05566679362685534,7.9048530662302205,111.6793113708496,74.60226272583007,0.03401887713831909,135.35690307617188,-6.033334272750332,390261002.0,False
2024-07-12,NVDA,128.04894535138322,131.70292655352904,127.01066335258953,129.02734375,252680500,0.014442721702280448,8.033463380865483,112.53480331420899,75.03668252944946,0.03403257473068777,135.35690307617188,-4.676199870360454,388040432.0,False
2024-07-15,NVDA,130.3451595951711,131.1737956487568,126.97072416574117,128.22865295410156,208326200,-0.0061900894235717985,7.977545434733363,113.4414256286621,75.4686610031128,0.03329568320900012,135.35690307617188,-5.266262717357608,381009696.0,False
2024-07-16,NVDA,128.22865593379024,128.82765950066548,124.37500690887067,126.1520767211914,214769500,-0.016194323071095917,7.832160163577848,114.2510922241211,75.88747678756714,0.03259400457869058,135.35690307617188,-6.800411464645041,377747126.0,False
2024-07-17,NVDA,121.15030890615485,121.64948612259293,116.52793062400055,117.79583740234375,390086200,-0.06623941147885959,7.247123072255423,114.8342967224121,76.26141216278076,0.03526811589451329,135.35690307617188,-12.97389735929882,377582030.0,True
2024-07-18,NVDA,121.64949097287113,122.19858897958201,116.36819489836525,120.89073944091797,320979500,0.026273441462988822,7.46380337753239,115.4124951171875,76.64877584457398,0.03590179787241432,135.35690307617188,-10.687422145816306,376477560.0,False
2024-07-19,NVDA,120.15197050658449,121.3999137142076,117.17687816504188,117.73595428466797,217223800,-0.02609616891119948,7.242930534961124,115.95926284790039,77.01396253585816,0.03511889794036756,135.35690307617188,-13.01813826339374,372075196.0,False
2024-07-22,NVDA,120.15196984200875,123.86585002604772,119.66277824004172,123.33672332763672,258068900,0.047570591982691424,7.635051620181427,116.62088073730469,77.41346632003784,0.0362966065365014,135.35690307617188,-8.880359608826764,370722154.0,False
2024-07-23,NVDA,122.57795729865761,124.4848179409612,121.89907597271183,122.38826751708984,173911000,-0.007689970877751917,7.5686483246943475,117.29677215576172,77.80561269760132,0.03566856329834651,135.35690307617188,-9.581066989826112,366640114.0,False
2024-07-24,NVDA,118.97391446537992,119.75262982559674,113.25334693957731,114.06201171875,327776900,-0.06803148673688997,6.9857104398398295,117.78355773925782,78.15289886474609,0.03577940230213202,135.35690307617188,-15.732401431671505,366489152.0,False
2024-07-25,NVDA,112.85399693651604,116.43808604158575,106.12508953993542,112.09524536132812,460067000,-0.017242956947589705,6.8480131785297536,118.22060577392578,78.48499114990234,0.032271623820600344,135.35690307617188,-17.185424005861965,369896892.0,True
2024-07-26,NVDA,115.99880916186419,116.00878722251285,111.3963944118867,112.87395477294922,293399100,0.00694685496348213,6.902532187832496,118.65412109375,78.82341743469239,0.03233832342504112,135.35690307617188,-16.610123157568413,369834734.0,False
2024-07-29,NVDA,113.50292255867154,116.08865698961546,111.1168559757427,111.4063720703125,248152100,-0.013001960510631738,6.799783776392302,118.99291793823242,79.15188568115235,0.03223138123189329,135.35690307617188,-17.694355043260153,366443076.0,False
2024-07-30,NVDA,111.33647720819822,111.80570498592243,102.37125913301429,103.5593032836914,486833300,-0.07043644488906375,6.250394736279832,119.18018417358398,79.4360880279541,0.03529244127267018,135.35690307617188,-23.491672068314404,369700702.0,True
2024-07-31,NVDA,112.71421539482289,118.1452582531107,110.6975352036146,116.82743072509766,473174200,0.1281210574105487,7.179322976535881,119.67034820556641,79.78593725204468,0.04607300724039605,135.35690307617188,-13.689344192993827,371970366.0,True
2024-08-01,NVDA,117.33658921457162,119.9622661121472,106.6342290284255,109.03028106689453,523462300,-0.06674074410272968,6.633428874825322,119.95862838745117,80.10420694351197,0.0481656490260325,135.35690307617188,-19.44978158554801,376064332.0,True
2024-08-02,NVDA,103.58926418951675,108.54110155423277,101.20319756374683,107.0934829711914,482027500,-0.017763854928658063,6.497829751684695,120.19607376098632,80.4096284866333,0.04683380427473332,135.35690307617188,-20.880663979934052,379125962.0,True
2024-08-05,NVDA,91.90851949250676,103.23984998207244,90.54077860317504,100.28471374511719,552842400,-0.06357781105976179,6.021134148373825,120.30604858398438,80.69177114486695,0.048367445193532234,135.35690307617188,-25.91089817659161,379209850.0,True
2024-08-06,NVDA,103.6691316762756,107.5327664843651,100.38455194570304,104.07846069335938,409012100,0.037829762947565015,6.286741988829861,120.31522384643554,81.0015763282776,0.04909734518267729,135.35690307617188,-23.108125017614068,370688792.0,True
2024-08-07,NVDA,107.6325862976113,108.6209626457341,98.52759897070796,98.74723815917969,411440400,-0.05122311089790976,5.9134923958515735,120.16446701049804,81.28519947052001,0.049308374948035805,135.35690307617188,-27.04676605698503,370327720.0,True
2024-08-08,NVDA,101.83214285610454,105.32638305214735,97.35951205376053,104.79725646972656,391910000,0.06126772174422035,6.337066324241391,119.98632766723632,81.60263608932495,0.051208962482107136,135.35690307617188,-22.577087619423388,365111360.0,True
2024-08-09,NVDA,105.46617163856445,106.42459107060563,103.2598090475883,104.57763671875,290844200,-0.002095663172632767,6.321690304550515,119.78534774780273,81.9110493850708,0.05017824509338888,135.35690307617188,-22.73933996561734,359779404.0,False
2024-08-12,NVDA,106.14505252549102,110.88723650727509,106.08515369153115,108.84060668945312,325559900,0.04076368623788951,6.62014939085621,119.75597778320312,82.23734394073486,0.05108989646427382,135.35690307617188,-19.589910661443508,356599542.0,False
2024-08-13,NVDA,112.25498209343158,116.03874655153282,111.39639661656214,115.94889068603516,312646700,0.06530911773455639,7.117814624578546,119.88608352661133,82.60858238220214,0.0534630447958064,135.35690307617188,-14.338398669785532,350587216.0,False
2024-08-14,NVDA,118.33494521272233,118.40482971569406,113.8822855253416,117.88568878173828,339246400,0.016703895002734948,7.253413747719172,119.94777069091796,82.99675626754761,0.053552565647813,135.35690307617188,-12.907516275399486,348604304.0,False
2024-08-15,NVDA,118.56458490618095,123.03720888953038,117.27670666159618,122.6578369140625,318086700,0.04048114899815958,7.58752141938405,120.07621032714843,83.40792251586915,0.05218536484938179,135.35690307617188,-9.381912465124143,346899558.0,False
2024-08-16,NVDA,121.73934484458584,124.79430704362497,120.98059332504539,124.375,302589900,0.013999619829759391,7.707743454535342,120.11914047241211,83.82437574386597,0.0519824565887363,135.35690307617188,-8.113293689936025,342383316.0,False
2024-08-19,NVDA,124.0754979878485,129.7860870361328,123.21691249503145,129.7860870361328,318333600,0.04350622742619348,8.086584521637304,120.29908264160156,84.26978588104248,0.052277818021693706,135.35690307617188,-4.115649747766536,335456068.0,False
2024-08-20,NVDA,128.18872055728244,129.66629628755138,125.6828560733908,127.04061889648438,300087400,-0.021153793926186326,7.8943687851737145,120.42631149291992,84.69375802993774,0.05168905871489035,135.35690307617188,-6.1439675337485555,333210096.0,False
2024-08-21,NVDA,127.11050029285343,129.13716641620366,126.45159025428316,128.28855895996094,257883600,0.009823157934183424,7.9817395744753465,120.56049041748047,85.11807588577271,0.05165490000889842,135.35690307617188,-5.222004903756729,332099086.0,False
2024-08-22,NVDA,129.80604926899383,130.5348437487765,122.89743071735391,123.536376953125,376189100,-0.03704291361101886,7.649029771341388,120.6169969177246,85.5111517906189,0.04992287348775584,135.35690307617188,-8.73285798833244,335171844.0,True
2024-08-23,NVDA,125.65288601497598,129.38673697357257,125.01393980516215,129.1571044921875,323230300,0.045498562267171305,8.042548190943382,120.70025924682618,85.9286082649231,0.05040185865130937,135.35690307617188,-4.580334244567822,335644550.0,False
2024-08-26,NVDA,129.35679802537265,131.04400430992783,124.16535012958609,126.25190734863281,331964700,-0.02249351404227573,7.839149506232442,120.63736282348633,86.33052062988281,0.05083906810056525,135.35690307617188,-6.726657836146888,337069754.0,False
2024-08-27,NVDA,124.84424526829238,128.98741074794592,123.67616460225028,128.08889770507812,303134600,0.014550198844700546,7.9677608891661595,120.56588088989258,86.73852874755859,0.05066419057023381,135.35690307617188,-5.369512160753036,336946038.0,False
2024-08-28,NVDA,127.90917706049713,128.118838213882,122.43819852070378,125.40331268310547,448101100,-0.020966571421015434,7.7797376899968675,120.45865814208985,87.1312324333191,0.04791662070383156,135.35690307617188,-7.353589042640138,340137972.0,True
2024-08-29,NVDA,121.16030816238968,124.22525631015377,116.51795800585043,117.3965072631836,453023300,-0.06384843628616965,7.2191651674878194,120.09945022583008,87.47698997497558,0.04228112757104785,135.35690307617188,-13.268917509793422,343311736.0,True
2024-08-30,NVDA,119.33331674975315,121.54966504357485,117.02712020356385,119.173583984375,333751600,0.01513739005205239,7.343581876530324,119.87162582397461,87.83021059036255,0.03939000415540588,135.35690307617188,-11.956035284502438,339631400.0,False
2024-09-03,NVDA,115.81910218205195,116.01877002584149,107.11345013644421,107.82228088378906,477155100,-0.09525016132832109,6.548854356734755,119.50083679199219,88.12150430679321,0.044874971383582506,135.35690307617188,-20.342237127638587,336185586.0,True
2024-09-04,NVDA,105.23655349888746,113.0836130103624,103.94867525541761,106.03523254394531,372470300,-0.016574017217923953,6.423739514650633,119.26322860717774,88.40769563674927,0.04259153001352667,135.35690307617188,-21.662486261026405,334113774.0,True
2024-09-05,NVDA,104.817243866478,109.4695798052194,104.58762658147727,107.0335922241211,306850700,0.009415358048675104,6.493636680241166,118.88625015258789,88.695924243927,0.04189315903797438,135.35690307617188,-20.924910520530958,331966936.0,False
2024-09-06,NVDA,107.86222325429438,107.97204286084109,100.78388574677186,102.66079711914062,413638100,-0.040854417889891304,6.187488515791576,118.41562591552734,88.96319721221924,0.04128901626694857,135.35690307617188,-24.15547727080574,332980180.0,True
2024-09-09,NVDA,104.7074122640328,106.37466998895037,103.5193756446925,106.2947998046875,273912000,0.035398153798957166,6.441912339701805,118.06580215454102,89.24309553146362,0.039812994522873575,135.35690307617188,-21.47072119042922,333406986.0,False
2024-09-10,NVDA,107.63258781478571,109.21997530676359,104.77729355808466,107.92211151123047,268283700,0.015309419741446284,6.5558436993893485,117.75750991821289,89.53345106124878,0.039916671876569616,135.35690307617188,-20.268483499140434,332462326.0,False
2024-09-11,NVDA,109.21000549756162,116.9971741685222,107.24324578146685,116.71763610839844,441422400,0.08149881867584385,7.171636034988898,117.60995330810547,89.87391283035278,0.04276860742390702,135.35690307617188,-13.770459093086831,335593064.0,True
2024-09-12,NVDA,116.6577172050991,120.60155948017247,115.19999582839206,118.95413208007812,366052700,0.019161594136490212,7.328217608122474,117.53967315673827,90.2302483177185,0.04060312675482815,135.35690307617188,-12.118163627652677,338546638.0,True
2024-09-13,NVDA,118.8942191250157,119.77284345041441,117.41652479583126,118.9141845703125,238358300,-0.0003358228004953778,7.32542080276218,117.35657867431641,90.58405839920044,0.040464916714049996,135.35690307617188,-12.147676352055914,338998824.0,False
2024-09-16,NVDA,116.60779536966285,117.99562620382233,114.1815861384539,116.59780883789062,248772300,-0.01947938961858864,7.163246687206472,117.17607589721679,90.92838766098022,0.039662298009945494,135.35690307617188,-13.858985993292563,339690736.0,False
2024-09-17,NVDA,117.98565261863203,118.61467469194447,114.65086668501063,115.40967559814453,231925900,-0.010190013445261159,7.080063093706855,116.92448867797852,91.26518424987793,0.03953605869288462,135.35690307617188,-14.736764084209339,339575708.0,False
2024-09-18,NVDA,115.70919560695407,117.51636932909096,113.04336298957726,113.19313049316406,310318900,-0.019205886278534035,6.924878320805741,116.56507461547852,91.59773532867432,0.03820933784100755,135.35690307617188,-16.374320096947834,340074754.0,False
2024-09-19,NVDA,117.16691844656921,119.47331975028854,117.06707598202318,117.68611145019531,293506400,0.0396930532573494,7.239440938051496,116.22503646850586,91.95277627944947,0.039278175411867636,135.35690307617188,-13.05496153087394,340965310.0,False
2024-09-20,NVDA,116.87737463970251,118.43494609535816,115.2099818009,115.81903076171875,382462400,-0.015864919534423705,7.108722870560673,115.99760971069335,92.30474517822266,0.039262350034903803,135.35690307617188,-14.434337570103995,341118904.0,True
2024-09-23,NVDA,116.36817703420066,116.80748542405605,114.68081111279044,116.07862854003906,206228500,0.0022414086580848647,7.126897832208758,115.73863540649414,92.65272146224976,0.03854440118237406,135.35690307617188,-14.242549953498859,340189864.0,False
2024-09-24,NVDA,116.33821493002908,121.60998405209612,115.19999404233639,120.68143463134766,354966800,0.03965248512322783,7.449149527598408,115.58769104003906,93.02901733398437,0.03820191972399236,135.35690307617188,-10.842053941324014,343122676.0,True
2024-09-25,NVDA,121.82963321276459,124.74508350925583,121.42027681497308,123.31731414794922,284692900,0.02184163226641722,7.6336927445441844,115.53099578857422,93.41303728103638,0.038268159786911095,135.35690307617188,-8.894698869881351,344521144.0,False
2024-09-26,NVDA,126.60217747362803,127.47081527785902,121.6099781665842,123.84648132324219,302582900,0.004291102015554049,7.670740800881973,115.65200866699219,93.79516115188599,0.0381328357692219,135.35690307617188,-8.503756728574247,342771078.0,False
2024-09-27,NVDA,123.77659196922,123.83649592385486,119.07394109309165,121.21060180664062,271009200,-0.021283442924162288,7.486197583936196,115.65840591430664,94.16849281311035,0.03814123429424868,135.35690307617188,-10.45111180001691,341771672.0,False
2024-09-30,NVDA,118.12541998168962,121.31044564232414,117.96567356169257,121.25054168701172,226553700,0.00032950814347754154,7.488993855147262,115.72869766235351,94.53688327789307,0.03531293160039566,135.35690307617188,-10.421604712115661,341958270.0,False
2024-10-01,NVDA,121.58002164337385,122.24898215671047,115.60935538711523,116.81746673583984,302094500,-0.03656127955795141,7.178625377643492,115.59831253051757,94.88095722198486,0.03615356525712177,135.35690307617188,-13.696705464588677,342838782.0,False
2024-10-02,NVDA,116.25833761189251,119.19374556676668,114.9603627706106,118.6645736694336,221845900,0.01581190711634428,7.3079450424541665,115.52383865356445,95.23295906066895,0.028985542162065222,135.35690307617188,-12.33208578756024,343797480.0,False
2024-10-03,NVDA,120.73135113827638,124.16598683922703,120.15225416683853,122.65834045410156,277118000,0.03365593168348191,7.587556673233125,115.69576522827148,95.6022345161438,0.029190909147105534,135.35690307617188,-9.381540455993012,342784302.0,False
2024-10-04,NVDA,124.74507834860822,124.84492081095192,121.63992977952229,124.72510528564453,243678100,0.01684977005144095,7.732255028480822,115.94836242675781,95.97591930389405,0.02926209791456829,135.35690307617188,-7.8546402502606885,338456524.0,False
2024-10-07,NVDA,124.79500006476454,130.43618698242878,124.7550615549546,127.52074432373047,346250200,0.022414405116623293,7.927983330270862,116.24129821777343,96.36594310760498,0.02719578000987722,135.35690307617188,-5.789256827213031,339513546.0,True
2024-10-08,NVDA,130.0567764001493,133.27175410957346,129.2180905372518,132.68267822265625,285722500,0.04047917008562507,8.289380686018522,116.66682434082031,96.78922832489013,0.0274476994441797,135.35690307617188,-1.9756841304286559,340264954.0,False
2024-10-09,NVDA,133.9007832398008,134.31014727855833,131.1750464230449,132.44305419921875,246191600,-0.0018059932663959666,8.272604127050583,117.24449935913086,97.20692819595337,0.027566167163603852,135.35690307617188,-2.1527153848321734,335452120.0,False
2024-10-10,NVDA,131.70421594134592,134.7893916948541,130.79563194093248,134.5996856689453,242311300,0.016283462222810074,8.423594226060484,117.59994445800781,97.63620983123779,0.02229639495028966,135.35690307617188,-0.5594228221965448,330834862.0,False
2024-10-11,NVDA,133.80093033986074,135.5681732923908,133.4514855032485,134.58970642089844,170209500,-7.414020320539727e-05,8.422895558869639,118.11113296508789,98.06320056915283,0.02216855529284111,135.35690307617188,-0.5667953667953668,323769806.0,False
2024-10-14,NVDA,136.2570891265267,139.3822107684187,136.0873561782587,137.85459899902344,232347700,0.02425811501449293,8.651477243106253,118.72635528564453,98.50582696914672,0.02245761039720493,137.85459899902344,0.0,318776210.0,False
2024-10-15,NVDA,137.654906403531,138.3538265330219,128.5391603262797,131.3946990966797,377831000,-0.04686024223529539,8.199206681565853,119.34855499267579,98.91562978744507,0.024766385571009384,137.85459899902344,-4.68602422352954,315275982.0,True
2024-10-16,NVDA,133.7709642153392,136.40684475827754,131.37471471629812,135.5082550048828,264879700,0.03130686349208345,8.487204989381096,119.97715087890624,99.34600038528443,0.025063890448039295,137.85459899902344,-1.7020425950078362,312393334.0,False
2024-10-17,NVDA,139.12262899690117,140.6702140778628,136.65648092397825,136.7163848876953,306435900,0.008915544538367515,8.571788588008546,120.73653381347657,99.78916965484619,0.024278032708017816,137.85459899902344,-0.8256627777330723,310293244.0,False
2024-10-18,NVDA,138.45366668655112,138.6833036103306,137.06583575895257,137.7847137451172,176090200,0.007814197678642776,8.646584436173422,121.39628295898437,100.24067024230958,0.02325872619676149,137.85459899902344,-0.05069490202988808,305976848.0,False
2024-10-21,NVDA,137.91451267760561,143.48580932617188,137.78471061125512,143.48580932617188,264554500,0.04137683655968494,9.04572958374817,122.1744464111328,100.71853507995606,0.02369734450788984,143.48580932617188,0.0,305451054.0,False
2024-10-22,NVDA,142.6870654207542,144.19470435057536,141.55882333477078,143.36599731445312,226311600,-0.0008350094847804357,9.037341304264201,122.86495422363281,101.19031564712525,0.023760511640837527,143.48580932617188,-0.08350094847804315,303466088.0,False
2024-10-23,NVDA,141.80841766733155,142.20778753302577,137.24555525009052,139.34226989746094,285930000,-0.028066120923824878,8.75563206946502,123.33282180786132,101.62622556686401,0.024179871376079146,143.48580932617188,-2.8877694931432876,302931754.0,False
2024-10-24,NVDA,140.6003124972593,141.12948441968888,138.2439937495604,140.19094848632812,172354900,0.006090604017658929,8.815049761342106,123.77892700195312,102.06195171356201,0.02394449429343719,143.48580932617188,-2.296297351854408,299593924.0,False
2024-10-25,NVDA,140.71013437273555,143.90515439009727,140.5803475394567,141.31918334960938,205122100,0.00804784385484969,8.894039749248966,124.15215393066406,102.49727977752686,0.023941987362791697,143.48580932617188,-1.5099932089014647,297334632.0,False
2024-10-28,NVDA,142.77690797567064,142.9166889544992,139.83151327072179,140.30078125,173586700,-0.007206396721738395,8.82273937363523,124.47066955566406,102.92516006469727,0.023311665652967054,143.48580932617188,-2.2197512709648315,294754568.0,False
2024-10-29,NVDA,140.0711235834401,142.0380513591214,138.68329276437913,141.02963256835938,157593600,0.005194919884734306,8.87376771772989,124.6955404663086,103.35724361419678,0.0232635870007511,143.48580932617188,-1.7117907125081062,291539768.0,False
2024-10-30,NVDA,139.32230457284558,140.11108066863528,136.59656776236113,139.12261962890625,179418100,-0.013522072664613694,8.74025391317723,124.93718048095702,103.77144691467285,0.02156390865230659,143.48580932617188,-3.0408510205683297,289126382.0,False
2024-10-31,NVDA,137.38533225522045,137.39531116933003,131.90389188236236,132.55287170410156,270039600,-0.04722271577640458,8.28029267104525,125.02246673583984,104.15444355010986,0.024669997313581007,143.48580932617188,-7.619525354746101,289369502.0,False
2024-11-01,NVDA,134.48984636430032,137.09577501351765,134.36005954202903,135.18875122070312,207127800,0.019885495370373096,8.464835887991029,125.2555142211914,104.5453589439392,0.02406181969277427,143.48580932617188,-5.7824938538750414,285988276.0,False
2024-11-04,NVDA,136.99596264099162,138.74323268611076,135.35852160810796,135.8377685546875,187528200,0.004800823501393436,8.510274894558929,125.38912750244141,104.92762058258057,0.02390628592870485,143.48580932617188,-5.3301722361260495,283274234.0,False
2024-11-05,NVDA,137.23555788662173,140.151000495864,137.11574997671616,139.6917266845703,160537400,0.028371771495430798,8.780098240726087,125.65792388916016,105.32833843231201,0.024165352386523852,143.48580932617188,-2.644221515297625,279845688.0,False
2024-11-06,NVDA,142.73698322061895,146.2614750565614,141.73854326176877,145.38284301757812,242043900,0.040740539673180365,9.17854472110999,126.00380279541015,105.756418800354,0.02418479881280232,145.38284301757812,0.0,278623874.0,False
2024-11-07,NVDA,146.1616297903136,148.69766066609404,145.9419717733186,148.6477508544922,207323300,0.022457311806175717,9.40712747364506,126.46869155883789,106.19339189529418,0.024439554408813756,148.6477508544922,0.0,273808318.0,False
2024-11-08,NVDA,148.53787885494532,149.53631855776948,146.03178545046896,147.399658203125,175665800,-0.008396310365899273,9.319746001358858,127.06875457763672,106.62285182952881,0.024503433141107082,148.6477508544922,-0.8396310365899287,268261168.0,False
2024-11-11,NVDA,148.44803352101476,148.6177817068004,143.3460203778287,145.0333709716797,182325600,-0.01605354625846167,9.15407748155047,127.58595031738281,107.04340511322022,0.024901460010812077,148.6477508544922,-2.431506606750163,265232648.0,False
2024-11-12,NVDA,146.55098572515575,149.41650294104454,145.78218284955818,148.05862426757812,198634700,0.020859015243389623,9.365881538520691,128.3906771850586,107.47192739486694,0.024772969038601645,148.6477508544922,-0.3963239157858128,259662240.0,False
2024-11-13,NVDA,148.83741275957428,149.09700159587854,145.67234551723544,146.04177856445312,191903300,-0.013621940046397163,9.224678121674907,129.19080810546876,107.88882322311402,0.022321631508649197,148.6477508544922,-1.753119219805746,256050900.0,False
2024-11-14,NVDA,147.40968372724925,148.76756276185756,145.32294774490563,146.5310516357422,194463300,0.0033502267371601224,9.258933111696999,129.98075729370117,108.31438932418823,0.021510888854763172,148.6477508544922,-1.423969892973347,253803152.0,False
2024-11-15,NVDA,144.64395883880698,145.01339189876805,139.86143923454313,141.7584686279297,250132900,-0.03257045489359167,8.924794993526097,130.76271072387695,108.70860580444337,0.022892815199378087,148.6477508544922,-4.634636035163598,250533048.0,False
2024-11-18,NVDA,139.28235565663965,141.32916034590224,136.93601597273187,139.93133544921875,221205300,-0.012889058384981333,8.79687373139557,131.43544143676758,109.0780493927002,0.023073894906910114,148.6477508544922,-5.863805779211375,249478914.0,False
2024-11-19,NVDA,141.09954425974988,146.90047806374457,140.77005724054902,146.78065490722656,227834900,0.048947717364517196,9.276408337855782,132.2126123046875,109.46590774536133,0.023784667225217094,148.6477508544922,-1.2560539507209103,248669938.0,False
2024-11-20,NVDA,147.18003223590216,147.32979212988033,142.50732548898966,145.6623992919922,309871700,-0.007618549024332788,9.198117017139767,132.79150756835938,109.85371002197266,0.02386177425945886,148.6477508544922,-2.008339544553413,246038924.0,True
2024-11-21,NVDA,149.11701974284432,152.65149063112756,140.4805046221909,146.44119262695312,400946600,0.005346563963976703,9.252641902084024,133.34124877929688,110.23604290008545,0.022920224240803196,148.6477508544922,-1.4844208639920902,246736802.0,True
2024-11-22,NVDA,145.70233282975542,146.93042492260167,140.8798813363258,141.72854614257812,236406200,-0.032181153402513485,8.922700060252021,133.7975360107422,110.59709854125977,0.024120486125267404,148.6477508544922,-4.654765828705414,246697760.0,False
2024-11-25,NVDA,141.76848775116036,141.82839170792872,135.60811535874635,135.80780029296875,344941900,-0.04177525283899508,8.508176756389481,134.18173583984375,110.9161124420166,0.025765763877484898,148.6477508544922,-8.637837093204434,248621152.0,True
2024-11-26,NVDA,137.4851722903331,139.08268223719327,135.45834049580736,136.70639038085938,190287700,0.00661663090008191,8.57108885251925,134.60767013549804,111.23904537200927,0.025791297018025534,148.6477508544922,-8.033327383017005,247788388.0,False
2024-11-27,NVDA,134.7993582371888,137.00591700209634,131.59437486042492,135.12884521484375,226370900,-0.011539659277233771,8.460641748249047,135.04638442993163,111.55468944549561,0.02585143430799569,148.6477508544922,-9.094591449877893,246109428.0,False
2024-11-29,NVDA,136.56662423239774,139.13262238748922,135.837767286179,138.03433227539062,141863200,0.021501605049072836,8.664060730630668,135.45334884643555,111.87601673126221,0.026179307990308764,148.6477508544922,-7.139979258408552,243076564.0,False
2024-12-02,NVDA,138.6134117376161,140.23087948399635,137.60499293345052,138.41372680664062,171682800,0.002748551936289756,8.690622903464265,135.905242767334,112.20543991088867,0.023843760397473684,148.6477508544922,-6.8847486685953365,238860972.0,False
2024-12-03,NVDA,138.04431859051348,140.3207607312636,137.73480460641824,140.04119873046875,164414000,0.01175802401521664,8.804565480285605,136.3844941711426,112.54322517395019,0.023609408992699785,148.6477508544922,-5.78989730725774,238024682.0,False
2024-12-04,NVDA,141.77847337465352,145.56255409442886,140.07113435104438,144.91357421875,231224300,0.034792443455578415,9.145690270364959,136.86913696289062,112.92114917755127,0.024673900205805753,148.6477508544922,-2.512097636376272,235549832.0,False
2024-12-05,NVDA,144.89361745373108,146.3214777724878,143.7353435501018,144.84368896484375,172621200,-0.00048225471135476816,9.14079746343213,137.29966445922852,113.30860618591309,0.024006600666425085,148.6477508544922,-2.559111636591222,233308398.0,False
2024-12-06,NVDA,144.38436733563313,145.4827177885172,141.09926510716357,142.2275848388672,188505600,-0.01806156791968716,8.957638761286558,137.667286529541,113.62775081634521,0.022653111624003897,148.6477508544922,-4.319046859921581,231026852.0,False
2024-12-09,NVDA,138.76276188244717,139.74129618907318,136.9255094433844,138.60299682617188,189308600,-0.025484423551181634,8.703874077524269,138.01513442993163,113.92738006591797,0.02260772679971294,148.6477508544922,-6.757420795524103,229392840.0,False
2024-12-10,NVDA,138.80268748950093,141.60850970621567,133.5904709096604,134.8685760498047,210020900,-0.026943290274240583,8.442419781468853,138.2874951171875,114.20696460723877,0.023180670343452038,148.6477508544922,-9.26968267294916,229062184.0,False
2024-12-11,NVDA,137.155160163518,139.96096726526153,135.00837248215075,139.1022491455078,184905200,0.031391101023708456,8.738827734737205,138.73319076538087,114.50966907501221,0.024231962459529115,148.6477508544922,-6.421558115822583,226718398.0,False
2024-12-12,NVDA,136.87555561216806,138.2335278669699,135.5974658707112,137.13516235351562,159211400,-0.0141413011225614,8.601108039159534,139.1026025390625,114.80771892547608,0.02380208333630658,148.6477508544922,-7.744879041086848,225465708.0,False
2024-12-13,NVDA,138.7327975455873,139.39181692680097,132.34233289302693,134.04978942871094,231514900,-0.022498773267581207,8.385094886268933,139.3304315185547,115.08310977935791,0.024070486161591062,148.6477508544922,-9.820506090314716,224553646.0,True
2024-12-16,NVDA,133.9798879813558,134.19956111084232,130.22550081237128,131.8031463623047,237951100,-0.01675976572571225,8.227802894661485,139.4719923400879,115.33146049499511,0.02417174665137484,148.6477508544922,-11.331893281504334,224439106.0,True
2024-12-17,NVDA,128.89749220508244,131.39376410572794,126.67082193579633,130.195556640625,259410300,-0.012196899437140085,8.115252310729549,139.52548858642578,115.55700950622558,0.023395896775860087,148.6477508544922,-12.41336926243143,222702308.0,True
2024-12-18,NVDA,133.6603731199009,136.49613412730267,128.08869283192976,128.71775817871094,277444500,-0.011350605965710359,8.011788673472427,139.44619018554687,115.77152080535889,0.023368353844792945,148.6477508544922,-13.407530595797748,222536748.0,True
2024-12-19,NVDA,131.56348324328064,133.8301019554315,129.35678784338916,130.48509216308594,209719200,0.013730304267117965,8.135523273950172,139.4070309448242,115.98121246337891,0.020486334454205984,148.6477508544922,-12.218589643636959,221807300.0,False
2024-12-20,NVDA,129.61640819653473,135.07825184796977,128.02878306565836,134.49911499023438,306528600,0.030762309782726316,8.416553070930734,139.40501953125,116.19116348266601,0.021938005118412263,148.6477508544922,-9.518230705089902,223091646.0,True
2024-12-23,NVDA,136.07677163513355,139.58153187306692,134.91849782504636,139.4617156982422,176053500,0.036896902320644465,8.76399470978603,139.50245971679686,116.45158805847169,0.023596161313180694,148.6477508544922,-6.179733701616512,223208526.0,False
2024-12-24,NVDA,139.7912368716414,141.68839756334225,138.44324385025058,140.0109100341797,105157000,0.003937957691025451,8.802444907848564,139.5455859375,116.72351345062256,0.022585390396305527,148.6477508544922,-5.810273462372735,220664712.0,False
2024-12-26,NVDA,139.4916759779926,140.6399702368576,137.52461242783102,139.72132873535156,116205600,-0.0020682766704210875,8.782170739732573,139.71211853027344,116.9633489227295,0.02050959129344296,148.6477508544922,-6.005083876363855,215432204.0,False
2024-12-27,NVDA,138.3433913393573,138.81269167406333,134.50912136885398,136.80567932128906,170582600,-0.020867604398359774,8.578040270578622,139.73806701660158,117.1937223815918,0.02104035263329463,148.6477508544922,-7.9665326014889075,213546262.0,False
2024-12-30,NVDA,134.628906293037,140.060795108374,133.82011682531788,137.28494262695312,167734700,0.0035032412984734584,8.611594456812956,139.7494381713867,117.44118671417236,0.020874529974547282,148.6477508544922,-7.644117157656728,210772238.0,False
2024-12-31,NVDA,137.82416524884428,137.8641141320975,133.63043143330796,134.08973693847656,155659200,-0.023274261745943603,8.38789169162923,139.6755386352539,117.67320907592773,0.020958082314190295,148.6477508544922,-9.79363214870713,210363618.0,False
2025-01-02,NVDA,135.79717669922962,138.6728864930968,134.42922472124587,138.10372924804688,198247200,0.029935119579002745,8.668919352012878,139.5678970336914,117.92221675872803,0.022024873314927872,148.6477508544922,-7.093293740291173,209037472.0,False
2025-01-03,NVDA,139.80120658589456,144.6839138332244,139.5216253508109,144.2545623779297,229322500,0.044537777244489485,9.099551528307762,139.58566833496093,118.19727172851563,0.023966692224090414,148.6477508544922,-2.9554355523770353,209097690.0,True
2025-01-06,NVDA,148.36840963752263,151.93309314343088,147.599568879649,149.2071533203125,265377400,0.03433230021111999,9.4462923633753,139.78296600341798,118.49222808837891,0.023935098560777718,149.2071533203125,0.0,208686638.0,True
2025-01-07,NVDA,152.80179213743568,152.90164910642062,139.80120400217487,139.93101501464844,351782200,-0.062169528063781176,8.796851297127976,139.77776733398437,118.7354978942871,0.027700555718751886,149.2071533203125,-6.216952806378114,212275184.0,True
2025-01-08,NVDA,142.36736432306787,143.7353162901366,137.35484666292894,139.9010467529297,227349900,-0.00021416454183231792,8.794753158958526,139.7494046020508,118.96437255859375,0.027432287952643884,149.2071533203125,-6.237037809711979,212719740.0,True
2025-01-10,NVDA,137.24501786219508,139.71133557177419,134.0198390250661,135.7073211669922,207602500,-0.029976370322259083,8.501142011050469,139.65753540039063,119.16871978759765,0.027654067663010574,149.2071533203125,-9.047711086840028,213400056.0,False
2025-01-13,NVDA,129.7961674567433,133.29094833912805,129.31687225149923,133.0313262939453,204808900,-0.019718868886623886,8.31379023746137,139.49756927490233,119.37187088012695,0.02735379291115146,149.2071533203125,-10.841187346856964,214344362.0,False
2025-01-14,NVDA,135.84710238324766,136.1766120600162,129.85605059334506,131.56349182128906,195590500,-0.0110337505725,8.211024199096636,139.34638671875,119.57921787261962,0.026448199642776244,149.2071533203125,-11.824943447011998,214667810.0,False
2025-01-15,NVDA,133.45068552943664,136.2465130176968,131.09420431967888,136.03683471679688,185217300,0.03400139988367168,8.524211916228298,139.41606597900392,119.80840251922608,0.027439830070610242,149.2071533203125,-8.82686808938849,212971364.0,False
2025-01-16,NVDA,138.4332346192246,138.54307117698642,133.2909213149963,133.3708038330078,209235600,-0.019597860309961135,8.337557741531588,139.37970703125,120.02422210693359,0.02732810082504083,149.2071533203125,-10.61366639259432,213013520.0,False
2025-01-17,NVDA,136.4861555399997,138.29345383465838,135.25799411499426,137.504638671875,201188800,0.030995050791199574,8.626975817996119,139.41304443359374,120.2652579498291,0.027835904039646222,149.2071533203125,-7.843132442393674,213286732.0,False
2025-01-21,NVDA,138.95247218370304,141.6184885428412,136.88555189361048,140.61997985839844,197749000,0.02265626248404251,8.845087109056168,139.43160949707033,120.52430629730225,0.02796152326482867,149.2071533203125,-5.755202261301394,214030964.0,False
2025-01-22,NVDA,144.4442829463215,147.56960504936464,143.45575377479585,146.85069274902344,237651400,0.04430887343960088,9.281311827773184,139.46096649169922,120.82977684020996,0.02904581235399179,149.2071533203125,-1.579321445956615,213943114.0,True
2025-01-23,NVDA,144.83369562852502,147.0104373660888,143.50567717742842,147.00045776367188,155915500,0.001019845476005976,9.291797177128146,139.4280206298828,121.12549922943116,0.029024388093546634,149.2071533203125,-1.4789475621878336,212914958.0,False
2025-01-24,NVDA,148.14874363197046,148.74785499769604,141.66843136501245,142.40731811523438,234657600,-0.031245750648081327,8.970222248810973,139.328173828125,121.40262348175048,0.029538866928465624,149.2071533203125,-4.557311800246256,214094794.0,True
2025-01-27,NVDA,124.6138830305536,128.20850504229963,116.52595684106743,118.24339294433594,818830900,-0.16968176559118442,7.278457334296219,138.7923742675781,121.56780776977538,0.04698242041267065,149.2071533203125,-20.75219564674938,226824900.0,True
2025-01-28,NVDA,121.62833781559046,128.8076175411123,116.0766320864675,128.79763793945312,579666400,0.08925864466766176,8.017381215894563,138.40715454101561,121.77735279083252,0.051426917231878526,149.2071533203125,-13.678644037290203,234445534.0,True
2025-01-29,NVDA,126.31136108771855,126.70077890376498,119.87098248262683,123.51553344726562,467120600,-0.04101088014262022,7.6475704756491965,137.95662963867187,121.94263320922852,0.05210319507977416,149.2071533203125,-17.218758820425347,239949880.0,True
2025-01-30,NVDA,122.91642732609624,124.81359550131977,117.92388350604345,124.46411895751953,392925500,0.007679888381479483,7.71398285167316,137.5152909851074,122.12478549957275,0.05202682082639241,149.2071533203125,-16.583008128085872,243919124.0,True
2025-01-31,NVDA,123.59540412169352,127.6593341751579,119.01225290264883,119.89093780517578,388161100,-0.03674296809914035,7.393805257737677,137.07794036865235,122.29497802734375,0.05250935015198711,149.2071533203125,-19.64799599936186,246679688.0,True
2025-02-03,NVDA,114.57888277703151,118.39318602096668,112.84147962875147,116.48603820800781,371235700,-0.028399974672822847,7.1554214010093204,136.60903442382812,122.4410882949829,0.05261014007924119,149.2071533203125,-21.929990877890543,249680296.0,True
2025-02-04,NVDA,116.78557092036435,121.01924546805154,116.52595653802958,118.47305297851562,256550000,0.017057965066677117,7.294536294371769,136.0428823852539,122.61400440216065,0.05225289063010208,149.2071533203125,-20.59827538953044,250254598.0,True
2025-02-05,NVDA,121.57841571528579,124.81358161777388,120.5799070623436,124.64383697509766,262230800,0.05208597095662815,7.7265652708991155,135.62251113891602,122.81459995269775,0.05264171989611997,149.2071533203125,-16.462559467563334,249301780.0,True
2025-02-06,NVDA,127.22996749994309,128.57796024161053,125.02326434711814,128.4880828857422,251483600,0.03084184508386545,7.995708645098427,135.2634489440918,123.07669849395752,0.052514880336156,149.2071533203125,-13.886110667959306,246312520.0,True
2025-02-07,NVDA,129.02729180363133,130.17557068191934,124.8135839892709,129.6463623046875,228186300,0.009014683641714205,8.076802112667023,135.02180526733397,123.32802715301514,0.05096269934436347,149.2071533203125,-13.109821198473377,246148122.0,False
2025-02-10,NVDA,129.89598286165247,134.79866384787866,129.76618710141213,133.3708038330078,216989100,0.028727697886095305,8.337557741531594,134.97306533813477,123.58347812652588,0.05141182862747945,149.2071533203125,-10.61366639259432,243589066.0,False
2025-02-11,NVDA,132.38230132778313,134.27946199343057,130.8246300046561,132.6019744873047,178902400,-0.005764600074434356,8.283730455479725,134.89097702026368,123.84879119873047,0.050997950903437325,149.2071533203125,-11.128942857960984,243361360.0,False
2025-02-12,NVDA,129.8261026458349,132.04279313100764,128.88750205027108,130.94442749023438,160278600,-0.012500168292961633,8.167682262399735,134.8072886657715,124.09106708526612,0.05088108607527966,149.2071533203125,-12.23984602860988,242039514.0,False
2025-02-13,NVDA,131.36379338160384,136.29642846871295,130.97437562399168,135.08822631835938,197430000,0.031645476692271135,8.457797937756654,134.74836654663085,124.32859096527099,0.05124608057832578,149.2071533203125,-9.462634121598128,243150850.0,False
2025-02-14,NVDA,136.2764682668825,139.04234173663804,135.29793396994222,138.6429443359375,195479600,0.02631404760027567,8.706670882884572,134.7529508972168,124.58377868652343,0.05103749909015044,149.2071533203125,-7.080229566270284,243626786.0,False
2025-02-18,NVDA,141.05932980350207,143.226091877041,137.72429913092634,139.19210815429688,219176600,0.003960993622789344,8.745118944350192,134.73596908569337,124.84847549438477,0.05079223066560186,149.2071533203125,-6.712174948151239,244722038.0,False
2025-02-19,NVDA,139.3019353271886,141.14918241151278,137.01535723812603,139.02235412597656,167536000,-0.0012195664723472222,8.733234124016628,134.6181446838379,125.12909957885742,0.05040031373865777,149.2071533203125,-6.8259456518626695,243448272.0,False
2025-02-20,NVDA,139.8211642330671,140.45022955446439,136.58599074078032,139.9010467529297,143903600,0.006320513218736723,8.794753158958533,134.51929183959962,125.40026107788086,0.050188095049711626,149.2071533203125,-6.237037809711979,242873920.0,False
2025-02-21,NVDA,139.83114145453473,141.2490371129211,133.83011008980694,134.22950744628906,228217600,-0.040539648832340514,8.397677305494897,134.35933029174805,125.62823055267334,0.04994465913266309,149.2071533203125,-10.038155370386278,243668160.0,False
2025-02-24,NVDA,136.35635785611953,138.38332947991822,129.88602516626045,130.08572387695312,251381100,-0.030870884116102726,8.107562698436436,134.18898483276368,125.81875507354736,0.050299620881500515,149.2071533203125,-12.815357050817921,244909610.0,True
2025-02-25,NVDA,129.7861649469319,130.00583809401027,124.25443309531597,126.441162109375,271428700,-0.028016615958761815,7.852399611993997,134.02043655395508,125.99897304534912,0.05021872736078156,149.2071533203125,-15.257975709826926,246137766.0,True
2025-02-26,NVDA,129.79615892181477,133.53057192522448,128.29839578499454,131.084228515625,322553800,0.03672116207088982,8.17747001286231,133.8600761413574,126.20311504364014,0.033742853889307325,149.2071533203125,-12.146150101652205,248890738.0,True
2025-02-27,NVDA,134.7986782828192,134.80865788512716,119.83103458283094,119.9708251953125,443175800,-0.08478062880758996,7.399398334309042,133.51678939819337,126.3600006866455,0.033502834726138825,149.2071533203125,-19.594454739201755,254570026.0,True
2025-02-28,NVDA,117.84399213493025,124.90344826210318,116.2264129341289,124.73370361328125,389091100,0.03970030555524473,7.732857014661326,133.33046768188476,126.5350555419922,0.03353355979238005,149.2071533203125,-16.40233002401201,257721550.0,True
2025-03-03,NVDA,123.32581202011416,123.51552349340123,112.11255593535711,113.88990020751953,411381400,-0.08693563240438495,6.973660567394674,132.97220275878905,126.65329082489014,0.038570635788743375,149.2071533203125,-23.66994633090759,261190156.0,True
2025-03-04,NVDA,110.48499132597254,119.13207287466713,109.9457957033308,115.81702423095703,398163300,0.01692093873052891,7.108582389313593,132.68463211059571,126.77638500213624,0.038031599692677595,149.2071533203125,-22.378370169474884,263965216.0,True
2025-03-05,NVDA,117.40464986998916,118.10360288358513,114.33922859376143,117.12506866455078,284337900,0.011294060111450621,7.200161206237151,132.4527783203125,126.88967769622803,0.03758227899672703,149.2071533203125,-21.501706816220175,264103084.0,True
2025-03-06,NVDA,113.36069823382532,115.17798387118098,110.05563667803439,110.40511322021484,321181900,-0.05737418573970754,6.729683634094957,132.0511787414551,126.97072330474853,0.03945071574030683,149.2071533203125,-26.005482469596373,266332338.0,True
2025-03-07,NVDA,111.08408724577035,113.31076488585998,107.39958789171841,112.52194213867188,341755500,0.019173286967559156,6.8778870765799045,131.61163528442384,127.07173686981201,0.037788605342718044,149.2071533203125,-24.586764350959868,267036876.0,True
2025-03-10,NVDA,109.73610085349598,111.6831896506324,105.30272006245755,106.8204574584961,366487400,-0.05066998108821552,6.478714687394503,130.9588101196289,127.13275779724121,0.03819763076471448,149.2071533203125,-28.40795157509787,270845554.0,True
2025-03-11,NVDA,106.83045167001112,112.07262273708322,104.61376097133785,108.59781646728516,354865700,0.016638751144457897,6.603151159958463,130.33054824829102,127.19964080810547,0.03840352760745339,149.2071533203125,-27.216749297433946,275839728.0,True
2025-03-12,NVDA,113.96030532134075,116.59661034457649,112.72203506897391,115.57803344726562,323857500,0.06427585016944826,7.091850164731619,129.8476823425293,127.30360111236573,0.04079735409217827,149.2071533203125,-22.53854398043042,279992766.0,True
2025-03-13,NVDA,116.86621875800482,117.59520049683546,113.63075517539951,115.41825103759766,299033100,-0.0013824634742628517,7.0806634774396695,129.41993377685546,127.3625938796997,0.040809748427434595,149.2071533203125,-22.645631614040685,282561776.0,True
2025-03-14,NVDA,118.44401014075397,121.70943054003341,117.98465480860956,121.49972534179688,277593500,0.05269075080871022,7.506439703098488,129.10422943115233,127.43866710662842,0.042708113990519124,149.2071533203125,-18.56977186545093,284758952.0,False
2025-03-17,NVDA,122.56823120330081,122.71802281178023,117.86482345684047,119.36272430419922,255501500,-0.0175885256660947,7.356823970053453,128.80968917846678,127.46695960998535,0.04207668292498202,149.2071533203125,-20.002009522991397,286755798.0,False
2025-03-18,NVDA,117.83485847417,118.85342762738914,114.37970167383446,115.2684555053711,299686900,-0.03430106695951218,7.070175991487794,128.3529837036133,127.47016872406006,0.041898594825750084,149.2071533203125,-22.746025950969685,288784592.0,True
2025-03-19,NVDA,117.10587204193429,120.28142179456783,115.51810097497594,117.35552215576172,273426200,0.01810613876311873,7.216295717832461,127.81500289916993,127.5054008102417,0.04221141104340211,149.2071533203125,-21.34725477683557,289666666.0,False
2025-03-20,NVDA,116.38688818380663,120.0317738155389,116.30699831746894,118.3641128540039,248829700,0.00859431818558587,7.28690917753838,127.19814208984376,127.55000335693359,0.04233542773759931,149.2071533203125,-20.671288058217876,289335712.0,False
2025-03-21,NVDA,116.77634740953133,117.82487338576216,115.25847035053427,117.5352783203125,266498500,-0.0070024141076757696,7.228880807804558,126.75022735595704,127.56367309570312,0.04222925214154152,149.2071533203125,-21.22678054986276,287630038.0,False
2025-03-24,NVDA,119.71223179694545,122.04896105750126,119.17298658297102,121.24009704589844,228452500,0.031520908262874014,7.488262604853491,126.37700836181641,127.58869430541992,0.042329159964946,149.2071533203125,-18.74377712600374,287652090.0,False
2025-03-25,NVDA,120.38129943766901,121.12026171196634,118.75357566400419,120.52110290527344,167447200,-0.005930332935586535,7.43792438156202,126.07328399658203,127.5801573562622,0.04188407858662383,149.2071533203125,-19.225653580734757,286848984.0,False
2025-03-26,NVDA,118.5638454632065,118.6736845133834,112.55226594608844,113.60079956054688,293463300,-0.057419847461616325,6.953420050680076,125.68467346191406,127.54421646118163,0.04323949284779915,149.2071533203125,-23.863704230940723,288622072.0,True
2025-03-27,NVDA,111.19416561141583,114.28982567832341,110.50513643809545,111.27405548095703,236902100,-0.020481757950565616,6.790520026322871,125.27888473510743,127.4971908569336,0.04232627452124983,149.2071533203125,-25.42310941213527,289448304.0,False
2025-03-28,NVDA,111.33397028810096,112.71204388720727,108.9173588485005,109.51651763916016,229872500,-0.015794677691940984,6.667471273454489,124.74847839355469,127.43687538146973,0.0384822750196859,149.2071533203125,-26.60102736223774,290341408.0,False
2025-03-31,NVDA,104.98287310192077,110.80471613819729,103.50494855407659,108.22832489013672,299212700,-0.011762543009884885,6.577282312823424,124.24562881469727,127.37446174621581,0.03720316735281009,149.2071533203125,-27.464385934770778,292140950.0,True
2025-04-01,NVDA,108.36813339033893,110.04578269736857,106.32100673854832,109.99585723876953,222614000,0.016331513496370187,6.7010308011811075,123.69545318603515,127.29947109222412,0.03250835830242592,149.2071533203125,-26.27976957469699,292569454.0,False
2025-04-02,NVDA,107.1398479774266,111.82328673498283,106.64054773013802,110.26546478271484,220601200,0.0024510699831183924,6.719906566616952,123.08836288452149,127.20381477355957,0.03225855714893384,149.2071533203125,-26.099076130752962,293026498.0,False
2025-04-03,NVDA,103.36514539947606,105.48217369637304,101.45781468579652,101.65753936767578,338769400,-0.07806547074373227,6.11724842639637,122.18449981689453,127.05378749847412,0.03610397505182803,149.2071533203125,-31.86818654100245,295048858.0,True
2025-04-04,NVDA,98.7715853475697,99.98987163475934,91.98109847139008,94.17801666259766,532273800,-0.07357568117034718,5.593592025365675,121.12805099487305,126.8708553314209,0.03740423435185868,149.2071533203125,-36.88103112561922,302576024.0,True
2025-04-07,NVDA,87.33759621246332,101.60759784636036,86.4987754744505,97.50334930419922,611041300,0.03530901116249785,5.826405239790269,120.22997161865234,126.68158756256103,0.038124685813190236,149.2071533203125,-34.65236274906836,310103698.0,True
2025-04-08,NVDA,103.6647139576977,105.70185986228381,94.3278009423825,96.16522979736328,476243400,-0.013723831195389558,5.732720806608064,119.78840835571289,126.5095896911621,0.036794237905319924,149.2071533203125,-35.5491826917177,303251948.0,True
2025-04-09,NVDA,98.75160385221358,114.93891720962625,97.39350654873371,114.16999816894531,612918300,0.1872274252296926,6.993270788019672,119.49585556030273,126.44863101959228,0.055654320974471566,149.2071533203125,-23.4822221131387,303916986.0,True
2025-04-10,NVDA,109.21694044618194,110.70485307181585,99.01124202201945,107.4194564819336,437812400,-0.0591271069044117,6.520651811620521,119.1739340209961,126.39615009307862,0.05546243078379892,149.2071533203125,-28.00649694634318,303330822.0,True
2025-04-11,NVDA,108.34815778630501,111.39389245819964,107.32958859529616,110.7747573852539,313417300,0.031235504378898327,6.755563164214563,118.90014678955077,126.32061130523681,0.05593798227284259,149.2071533203125,-25.75774356645845,301740658.0,True
2025-04-14,NVDA,113.9503045917023,114.1300529879136,108.91735711650354,110.55506134033203,264705000,-0.0019832681208934444,6.740181803031401,118.7134292602539,126.24242656707764,0.05459283656379478,149.2071533203125,-25.904985866866287,299271536.0,False
2025-04-15,NVDA,110.81470199440513,113.46099492172469,110.3453585264742,112.04297637939453,228966900,0.013458588155291329,6.844353722165481,118.62456802368165,126.1837115097046,0.05460243967020085,149.2071533203125,-24.907771587287954,296426160.0,False
2025-04-16,NVDA,104.40369410395131,106.64055727885454,100.30942561460589,104.3437728881836,397016900,-0.06871652057100186,6.305317028250082,118.341982421875,126.08874675750732,0.05612620776662539,149.2071533203125,-30.06784824573245,299235498.0,True
2025-04-17,NVDA,104.30382580885471,104.32380208660638,99.90998942448081,101.34796905517578,292517500,-0.028710901955003698,6.095574787301775,117.87606506347656,125.97500926971435,0.05616312119726712,149.2071533203125,-32.07566339825166,299841232.0,False
2025-04-21,NVDA,98.63177356997639,99.3008417327631,94.90699776234818,96.77438354492188,288501100,-0.04512754969726096,5.775368883457182,117.24179107666015,125.84654048919678,0.05670836734185503,149.2071533203125,-35.140922273900536,300581582.0,False
2025-04-22,NVDA,98.64176312999923,99.6703204985673,97.1438622743251,98.7516098022461,241004800,0.020431297879633714,5.913798463359497,116.62389602661133,125.69995399475097,0.05704963456812773,149.2071533203125,-33.815767136680286,300837952.0,False
2025-04-23,NVDA,104.37372584399631,104.6533403969428,101.87722447592722,102.5662612915039,247526000,0.03862875245169972,6.180869872701553,116.00780517578124,125.58467056274414,0.05730874965411031,149.2071533203125,-31.259152789197458,301448690.0,False
2025-04-24,NVDA,103.33518320501399,106.39089830035945,102.96569827687256,106.28105163574219,220815000,0.0362184435452948,6.440949802792103,115.48138671875,125.47613063812256,0.058060817009770095,149.2071533203125,-28.76946629523728,302286942.0,False
2025-04-25,NVDA,106.70047033928225,111.76337496991529,105.58204256681438,110.85465240478516,251064700,0.04303307785020882,6.761156774935151,115.07959121704101,125.37458473205567,0.05761383444369888,149.2071533203125,-25.704197193008294,304102664.0,False
2025-04-28,NVDA,109.53649064316203,110.21553928394424,105.87162103934429,108.57783508300781,207708500,-0.020538761994972954,6.601752223129086,114.54938339233398,125.24403381347656,0.057614866118060166,149.2071533203125,-27.23014100408654,304308234.0,False
2025-04-29,NVDA,107.51932238432487,110.04578062718967,107.2896485179105,108.867431640625,170444300,0.002667179331728109,6.622027459543534,113.95387313842774,125.15241912841798,0.05749704808909121,149.2071533203125,-27.03605074019987,303807528.0,False
2025-04-30,NVDA,104.32379376082015,108.76756286621094,103.93434018163836,108.76756286621094,235044600,-0.0009173429822770807,6.615035446142799,113.34538223266601,125.05112022399902,0.05742324884839692,149.2071533203125,-27.10298370701257,304124888.0,False
2025-05-01,NVDA,112.92174799120272,114.7791455573913,111.14424029465428,111.45380401611328,236121500,0.024697079525506593,6.803104582145739,112.79401123046875,124.96724597930908,0.05755840530937237,149.2071533203125,-25.302640298452513,305496598.0,False
2025-05-02,NVDA,114.02021557227994,115.23850951002053,113.21135153306962,114.33976745605469,190194800,0.02589380833985855,7.005156676651692,112.28278564453124,124.9081844329834,0.05779166528506543,149.2071533203125,-23.36844118284716,306422422.0,False
2025-05-05,NVDA,112.75199823422925,114.50952981770942,112.50234808238875,113.66072082519531,133163200,-0.005938849150802783,6.957615258720517,111.87140991210937,124.88750885009766,0.05478211237924874,149.2071533203125,-23.823544450853102,304521334.0,False
2025-05-06,NVDA,111.32399638135878,114.57942879752297,110.66491633937942,113.38111114501953,158525600,-0.002460037893000977,6.9380392236461415,111.53731765747071,124.84996070861817,0.051682804866430176,149.2071533203125,-24.010941418058504,302664224.0,False
2025-05-07,NVDA,112.89179643623137,117.51531428959993,112.12286973799952,116.89617919921875,206758800,0.031002236780898196,7.184136195233677,111.34641799926757,124.84576183319092,0.05158611695516298,149.2071533203125,-21.655110631143618,301370826.0,False
2025-05-08,NVDA,118.08452294119296,118.51392151118237,115.68787993703612,117.20575714111328,198428100,0.002648315317192118,7.205810368477501,111.06884857177734,124.8151070022583,0.05133483288883574,149.2071533203125,-21.44762866060435,298888312.0,False
2025-05-09,NVDA,117.18577270674557,118.06454606438504,115.04876814493281,116.48675537109375,132972200,-0.006134526046820965,7.155471611036802,110.99916717529297,124.78559944152832,0.03164370883241797,149.2071533203125,-21.929510228625425,292684240.0,False
2025-05-12,NVDA,121.79931583574867,122.82787322998047,120.11167839159091,122.82787322998047,225023300,0.054436384966563,7.599426003239078,110.96105056762696,124.82942874908447,0.03045684779305162,149.2071533203125,-17.679634992902756,289402884.0,False
2025-05-13,NVDA,124.8051066300396,131.03637225526788,124.29581818961599,129.7481689453125,330430100,0.05634141122328651,8.083929799971793,111.27821594238281,124.91769336700439,0.03191957760199335,149.2071533203125,-13.041589455986843,287783858.0,True
2025-05-14,NVDA,133.01358451331882,135.25045513495294,131.49570747587302,135.1505889892578,281180800,0.041637736299942496,8.462164073550207,111.66488723754883,125.02907653808593,0.03264548402368917,149.2071533203125,-9.420838088693085,285444208.0,False
2025-05-15,NVDA,134.10205882491402,136.1092556474961,132.47435031815246,134.6413116455078,226632600,-0.00376822141552402,8.426508544251053,112.01521209716798,125.14525123596191,0.032773622337580625,149.2071533203125,-9.762160426407485,284290102.0,False
2025-05-16,NVDA,136.02937003025397,136.15919297953724,133.27323795943153,135.21051025390625,226542500,0.00422751829614576,8.466359281590648,112.5113200378418,125.30350727081299,0.027538905348790117,149.2071533203125,-9.380678308605463,282397314.0,False
2025-05-19,NVDA,132.20470706939753,135.6798322139183,132.20470706939753,135.38026428222656,193154600,0.0012554795333701296,8.478244101924213,112.9684864807129,125.39627143859863,0.026016059453806906,149.2071533203125,-9.266907604894033,279425296.0,False
2025-05-20,NVDA,134.10205468200522,134.39165736048994,132.4343936724944,134.1919403076172,161514200,-0.008777675098432969,8.395047154693884,113.51591613769531,125.52207973480225,0.022893107004565916,149.2071533203125,-10.063333210614372,275325832.0,False
2025-05-21,NVDA,132.87378601013486,137.2077087161811,130.40724144628157,131.6155548095703,270608700,-0.01919925661810129,8.214669233431755,113.97627090454101,125.64469009399414,0.024105084098452304,149.2071533203125,-11.790050355680457,273640692.0,False
2025-05-22,NVDA,132.0449376190489,134.0621148614722,131.3658966044825,132.64410400390625,187344000,0.00781479967032861,8.286680027519365,114.31759231567383,125.80648704528808,0.023463124875980783,149.2071533203125,-11.100707270280331,270910422.0,False
2025-05-23,NVDA,129.81807417545411,132.49431639064062,128.97925335315108,131.10626220703125,198821300,-0.011593744090047986,8.179012635834146,114.6313525390625,125.94162605285645,0.02337403844666876,149.2071533203125,-12.131382919974966,268906186.0,False
2025-05-27,NVDA,133.96224703921547,135.47014350181522,133.1234263008756,135.31036376953125,192953600,0.0320663673247068,8.47335022669293,114.90756530761719,126.1244416809082,0.022719523035214503,149.2071533203125,-9.31375556837287,267213388.0,False
2025-05-28,NVDA,135.83963178227697,137.05792567392893,134.60136161311598,134.621337890625,304021100,-0.005092188504347228,8.425110141570908,115.2127375793457,126.2735620880127,0.021925050768194433,149.2071533203125,-9.775547019770023,268183780.0,True
2025-05-29,NVDA,142.0509238917618,143.28919402135628,137.71700129433316,138.99520874023438,369241900,0.032490175169429536,8.731333621061713,115.68727264404296,126.44564994812012,0.02235301810003391,149.2071533203125,-6.8441387378763885,269574880.0,True
2025-05-30,NVDA,138.5258751739265,139.42460961066672,132.73398869983464,134.94090270996094,333170900,-0.02916867471202156,8.447483516154806,116.03898025512696,126.57615142822266,0.023957729735674897,149.2071533203125,-9.561371752549487,270769774.0,True
2025-06-02,NVDA,135.30038976970178,137.9266987725352,135.21050414256473,137.187744140625,197663100,0.01665055876714705,8.604789395642195,116.41545288085938,126.6823456954956,0.023784537735182985,149.2071533203125,-8.055518058095156,269746442.0,False
2025-06-03,NVDA,138.58576663563605,141.80126124338923,137.7569264491721,141.02235412597656,225578800,0.027951549239128015,8.873258139365943,116.88519439697265,126.7980290222168,0.023856528622765837,149.2071533203125,-5.485527343829895,268928048.0,False
2025-06-04,NVDA,141.99101618842522,142.19073325311263,139.34471555965237,141.7213897705078,167120800,0.004956913737993673,8.922199028275724,117.29482025146484,126.89334678649902,0.02360273454401613,149.2071533203125,-5.017027255881306,267701414.0,False
2025-06-05,NVDA,141.97103980754113,143.79848066110154,138.63571759363617,139.79409790039062,231397900,-0.013599160107292785,8.787265455073777,117.68028015136719,126.97044227600098,0.02403734391040704,149.2071533203125,-6.3087159096952075,268980428.0,False
2025-06-06,NVDA,142.31053984611202,143.06948591448216,141.31193942977922,141.5216522216797,153986200,0.0123578487735585,8.908215001474252,118.23869720458984,127.02912010192871,0.02357403626658635,149.2071533203125,-5.150893189506711,266190886.0,False
2025-06-09,NVDA,142.98961854621228,144.7970831461155,141.74136782943543,142.43040466308594,185114500,0.006421296156031264,8.97183858437635,118.86182418823242,127.10606903076172,0.023534311930410903,149.2071533203125,-4.541838984541501,265155134.0,False
2025-06-10,NVDA,142.4903028059026,144.08805440763362,141.33192260937975,143.75852966308594,155881900,0.00932472952767105,9.064823282069254,119.54666442871094,127.18341888427734,0.02325819846484297,149.2071533203125,-3.6517174518634876,263675322.0,False
2025-06-11,NVDA,144.41764573923192,144.79714515361243,141.6812848999734,142.6400146484375,167694000,-0.0077805123443444035,8.98651380027947,120.23489822387695,127.2789370727539,0.02123205184502734,149.2071533203125,-4.4013564535856435,261044948.0,False
2025-06-12,NVDA,141.78116046611606,144.80712890625,141.6613249598906,144.80712890625,162365000,0.015192891441814238,9.138237820329296,120.93112365722656,127.35718719482422,0.01816229438205701,149.2071533203125,-2.9489366402002775,259839968.0,False
2025-06-13,NVDA,142.29045926636147,143.38900206786707,140.6626379640278,141.78114318847656,180820600,-0.02089666262033618,8.926382485033143,121.56143722534179,127.43483337402344,0.01701369293655945,149.2071533203125,-4.9769799681748825,259044356.0,False
2025-06-16,NVDA,143.159329390418,145.98555166191812,143.00951976951112,144.49754333496094,183133700,0.019159107377723306,9.116563112936245,122.4182373046875,127.51687660217286,0.01732939178860588,149.2071533203125,-3.1564237240296,255931642.0,False
2025-06-17,NVDA,144.2978018718573,145.0268265438421,143.58873962374116,143.92828369140625,139108000,-0.003939580081545602,9.076708102402822,123.41324264526367,127.60950145721435,0.01740402466949825,149.2071533203125,-3.537946748152057,248068326.0,False
2025-06-18,NVDA,143.81843788371728,145.4562558084884,142.92962233744194,145.28648376464844,161494100,0.009436644684475581,9.171798416354374,124.36890533447266,127.74895133972169,0.017451618811155055,149.2071533203125,-2.6276686260794153,239077382.0,False
2025-06-20,NVDA,145.2565234707711,146.00552584195606,142.46024490398213,143.65866088867188,242956200,-0.011204227907487208,9.057831268668522,125.31877395629883,127.87137672424316,0.017544851464235674,149.2071533203125,-3.71865041867619,234411638.0,True
2025-06-23,NVDA,142.31046402404658,144.58743022935184,141.84108794116847,143.97824096679688,154308900,0.002224579264125559,9.080205711550876,125.91493881225585,128.05215652465822,0.016771016010173268,149.2071533203125,-3.5044649248755424,225239450.0,False
2025-06-24,NVDA,145.36636355778856,147.7631800544848,145.30644581210706,147.7032470703125,187566100,0.02587200731515149,9.341000867458352,126.72061462402344,128.26049659729003,0.017404824102389322,149.2071533203125,-1.007931735532457,220234524.0,False
2025-06-25,NVDA,149.0714619384952,154.24456476496755,149.06146548674553,154.10475158691406,269146500,0.043340310003842974,9.789183050804006,127.58721450805665,128.495852394104,0.01881353451782043,154.10475158691406,0.0,219349108.0,True
2025-06-26,NVDA,155.77251147358507,156.5115326130379,153.795149532093,154.8137969970703,198145700,0.00460106130962723,9.838824743501545,128.4723892211914,128.75661739349366,0.01798551416830822,154.8137969970703,0.0,218017922.0,False
2025-06-27,NVDA,155.83245925466264,158.49892155015797,155.05349787794313,157.54019165039062,263234500,0.017610798948183515,10.029705106893948,129.38233352661132,129.01284435272217,0.01793071705405088,157.54019165039062,0.0,218703274.0,True
2025-06-30,NVDA,158.1893045239527,158.4489684480595,155.7525627920192,157.7798614501953,194580300,0.0015213247952405862,10.046484870757258,130.45105529785155,129.26213310241698,0.01703834767008919,157.7798614501953,0.0,214654542.0,False
2025-07-01,NVDA,156.08211312403307,156.9909063970138,151.2885097592641,153.09609985351562,213143600,-0.029685420899917325,9.71856531790426,131.48601791381836,129.44402542114258,0.017092257260043806,157.7798614501953,-2.968542089991732,213067064.0,True
2025-07-02,NVDA,152.77650803107835,157.39037305932783,152.7665268185242,157.04083251953125,171224100,0.025766382486490436,9.994743971591811,132.69134689331054,129.63445892333985,0.017483093307208937,157.7798614501953,-0.4683924322606557,210721524.0,False
2025-07-03,NVDA,158.15934077500395,160.76586971787668,157.56014800239086,159.1280517578125,143716100,0.013290933350226908,10.140874380921048,133.89887573242189,129.83552825927734,0.016869885215687434,159.1280517578125,0.0,208775750.0,False
2025-07-07,NVDA,157.98957042846925,159.09809459400483,157.1307137305003,158.02952575683594,140139000,-0.006903408851184123,10.063964370109867,135.0081410217285,130.04268684387208,0.017100117642427404,159.1280517578125,-0.6903408851184089,206628010.0,False
2025-07-08,NVDA,159.11807865757584,160.0068942683196,158.1793265036118,159.7871856689453,138133000,0.011122351368781036,10.187021669365903,136.07826370239258,130.2645743942261,0.016574061290233342,159.7871856689453,0.0,204974370.0,False
2025-07-09,NVDA,161.0055497766517,164.2012901564699,160.9456320255445,162.66334533691406,183656400,0.01799993945652001,10.388387382113267,137.11443756103515,130.51192546844482,0.016718597220905393,162.66334533691406,0.0,203626204.0,False
2025-07-10,NVDA,164.10143771292147,164.28119097215313,161.3950357038234,163.88172912597656,167704100,0.007490217212359207,10.473688877303786,138.22051544189452,130.74290355682373,0.016719063321156028,163.88172912597656,0.0,202826116.0,False
2025-07-11,NVDA,163.50223698698784,167.66668863474402,163.25256951238498,164.7006378173828,193633300,0.004996949298580855,10.531022318891365,139.3371795654297,130.98731159210206,0.01671351675104852,164.7006378173828,0.0,203289896.0,False
2025-07-14,NVDA,165.15003478890583,165.2698855378492,161.80449980139463,163.85177612304688,136975800,-0.005153967255895786,10.471591807432794,140.43886383056642,131.2261773300171,0.016609796704553034,164.7006378173828,-0.5153967255895757,201328520.0,False
2025-07-15,NVDA,170.96229989605533,172.17068192225182,168.97494134085255,170.4729461669922,230627400,0.04040951035509699,10.935153215364696,141.61924667358397,131.4751348876953,0.01809542173394116,170.4729461669922,0.0,201218638.0,True
2025-07-16,NVDA,170.83247408910898,171.52155877211666,168.67534340451815,171.14205932617188,158831500,0.003925040155780657,10.981999171000398,142.75529251098632,131.71425861358642,0.01688691785560047,171.14205932617188,0.0,200591372.0,False
2025-07-17,NVDA,171.79120519874627,173.92835823409905,170.60278554683865,172.7698974609375,160841100,0.009511619418247186,11.095967386984707,143.93747604370117,131.9588756942749,0.016731151729989357,172.7698974609375,0.0,201144930.0,False
2025-07-18,NVDA,173.4090543863528,174.0182436825287,171.03221496217563,172.18069458007812,146456400,-0.0034103329892442025,11.054716110368052,145.11346771240235,132.2137261581421,0.016711583022180485,172.7698974609375,-0.3410332989244212,200903546.0,False
2025-07-21,NVDA,172.52022673163836,173.1493936504508,170.77255439137573,171.1520538330078,123126100,-0.005974193271661488,10.982698906489702,146.19858520507813,132.46323371887206,0.017013394230541958,172.7698974609375,-0.9364152272507279,199230892.0,False
2025-07-22,NVDA,171.11211125862738,171.16204780548466,164.36110765827524,166.80784606933594,193114300,-0.025382153858991896,10.678552199199206,147.19062698364257,132.71318561553954,0.018061325705450607,172.7698974609375,-3.4508623777759406,199124616.0,False
2025-07-23,NVDA,169.30450383433347,171.03219846298632,167.74658125695927,170.55284118652344,154082200,0.022450953030295873,10.940746826085286,148.27194869995117,132.972626953125,0.01831499869964904,172.7698974609375,-1.2832422239038077,199546816.0,False
2025-07-24,NVDA,172.21063723590794,173.59878776513457,171.07215417768242,173.5089111328125,128984600,0.017332282040708913,11.147707217851696,149.2855694580078,133.22687980651855,0.017996368348714566,173.5089111328125,0.0,197626042.0,False
2025-07-25,NVDA,173.37908037175941,174.4876045602178,172.72995103806022,173.26922607421875,122316800,-0.0013813991283150306,11.13092638568993,150.15599060058594,133.46960041046142,0.016136675530792698,173.5089111328125,-0.13813991283149885,193463776.0,False
2025-07-28,NVDA,173.78852820706248,176.7645600358027,173.7385916678285,176.514892578125,140023500,0.018731927056198527,11.358162013870787,150.98327667236327,133.7145711517334,0.01638043138843989,176.514892578125,0.0,190640630.0,False
2025-07-29,NVDA,177.7233037615148,179.14141320408203,174.78721179005433,175.27655029296875,154077500,-0.007015511649297035,11.271463184298577,151.7959814453125,133.92754051208496,0.016418707860394833,176.514892578125,-0.7015511649297032,189189528.0,False
2025-07-30,NVDA,176.27521653092245,179.65072563032518,175.80584046425426,179.03155517578125,174312200,0.021423315763210438,11.534358614972417,152.67240234375,134.16048301696776,0.016765204341558575,179.03155517578125,0.0,188144922.0,False
2025-07-31,NVDA,182.65671589592668,183.05619299307685,175.69598557745124,177.63340759277344,221685400,-0.0078095036466339085,11.436471495660573,153.51746520996093,134.37565162658692,0.015014194107316652,179.03155517578125,-0.7809503646633958,188715538.0,True
2025-08-01,NVDA,173.85844036702034,176.3051785902702,170.66269971388826,173.4889373779297,204529000,-0.023331592131278556,11.14630881517155,154.3034051513672,134.57014778137207,0.015783266789908695,179.03155517578125,-3.095888762408152,189575834.0,True
2025-08-04,NVDA,174.9270307365029,179.9603205403546,174.28788258302183,179.76058959960938,148174600,0.03615015641036212,11.585399778648561,155.26630584716796,134.779677734375,0.017124204937195638,179.76058959960938,0.0,187127152.0,False
2025-08-05,NVDA,179.38107983649965,180.0202279532499,175.6660266458598,178.02288818359375,156407600,-0.009666754097136132,11.463739813774215,156.17388153076172,135.01281867980958,0.01723823986146872,179.76058959960938,-0.9666754097136101,186508424.0,False
2025-08-06,NVDA,176.09546439011424,179.66070799076476,176.01556896990587,179.1813507080078,137192300,0.006507379675917635,11.544846100924294,157.13538330078126,135.2311841583252,0.01719675702391429,179.76058959960938,-0.3222279660362336,185275844.0,False
2025-08-07,NVDA,181.32851054269395,183.6354356942093,178.5621905082108,180.52957153320312,151878400,0.007524336767571027,11.639237747685,158.03976745605468,135.45025009155273,0.016969813483568196,180.52957153320312,0.0,184454340.0,False
2025-08-08,NVDA,181.30853636067604,183.0562088106772,180.16005675043576,182.45700073242188,123396700,0.01067652896336857,11.77418093557306,158.99648071289062,135.67361152648925,0.017006356459850415,182.45700073242188,0.0,180841852.0,False
2025-08-11,NVDA,181.80784410502207,183.59545638109407,180.01023537809715,181.8178253173828,138323200,-0.0035031564284915273,11.729430981509893,159.8529330444336,135.8652716064453,0.01711381101204174,182.45700073242188,-0.35031564284915023,176223478.0,False
2025-08-12,NVDA,182.7166509044063,184.234618174838,179.22130626788388,182.9163818359375,145485700,0.00604207269907131,11.806343128917986,160.81244262695313,136.06302352905274,0.01696002317911896,182.9163818359375,0.0,172469774.0,False
2025-08-13,NVDA,182.37709375214726,183.72530422356274,179.11145412417423,181.3484649658203,179871700,-0.008571768446215433,11.696570120974119,161.69565704345703,136.27305450439454,0.015177717813125727,182.9163818359375,-0.8571768446215459,172113946.0,True
2025-08-14,NVDA,179.5108931379294,182.77654758863486,179.22128560637054,181.7778778076172,129554000,0.002367887932648305,11.726634176149597,162.51076751708985,136.48098915100098,0.015177076564942755,182.9163818359375,-0.622417750063232,170193450.0,False
2025-08-15,NVDA,181.6380820439347,181.658044469753,177.8031781362909,180.20997619628906,156602200,-0.008625370866016446,11.616862236504186,163.28053924560547,136.67544311523437,0.015302598494154511,182.9163818359375,-1.479586252736993,169983078.0,False
2025-08-18,NVDA,180.3597704757432,182.69665413107447,180.34977402519155,181.76788330078125,132008000,0.00864495483199712,11.725934440660295,164.1200149536133,136.88277862548827,0.015310850809982948,182.9163818359375,-0.6278817258622403,167995280.0,False
2025-08-19,NVDA,182.1873336556069,182.25724785967336,175.25657768801665,175.4063720703125,185229200,-0.034997993677144845,11.280552267570306,164.79770935058593,137.05466232299804,0.017311735603518858,182.9163818359375,-4.105706492905006,168620140.0,True
2025-08-20,NVDA,174.93699721113848,175.76589502196344,168.57547509149074,175.16668701171875,215142700,-0.0013664558234958157,11.26377143540854,165.45243499755858,137.2348826599121,0.01621885049851244,182.9163818359375,-4.236741808707793,169220704.0,True
2025-08-21,NVDA,174.61742144674352,176.66468235557974,173.57879631630271,174.7472381591797,140040900,-0.002394569764917698,11.234404979125449,166.07220916748048,137.4458544921875,0.015581032947027689,182.9163818359375,-4.466053611362667,168903884.0,False
2025-08-22,NVDA,172.38041630972646,178.35245819257523,170.9722880586796,177.75326538085938,172789400,0.017202144384917073,11.444862980039913,166.7744741821289,137.6586770629883,0.015574350861776944,182.9163818359375,-2.8226648719244074,169005792.0,True
2025-08-25,NVDA,178.11278178635797,181.6680441727565,176.33515059315872,179.57083129882812,163012800,0.010225218164484184,11.572114419037934,167.46974822998047,137.87734237670898,0.015681245531973784,182.9163818359375,-1.8290054195966368,169018748.0,False
2025-08-26,NVDA,179.82049655621498,182.14739921043056,178.57215920342722,181.52822875976562,168688200,0.010900419888796753,11.709155745095444,168.26468994140626,138.08652488708495,0.015348524919997556,182.9163818359375,-0.7589003577694566,168776100.0,False
2025-08-27,NVDA,181.7379436715125,182.24727507184866,178.86178472902657,181.35845947265625,235518900,-0.0009352225175625062,11.697269856463421,169.00190826416016,138.26640296936034,0.015237860413227045,182.9163818359375,-0.8517128688225375,169823804.0,True
2025-08-28,NVDA,180.57950348224864,184.22464261974775,176.17536544772958,179.93035888671875,281787800,-0.007874463590449854,11.597285667280584,169.7219497680664,138.42281600952148,0.014676104640037753,182.9163818359375,-1.6324524458924583,172677400.0,True
2025-08-29,NVDA,177.87308356836775,177.91302365652732,172.91967451951007,173.94830322265625,243257900,-0.033246505487318556,11.17846994021802,170.29518615722657,138.55555923461915,0.016338064687074598,182.9163818359375,-4.902829655424168,174312676.0,True
2025-09-02,NVDA,169.77387989783634,172.15071909272382,166.99757884564528,170.55284118652344,231164900,-0.019519949164359285,10.940746826085286,170.8330697631836,138.68315658569335,0.016095424501097702,182.9163818359375,-6.759121586224707,174076850.0,True
2025-09-03,NVDA,170.83248363379096,172.18069419661035,168.65539040087648,170.39306640625,164424900,-0.0009368051517751885,10.929560672942566,171.36136627197266,138.79482879638672,0.013708979457256045,182.9163818359375,-6.84647012147878,174279170.0,False
2025-09-04,NVDA,170.34313981864827,171.6314173426514,169.18467902530818,171.4316864013672,141670100,0.0060954357886893185,11.00227654401176,171.83593505859375,138.92177833557128,0.01372585465065749,182.9163818359375,-6.278658761614494,173361250.0,False
2025-09-05,NVDA,167.8065180303181,168.8051880252559,163.85179338392152,166.79786682128906,224441400,-0.027030123061550726,10.677853532008358,172.08979736328126,139.02311241149903,0.014643089266931775,182.9163818359375,-8.811958148781642,172467148.0,True
2025-09-08,NVDA,167.32713700266137,170.73260486035574,167.12740607965867,168.08612060546875,163769100,0.007723442803737823,10.768046765833253,172.35524383544922,139.15475067138672,0.014650511673715125,182.9163818359375,-8.107672523158914,171779616.0,False
2025-09-09,NVDA,168.86507540993838,170.75256075129445,166.51821048710502,170.53285217285156,157548400,0.014556416428491259,10.939347355106682,172.61509704589844,139.30775825500487,0.014858459418532439,182.9163818359375,-6.770049537822725,169665894.0,False
2025-09-10,NVDA,176.4050468150653,179.05151589898875,175.2366048852674,177.09413146972656,226852000,0.03847516307429433,11.398715691595056,173.00138244628906,139.4593256378174,0.017407572980004307,182.9163818359375,-3.1830119903820684,170311328.0,True
2025-09-11,NVDA,179.45113345293117,180.0503753259473,176.25521235533765,176.9443359375,151159300,-0.0008458526038293002,11.38822820564318,173.47834716796876,139.61573532104492,0.017330838370931356,182.9163818359375,-3.2649048917849166,169071642.0,False
2025-09-12,NVDA,177.5435512454145,178.37249577533527,176.22522541777622,177.59349060058594,124911000,0.0036686942232229125,11.433676826897191,173.88940032958985,139.77149681091308,0.017284618651594873,182.9163818359375,-2.9100134071784796,168145380.0,False
2025-09-15,NVDA,175.44623766911022,178.62219505337407,174.28771156721004,177.52359008789062,147061600,-0.0003935983940567267,11.428782951665903,174.25731109619142,139.95047203063965,0.01726938692489927,182.9163818359375,-2.9482278699804,168212290.0,False
2025-09-16,NVDA,176.77453647764895,177.27389957504343,174.15787872389456,174.65724182128906,140737800,-0.016146295065249894,11.228104154826358,174.58986541748047,140.14471923828125,0.017512049717666435,182.9163818359375,-4.515254419397097,168224266.0,False
2025-09-17,NVDA,172.42008695754546,172.97937117956877,168.1954794867923,170.0730743408203,211843800,-0.026246649910796838,10.90715738600187,174.79558319091797,140.31155265808104,0.018160287873423053,182.9163818359375,-7.021409108472683,169698482.0,True
2025-09-18,NVDA,173.7583871307785,176.87442336525442,172.73969733735942,176.01551818847656,191763300,0.03494053288969079,11.323199810270193,175.06262664794923,140.51598602294922,0.018410856864329937,182.9163818359375,-3.772687595390173,169860620.0,True
2025-09-19,NVDA,175.54609885389235,177.8531538116004,174.95683884616588,176.4449462890625,237182100,0.0024397172760990404,11.35326493374413,175.31389099121094,140.7080390930176,0.01841209486245798,182.9163818359375,-3.5379201588840745,171250180.0,True
2025-09-22,NVDA,175.07670180251023,184.31491893588398,174.48745701577195,183.37611389160156,269637000,0.03928232430745848,11.838529893127422,175.68740051269532,140.93285102844237,0.0202391434804375,183.37611389160156,0.0,172770254.0,True
2025-09-23,NVDA,181.73821238324945,182.18763613663097,175.9855548133895,178.2027130126953,192559600,-0.028211967028401452,11.476329711089365,175.97441925048827,141.1236585998535,0.021000715655653184,183.37611389160156,-2.821196702840144,173881930.0,True
2025-09-24,NVDA,179.54100413716742,179.5509859124944,175.17656050171237,176.74456787109375,143564100,-0.008182508094013552,11.374242042244795,176.09985168457033,141.28281356811524,0.02095112827118366,183.37611389160156,-3.6163630473857102,172140664.0,False
2025-09-25,NVDA,174.2577508730865,180.03038734713982,172.90947958662534,177.4636688232422,191586700,0.004068588702951903,11.424587743625464,176.22628387451172,141.44591346740722,0.02081709954576325,183.37611389160156,-3.2242176709308916,172795768.0,True
2025-09-26,NVDA,177.94304916264082,179.54101721374016,174.70717071687335,177.96302795410156,148573700,0.0028138668279011902,11.459548878927599,176.330146484375,141.6245906829834,0.020832603884163022,183.37611389160156,-2.9519035072909316,172550420.0,False
2025-09-29,NVDA,180.20017297627672,183.7656330630971,180.09032771672483,181.61837768554688,193063500,0.02053993896073769,11.7154672523791,176.51890014648438,141.83966758728027,0.021261247420805103,183.37611389160156,-0.9585415290749,173482562.0,True
2025-09-30,NVDA,181.848063160254,187.11135435179565,181.2488213615314,186.3423309326172,236981000,0.026010326197546618,12.0462007033677,176.82270568847656,142.09703636169434,0.020453219320350484,186.3423309326172,0.0,175759660.0,True
2025-10-01,NVDA,185.00404300205486,187.90034282726023,183.6657383394342,187.00149536132812,173844900,0.0035373842616002182,12.092350128409471,177.2265786743164,142.33653259277344,0.019764017264701148,187.00149536132812,0.0,175374272.0,False
2025-10-02,NVDA,189.35850113919957,190.80665113886596,187.82045419605362,188.64939880371094,136805800,0.008812247405822538,12.207723156864668,177.58850982666016,142.59410377502442,0.01974246544671355,188.64939880371094,0.0,175028744.0,False
2025-10-03,NVDA,188.9490194719917,190.11752734214045,185.14387494216948,187.38101196289062,137596900,-0.006723513824393734,12.118920847630724,177.8659518432617,142.8607598876953,0.01990580572296925,188.64939880371094,-0.6723513824393709,175200990.0,False
2025-10-06,NVDA,185.2637075602064,186.9914995955013,183.09647356463947,185.30364990234375,157678100,-0.011086299720476922,11.973480559104676,178.1066403198242,143.1282624053955,0.018925703346813805,188.64939880371094,-1.7735274655438622,175908216.0,False
2025-10-07,NVDA,185.99277739696944,188.8191743935438,183.76562222076905,184.80429077148438,140088000,-0.0026948154076972264,11.938519423802541,178.2724282836914,143.4013060760498,0.018992459004417532,188.64939880371094,-2.0382296771734665,175909506.0,False
2025-10-08,NVDA,186.33235229407293,189.35849142592937,186.30237648821537,188.86911010742188,130168900,0.021995264931179426,12.22310558634629,178.54427947998047,143.70206283569337,0.01925314687908069,188.86911010742188,0.0,175431334.0,False
2025-10-09,NVDA,191.9851285494953,195.05122522476873,190.816620752273,192.32470703125,182997200,0.0182962524780399,12.46503886469786,178.81014251708984,144.01126091003417,0.01796177879057808,192.32470703125,0.0,175605034.0,True
2025-10-10,NVDA,193.26350393527704,195.37081685366852,181.81811007166195,182.92669677734375,268774400,-0.04886532988389891,11.80706529867488,178.91600830078124,144.2533988189697,0.021357125391388728,192.32470703125,-4.886532988389894,176546814.0,True
2025-10-13,NVDA,187.73056363822363,189.8678370807686,185.72312947730666,188.0801239013672,153482800,0.028172088682583807,12.16786707803279,179.20783203125,144.49649085998536,0.022119915794683826,192.32470703125,-2.2069879608308094,175525890.0,False
2025-10-14,NVDA,184.53462639606815,184.5645869600227,179.47107773683655,179.8006591796875,205641400,-0.04402094463751838,11.588205130396508,179.20863342285156,144.6954396057129,0.02438438166155209,192.32470703125,-6.511928729743248,176675226.0,True
2025-10-15,NVDA,184.56460739230218,184.63451030281777,177.06416377208902,179.60093688964844,214450500,-0.0011107984306079066,11.574222171893494,179.24019439697267,144.89483764648438,0.02407790127075153,192.32470703125,-6.615775132590808,177836084.0,True
2025-10-16,NVDA,181.99787810828644,183.0465437061986,179.5410200965125,181.5784149169922,179723300,0.01101039928627312,11.71266937872035,179.28813568115234,145.1187013244629,0.023282331184407104,192.32470703125,-5.587577529761527,178686704.0,True
2025-10-17,NVDA,179.9504818191574,183.86550198639478,179.52103686227596,182.9866180419922,173135200,0.007755344299286593,11.811260506715323,179.33727661132812,145.34720970153808,0.022169048115557862,192.32470703125,-4.855376687375121,179111840.0,False
2025-10-20,NVDA,182.89672994644732,184.96408521149223,181.4985041529273,182.4073486328125,128544700,-0.0031656380962610253,11.77070469239414,179.33628356933593,145.58879776000975,0.022198321033918805,192.32470703125,-5.156570131587967,179214800.0,False
2025-10-21,NVDA,182.55714296878105,182.55714296878105,179.5709615871908,180.92922973632812,124240200,-0.008103395546085412,11.667218620869422,179.31851165771485,145.80292526245117,0.020546883173595137,192.32470703125,-5.925123958759118,178933140.0,False
2025-10-22,NVDA,180.9092591258601,183.20633238125785,176.53483359319367,180.05035400390625,162249600,-0.004857566318624551,11.605686766346032,179.26119110107422,145.98190422058104,0.01957748165944368,192.32470703125,-6.3820989080458315,179268418.0,False
2025-10-23,NVDA,180.19017423035882,182.7968501503985,179.5609718650331,181.92796325683594,111363700,0.010428245272369407,11.73714195977215,179.27278106689454,146.14550827026366,0.019577649084742372,192.32470703125,-5.405828473574506,177898258.0,False
2025-10-24,NVDA,183.60580497197222,187.23118563906056,183.26624175096782,186.02272033691406,131296700,0.022507573914282597,12.023824123888431,179.35767791748046,146.375966796875,0.02010213138078015,192.32470703125,-3.2767431660831567,177933112.0,False
2025-10-27,NVDA,189.74798924630224,191.75542334831323,188.18996363054165,191.24607849121094,153452700,0.02807914078902085,12.38952191507454,179.5783999633789,146.6326919555664,0.020867099756493895,192.32470703125,-0.5608372198709762,177870122.0,False
2025-10-28,NVDA,192.80410966447576,202.89123585796654,191.66556232510956,200.77394104003906,297986200,0.04981991068259206,13.056586700966163,179.95852111816407,146.95802505493165,0.022928864981323207,200.77394104003906,0.0,181189686.0,True
2025-10-29,NVDA,207.715080745974,211.9197249544373,204.51915980095313,206.77627563476562,308829600,0.0298959843276152,13.476822196678011,180.58591918945314,147.32674980163574,0.023121439966718175,206.77627563476562,0.0,183661694.0,True
2025-10-30,NVDA,204.88867704045037,205.89740027142088,201.1534507471854,202.63156127929688,178864400,-0.020044438573744605,13.186642423413677,181.1352166748047,147.6820901489258,0.023770925011208772,206.77627563476562,-2.004443857374464,182936128.0,False
2025-10-31,NVDA,206.18701808603035,207.70508615602077,201.81260775338424,202.23207092285156,179802200,-0.0019715110218919696,13.158673301512277,181.68491333007813,148.01306632995605,0.023780514712074367,206.77627563476562,-2.197643176406084,183731354.0,False
2025-11-03,NVDA,207.81493866642379,211.07078042213968,205.29814450690722,206.61647033691406,180267300,0.021680040134361755,13.465633906938379,182.26217742919923,148.3792946624756,0.02397177679672526,206.77627563476562,-0.07728415523540563,183880912.0,False
2025-11-04,NVDA,202.7414122562426,203.71017785907821,197.67786326579136,198.43690490722656,188919300,-0.03958815778988811,12.892966109299747,182.63949890136718,148.68395599365235,0.025671089738555714,206.77627563476562,-4.033040396892104,184399042.0,True
2025-11-05,NVDA,198.51681234435117,202.66152000582164,194.40205001057666,194.9613494873047,171350300,-0.01751466251475131,12.649635496566484,182.90816131591797,148.95566284179688,0.026053121803391737,206.77627563476562,-5.713869306907313,184452284.0,False
2025-11-06,NVDA,196.169796348482,197.36826472822915,186.1425921093966,187.84042358398438,223029800,-0.03652480823530613,12.151085177572565,183.03780059814454,149.1606114959717,0.027017692734661074,206.77627563476562,-9.157652149721539,184202502.0,True
2025-11-07,NVDA,184.66447901682176,188.08013622996737,178.68211848431696,187.91033935546875,264942300,0.00037220833593964997,12.15598012110231,183.19740020751954,149.36516090393067,0.026694949749609353,206.77627563476562,-9.123839870595345,183865592.0,True
2025-11-10,NVDA,194.8614791513322,199.68532876518447,193.5431531870904,198.7964630126953,198897100,0.05793254216114918,12.91813949413931,183.69436340332032,149.64710662841796,0.02724045142417539,206.77627563476562,-3.859152892455257,182978376.0,True
2025-11-11,NVDA,194.91140808059743,195.17107140540628,191.05632435423007,192.91395568847656,176483300,-0.029590603550341266,12.506293346209887,184.1415856933594,150.02045944213867,0.027625298242409273,206.77627563476562,-6.704018584208589,181884744.0,False
2025-11-12,NVDA,195.4706988945922,195.64048052491762,190.88654915774768,193.5531463623047,154935300,0.003313345950255231,12.55104436857151,184.60478729248047,150.34423698425292,0.02557427407982006,206.77627563476562,-6.394896722009491,181694952.0,False
2025-11-13,NVDA,190.80662838449902,191.1961309619508,183.61580336420005,186.62196350097656,207423100,-0.03581023089314139,12.06577834088976,184.90859283447264,150.6597691345215,0.02699084796331656,206.77627563476562,-9.746917083170679,183010012.0,True
2025-11-14,NVDA,182.62706393415107,190.76667594021126,180.34996953708986,189.92774963378906,186591900,0.017713810694073073,12.297223064991002,185.37119049072265,150.98708728790282,0.027139823850687667,206.77627563476562,-8.14819105782549,182253022.0,True
2025-11-17,NVDA,185.73310233977776,188.75924133892028,184.08521029684528,186.3623046875,173628900,-0.018772638296214228,12.047599106047848,185.7367141723633,151.31944412231445,0.027497599342117488,206.77627563476562,-9.872491843949911,182450218.0,False
2025-11-18,NVDA,183.14641371605563,184.5646030780414,179.42115405263684,181.1289825439453,213598900,-0.028081441428459142,11.68120371596935,185.94863677978515,151.64265884399413,0.028224602194036278,206.77627563476562,-12.403402185327007,183571228.0,True
2025-11-19,NVDA,184.5546024199349,187.62069907956393,182.5971076589588,186.28240966796875,247246400,0.028451698075282472,12.04200549532726,186.13240234375,151.9817056274414,0.02881812799819362,206.77627563476562,-9.911130231881984,183979116.0,True
2025-11-20,NVDA,195.70039225393623,195.7503316108911,179.62090987236718,180.40989685058594,343504800,-0.03152478448099327,11.630859082887138,186.20171356201172,152.26053592681885,0.02969943265541232,206.77627563476562,-12.751162435458173,187826026.0,True
2025-11-21,NVDA,181.00913979899244,184.32490281868388,172.70971237567008,178.6521453857422,346926200,-0.00974309888497693,11.50779537384036,186.22288665771484,152.51135623931884,0.029688905905224425,206.77627563476562,-13.601236487448794,192266330.0,True
2025-11-24,NVDA,179.2613745727385,183.26626122561635,176.25519889972114,182.31747436523438,256618300,0.02051656850567385,11.764412414482706,186.3187643432617,152.77471179962157,0.029615021663997074,206.77627563476562,-11.828630337038023,194457464.0,True
2025-11-25,NVDA,174.68719385821646,177.93305383278917,169.33402110596253,177.59349060058594,320600300,-0.02591075694250211,11.433676826897187,186.37748931884767,152.99582523345947,0.029348374890038734,206.77627563476562,-14.11321726566253,198054714.0,True
2025-11-26,NVDA,181.3986455127995,182.67701383620675,178.01296428701193,180.03038024902344,183852000,0.013721728427074753,11.604288363665884,186.57663543701173,153.23296726226806,0.02706102203074522,206.77627563476562,-12.934702157506775,197494878.0,False
2025-11-28,NVDA,178.7819702942556,179.0616124091028,176.27517303639212,176.7745361328125,121332800,-0.018084970501686226,11.376340180414239,186.59181579589844,153.46211780548094,0.02598646419834033,206.77627563476562,-14.509275500708787,196086268.0,False
2025-12-01,NVDA,174.53739527000454,180.07034727044882,173.45876908321011,179.69082641601562,188131000,0.016497230579703537,11.580515518103383,186.6567333984375,153.68513080596924,0.02629911142969515,206.77627563476562,-13.098915306218078,195105246.0,False
2025-12-02,NVDA,181.52845696763603,185.42349804109853,179.77070445469002,181.22885131835938,182632200,0.008559284483354412,11.688195729370085,186.61378814697267,153.89806034088136,0.02646715754027772,206.77627563476562,-12.355104200411917,193365150.0,False
2025-12-03,NVDA,180.8493441127912,182.21759414523953,178.88185225801445,179.36123657226562,165138000,-0.010305283802814369,11.557440271433268,186.63695861816407,154.0989059829712,0.02577379534290716,206.77627563476562,-13.258309725494769,192816718.0,False
2025-12-04,NVDA,181.3987504426599,184.2952268834804,179.74078419330877,183.1566162109375,167364900,0.021160534523537944,11.823162419824198,186.76519958496092,154.319577293396,0.025266588781536772,206.77627563476562,-11.42280919381107,193292734.0,False
2025-12-05,NVDA,183.66598269849337,184.43504894381925,180.6896172324408,182.1877899169922,143971100,-0.005289605770121497,11.755332945897091,186.85968200683592,154.53101100921631,0.025067738318172685,206.77627563476562,-11.891347613400644,192340422.0,False
2025-12-08,NVDA,182.41751577930148,187.7709870845105,182.17780264974235,185.323974609375,204378100,0.017214022376646154,11.974903532649336,187.0069009399414,154.78648334503174,0.024193815616995618,206.77627563476562,-10.374643299641583,193456510.0,True
2025-12-09,NVDA,185.33395229946427,185.4937610485011,183.09669077375298,184.7446746826172,144719700,-0.003125876875773148,11.93434558173124,187.06942687988283,155.05977809906005,0.0242005289931371,206.77627563476562,-10.654801129634153,192489634.0,False
2025-12-10,NVDA,184.74467463147755,185.2540478736652,181.8182359713298,183.55612182617188,162785400,-0.006433489130266867,11.851132610024056,187.0137026977539,155.34535289764403,0.0201653595393381,206.77627563476562,-11.229602495408187,191005722.0,False
2025-12-11,NVDA,180.060377409269,181.09911899111663,176.40483245042134,180.70957946777344,182136600,-0.015507749510496383,11.651840464581632,186.8878643798828,155.5934796524048,0.01948021074600168,206.77627563476562,-12.606231583856593,191171556.0,False
2025-12-12,NVDA,180.88937065842447,182.59729422559735,174.40727135263347,174.80679321289062,204274900,-0.03266449001911087,11.238574548002923,186.61101226806642,155.86765949249266,0.02046142342384233,206.77627563476562,-15.460904460018199,192520938.0,True
2025-12-15,NVDA,177.7232402429772,178.20265125135413,174.8167814768023,176.0752410888672,164775600,0.0072562847968487,11.327381130430696,186.38489685058593,156.1243671798706,0.01930664538248622,206.77627563476562,-14.847464706312094,193064512.0,False
2025-12-16,NVDA,176.0452813318811,178.27257580423,174.68693742218818,177.50350952148438,148588100,0.008111693749698334,11.42737707089656,186.22889404296876,156.44243522644044,0.01891144619881216,206.77627563476562,-14.15673341799932,192882712.0,False
2025-12-17,NVDA,175.88548356566727,175.91544580087532,170.10252832729947,170.7317657470703,222775500,-0.03814991485334229,10.953273693791477,185.94744354248047,156.717008934021,0.020149384269582883,206.77627563476562,-17.43164672883541,194536462.0,True
2025-12-18,NVDA,174.3173807251694,175.93540231223645,171.6106906687844,173.9278564453125,176096000,0.018719953397407174,11.177038420285706,185.64861846923827,157.0010228729248,0.01993609192794579,206.77627563476562,-15.885971003498561,195455004.0,False
2025-12-19,NVDA,176.45477147838753,181.2289470656948,176.12517166919682,180.76951599121094,324925900,0.039336191946053534,11.656036740920534,185.4175146484375,157.3528448867798,0.020879438808003123,206.77627563476562,-12.577245413536275,198293578.0,True
2025-12-22,NVDA,183.6959478478248,183.935660967629,182.1278683380167,183.4662322998047,129064400,0.014917981573424388,11.844839263814169,185.42830535888672,157.70756633758546,0.019948032666109918,206.77627563476562,-11.273074371517398,195499378.0,False
2025-12-23,NVDA,182.7471036477755,189.099356383118,182.67718160782493,188.97950744628906,174873600,0.030050626087284815,12.230834725682323,185.44629302978515,158.11836158752442,0.0207513498207108,206.77627563476562,-8.606774705581536,195927194.0,False
2025-12-24,NVDA,187.71105179508496,188.67987134928,186.36269028434322,188.38023376464844,65528500,-0.0031711040511148703,12.18887837208408,185.61788452148437,158.51727367401122,0.02038561557460251,206.77627563476562,-8.896592132557121,193124936.0,False
2025-12-26,NVDA,189.68863982420257,192.45526970950266,187.7709805748158,190.2978973388672,139740300,0.010179749413702144,12.323137848959691,185.83182373046876,158.89087299346923,0.019435613204726088,206.77627563476562,-7.969182269732254,191630732.0,False
2025-12-29,NVDA,187.4813341773615,188.53004285167208,185.68352392965699,187.99070739746094,120006100,-0.012124095818556446,12.161606849075067,185.9600695800781,159.25373527526855,0.0195722143959899,206.77627563476562,-9.084972722154127,190436388.0,False
2025-12-30,NVDA,188.01069817319677,188.75978454971104,186.70228116711607,187.31153869628906,97687300,-0.00361277804937421,12.114056884756236,186.04656799316408,159.582794342041,0.01906890286672095,206.77627563476562,-9.413428537061785,188927430.0,False
2025-12-31,NVDA,189.33907943283364,190.32786369396138,186.26282955778902,186.27281188964844,120100500,-0.005545450183530032,12.041333535597841,186.12387725830078,159.91734477996826,0.018890837320390777,206.77627563476562,-9.91577185640629,188758546.0,False
